@id,@lat,@lon,name,highway,public_transport,operator,shelter,official_status
244527514,5.3462979,-3.9927755,Devant Campus,bus_stop,platform,,no,unofficial
768587345,5.3164002,-4.0892201,Terminus 27 Niangon Sud à Gauche,bus_stop,platform,SOTRA,no,official
768587373,5.3198813,-4.0803926,Pharmacie St Martin,bus_stop,platform,SOTRA,,official
775786985,5.3312269,-3.9578180,Carrefour Philadelphie,bus_stop,platform,,,unofficial
1227889258,5.3158647,-4.0148847,Gare lagunaire Aqualines du Plateau,,platform,,,
2381298633,5.3608351,-4.0171229,Agban Gendarmerie,bus_stop,platform,SOTRA,no,official
2444131222,5.3442390,-4.0182667,Fraternité Matin,bus_stop,platform,SOTRA,yes,official
2460519991,5.3423405,-4.0732826,Terminus Saint André,bus_stop,platform,SOTRA,yes,official
2493226931,5.3413464,-4.0238611,Mission Libanaise Adjamé,bus_stop,platform,SOTRA,no,official
2493730483,5.2942027,-3.9551669,Gare Koumassi,bus_stop,platform,SOTRA,yes,official
2578019447,5.4072226,-3.9998706,Gare de Woro-Woro d’Abobo,bus_stop,platform,,,
2760843854,5.3121054,-3.9451593,Terminus 56 Koumassi Nord-Est,bus_stop,platform,SOTRA,,official
2902894063,5.3538554,-4.0165540,Gare de wôrô-wôrô de Williamsville,bus_stop,platform,Divers,,
2948146673,5.3396167,-4.0832298,Terminus 47 Yopougon Attié,bus_stop,platform,SOTRA,no,official
2960509028,5.3599225,-3.8901606,École Régionale d’Agriculture,bus_stop,platform,,,unofficial
3040900026,5.3577164,-3.9644733,9 Kilo,bus_stop,platform,,,unofficial
3067761599,5.3396157,-4.0912463,Carrefour Obama,bus_stop,platform,SOTRA,,official
3067766555,5.3400523,-4.0973501,Mosquée du Maroc,bus_stop,platform,SOTRA,,official
3075945505,5.3423254,-4.0738295,Paroisse St André,bus_stop,platform,SOTRA,no,official
3137208051,5.3427541,-4.0668084,Mairie Selmer,bus_stop,platform,SOTRA,,official
3137217828,5.3436761,-4.0709484,Lycée Williams Ponty,bus_stop,platform,SOTRA,no,official
3137243386,5.3446768,-4.0679411,Mairie Selmer Yopougon,bus_stop,platform,Sotra,no,official
3142681418,5.3807202,-3.9644698,,bus_stop,platform,,,
3145728412,5.3531115,-3.9795680,Carrefour Riviera 2,bus_stop,platform,SOTRA,,official
3218806159,5.3117002,-3.9487192,Ancien Terminus 32,bus_stop,platform,SOTRA,no,official
3326195828,5.3368705,-4.0037743,Cité Rouge Cocody,bus_stop,platform,SOTRA,no,official
3666057101,5.3470567,-4.0884501,Pharmacie Port-Bouët 2,bus_stop,platform,SOTRA,,official
3950172145,5.3493487,-4.0734515,Figayo,bus_stop,platform,SOTRA,,official
3992199166,5.3005989,-3.9892884,Grand Carrefour de Marcory,bus_stop,platform,,,unofficial
4029208102,5.3616655,-3.9973725,ENA,bus_stop,platform,SOTRA,yes,official
4107240891,5.2742845,-3.9787018,Pressing Biétry,bus_stop,platform,SOTRA,yes,official
4411562346,5.3296306,-4.0613730,Terminus Phalènes,bus_stop,platform,SOTRA,,official
4819697544,5.3159469,-4.0896320,Gare Azito,bus_stop,platform,,,
4858065722,5.3485624,-4.0038811,Gare Plateau de la vie,bus_stop,platform,,,
4999458824,5.2948647,-4.0040710,Terminus CHU de Treichville,bus_stop,platform,SOTRA,no,official
5057165424,5.3022132,-4.0117600,Ex Pharmacie Mockey,bus_stop,platform,SOTRA,,official
5057297311,5.3369029,-4.0039817,Cité Rouge Cocody,bus_stop,platform,SOTRA,no,official
5068855021,5.4158358,-3.9933103,Terminus Abobo Baoulé,bus_stop,platform,SOTRA,yes,
5143730222,5.3283220,-3.9407850,Terminus 28-41-702,bus_stop,platform,SOTRA,,official
5143751833,5.3284404,-3.9410460,Terminus 28-41-702,bus_stop,platform,SOTRA,,official
5281604034,5.3437686,-4.0711802,Lycée Williams Ponty,bus_stop,platform,SOTRA,no,official
5390465849,5.3078259,-4.0374018,Gare lagunaire Aqualines Yopougon,,platform,,,
5414376221,5.3555889,-4.0205264,Eglise Universelle,bus_stop,platform,SOTRA,,official
5739489700,5.3415108,-4.0623610,Complexe sportif Yopougon,bus_stop,platform,SOTRA,,official
5927302128,5.3493427,-4.0732080,Figayo,bus_stop,platform,SOTRA,,official
5934409413,5.3419853,-4.1003725,Banque Atlantique,bus_stop,platform,SOTRA,,official
5936892363,5.3672637,-4.1023177,Terminus Gesco,bus_stop,platform,SOTRA,,official
5953580661,5.3802148,-3.9673260,Pharmacie Val de Grace,bus_stop,platform,,,official
5953580666,5.3695413,-3.9587073,Pharmacie du bonheur,bus_stop,platform,,,
5953580667,5.3618751,-3.9593077,Carrefour Palmeraie,bus_stop,platform,SOTRA,,official
5954541438,5.3358519,-3.9767958,Ambassade des USA,bus_stop,platform,,,
5954541440,5.3492831,-4.0024723,La Vie,bus_stop,platform,,,official
5957239660,5.4123045,-3.9817876,Carrefour Château,bus_stop,platform,,,
5957239661,5.4044759,-3.9908200,Angré Petro Ivoire,bus_stop,platform,,,
5957239662,5.3989563,-3.9915292,Pharmacie Angre,bus_stop,platform,SOTRA,,official
5957239665,5.3615936,-3.9975968,ENA,bus_stop,platform,SOTRA,,official
5957239666,5.3285780,-4.0050058,Ambassade Allemagne,bus_stop,platform,SOTRA,,official
5957239667,5.3223289,-4.0026166,Blockhauss,bus_stop,platform,,,
5958266385,5.3975314,-3.9860303,Pharmacie des Laureades,bus_stop,platform,,,
5958266386,5.3806539,-3.9881294,ESIT,bus_stop,platform,,no,
5958266387,5.3735181,-3.9843171,Commissariat 30e Arrondissement,bus_stop,platform,,,
5958266388,5.3701109,-3.9813021,Paroisse St Bernard,bus_stop,platform,,,
5958266389,5.3667415,-3.9795819,Djire Telecom,bus_stop,platform,,,official
5958266390,5.3573659,-3.9782153,Pharmacie St Ange,bus_stop,platform,,,official
5958266391,5.3558842,-3.9780178,Andre Malraux,bus_stop,platform,,,
5958266392,5.3541895,-3.9773239,Terminus 705 Riviera 2,bus_stop,platform,,,
5969971283,5.4412099,-4.0438867,Gare TCV internationale,bus_stop,platform,,,
5969971284,5.4410557,-4.0438713,Malex transport Abobo,bus_stop,platform,,,
5969980985,5.4408594,-4.0438036,Gare de Doropo CTDD,bus_stop,platform,,,
5969980986,5.4406845,-4.0437855,CITR Gare,bus_stop,platform,,,
5970004128,5.4411411,-4.0420555,UTB,bus_stop,platform,,,
5970004130,5.4410230,-4.0426737,Gare KTI,bus_stop,platform,,,
5970004131,5.4409742,-4.0428038,Gare Transport Sana Rasmane,bus_stop,platform,,,
5970092069,5.4419835,-4.0421976,Banco gare internationale,bus_stop,platform,,,
5970092070,5.4419535,-4.0423733,GTT Gare de Bondoukou,bus_stop,platform,,,
5970092071,5.4418914,-4.0426288,LC Gare Abidjan Odienné,bus_stop,platform,,,
5970092072,5.4418694,-4.0428641,Gare Internationale Bembeya,bus_stop,platform,,,
5970117203,5.4416645,-4.0421560,Gare d'Akoupé,bus_stop,platform,,,
5970117204,5.4416578,-4.0422486,Gare d'Adzopé,bus_stop,platform,,,
5970117205,5.4416498,-4.0423143,Gare d'Agboville,bus_stop,platform,,,
5970117206,5.4416284,-4.0424377,Gare de Agnibilékro,bus_stop,platform,,,
5970117207,5.4416191,-4.0424846,Gare de Bondoukou,bus_stop,platform,,,
5970179320,5.4409429,-4.0429339,Africa Tours Transport,bus_stop,platform,,,
5970179322,5.4410497,-4.0425068,Gare de Dabakala SD DF,bus_stop,platform,,,
5970179324,5.4410610,-4.0423666,Gare MTK,bus_stop,platform,,,
5970201534,5.4415764,-4.0426670,SBTA International,bus_stop,platform,,,
5970201535,5.4415483,-4.0428454,SABE transport,bus_stop,platform,,,
5970201536,5.4414722,-4.0429473,International Rambo Transport,bus_stop,platform,,,
5972785307,5.4411491,-4.0423679,KF Transport,bus_stop,platform,,,
5972785308,5.4411745,-4.0421923,Abass Transport,bus_stop,platform,,,
5972785309,5.4412012,-4.0420420,Pelessi Transport,bus_stop,platform,,,
5972785310,5.4419695,-4.0422647,Bani Transport International,bus_stop,platform,,,
5972785311,5.4416805,-4.0420863,KFT Transport,bus_stop,platform,,,
5972785313,5.4415350,-4.0422318,UTRAKO Transport,bus_stop,platform,,,
5972785314,5.4414949,-4.0423927,YT Transport,bus_stop,platform,,,
5972785315,5.4414482,-4.0426442,GDF Transport,bus_stop,platform,,,
5972785316,5.4411158,-4.0425148,Rahimo Transport,bus_stop,platform,,,
5972785317,5.4413921,-4.0428856,Groupe Sito CMTM Transport,bus_stop,platform,,,
5972785318,5.4410183,-4.0429969,MT Transport,bus_stop,platform,,,
6098848385,5.3247785,-4.0207447,Externat St Paul,bus_stop,platform,SOTRA,yes,official
6136850508,5.3238429,-4.0205724,Terminus Hôtel de Ville,bus_stop,platform,SOTRA,yes,official
6136858285,5.3226718,-4.0205491,Terminus Hôtel de Ville,bus_stop,platform,SOTRA,yes,official
6195348341,5.3317403,-4.0213220,CCIA,bus_stop,platform,SOTRA,,official
6281030720,5.4148488,-4.0333199,Terminus Sagbé,bus_stop,platform,SOTRA,no,official
6474137921,5.4351428,-4.0144508,Cité Universitaire Abobo,bus_stop,platform,SOTRA,no,official
6474137923,5.4363019,-4.0125365,BICICI,bus_stop,platform,SOTRA,no,official
6474137925,5.4382745,-4.0147435,Carrefour Akéikoi,bus_stop,platform,SOTRA,no,official
6474137927,5.4380618,-4.0192416,Centre Prière Evangelique CPERES,bus_stop,platform,SOTRA,no,official
6474137929,5.4356153,-4.0202585,Camp Commando Abobo,bus_stop,platform,SOTRA,,official
6474137931,5.4305459,-4.0200587,Station Shell,bus_stop,platform,SOTRA,,official
6474137932,5.4263959,-4.0198488,Pharmacie Etoile,bus_stop,platform,SOTRA,,official
6474137934,5.4234101,-4.0187446,Pharmacie la Mé,bus_stop,platform,SOTRA,,official
6474137936,5.4171616,-4.0166455,Collège St Joseph,bus_stop,platform,SOTRA,no,official
6474137938,5.4131162,-4.0159750,Arrêt BANCO,bus_stop,platform,SOTRA,no,official
6474137940,5.4088631,-4.0160118,Arrêt ANADOR,bus_stop,platform,SOTRA,no,official
6474137942,5.3926470,-4.0207427,Université Nangui Abrogoua,bus_stop,platform,SOTRA,yes,official
6474137944,5.3774413,-4.0254483,MACACI,bus_stop,platform,SOTRA,no,official
6474137946,5.3592555,-4.0276664,Gare Nord,bus_stop,platform,SOTRA,yes,official
6474137948,5.3591608,-4.0274455,Gare Nord,bus_stop,platform,SOTRA,,official
6474137950,5.3533294,-4.0257308,Mosquée Adjamé,bus_stop,platform,SOTRA,,official
6474137952,5.3477196,-4.0256469,EPP Satigui,bus_stop,platform,SOTRA,,official
6474137954,5.3431728,-4.0260090,Mairie Adjamé,bus_stop,platform,SOTRA,yes,official
6474137956,5.3312372,-4.0238205,Gare Cité Administrative,bus_stop,platform,SOTRA,,official
6474137958,5.3278684,-4.0238402,Immeuble Sogefiha Plateau,bus_stop,platform,SOTRA,,official
6474137967,5.3145043,-4.0181049,Gare Sud,bus_stop,platform,SOTRA,yes,official
6474137979,5.3177648,-4.0196849,PTT Plateau,bus_stop,platform,SOTRA,yes,official
6474137980,5.3225705,-4.0197518,Galerie du Parc,bus_stop,platform,SOTRA,yes,official
6474137981,5.3338581,-4.0246637,Musée du Plateau,bus_stop,platform,SOTRA,,official
6474137982,5.3385734,-4.0260408,INSP,bus_stop,platform,SOTRA,,official
6474137983,5.3434534,-4.0260470,Mairie Adjamé,bus_stop,platform,SOTRA,,official
6474137984,5.3455045,-4.0258809,Forum,bus_stop,platform,SOTRA,,official
6474138985,5.3505092,-4.0255492,Pharmacie Banco,bus_stop,platform,SOTRA,,official
6474138986,5.3535193,-4.0259256,Mosquée Adjamé,bus_stop,platform,SOTRA,,official
6474138987,5.3586829,-4.0280990,Gare Nord,bus_stop,platform,SOTRA,,official
6474138988,5.3765166,-4.0264129,Macaci,bus_stop,platform,SOTRA,,official
6474138989,5.3907204,-4.0210182,Filtisac,bus_stop,platform,SOTRA,yes,official
6474138990,5.4084091,-4.0163458,Anador,bus_stop,platform,SOTRA,no,official
6474138991,5.4136529,-4.0162151,Banco,bus_stop,platform,SOTRA,,official
6474138992,5.4184158,-4.0173257,Collège St Joseph,bus_stop,platform,SOTRA,no,official
6474138993,5.4237088,-4.0190791,Pharmacie la Mé,bus_stop,platform,SOTRA,yes,official
6474138994,5.4315506,-4.0202310,Station Shell,bus_stop,platform,SOTRA,,official
6474138995,5.4363436,-4.0203886,DGI,bus_stop,platform,SOTRA,,official
6474138996,5.4382274,-4.0189201,Ancien SODECI,bus_stop,platform,SOTRA,no,official
6474138997,5.4383936,-4.0138587,Carrefour Akéikoi,bus_stop,platform,,,
6474138999,5.3149589,-4.0190673,Gare Sud,bus_stop,platform,SOTRA,no,official
6474139033,5.4354931,-4.0154262,Gare Sotra Abobo,bus_stop,platform,SOTRA,yes,official
6815808830,5.3580852,-3.9641507,Station Shell Riviera 3,bus_stop,platform,,,
6815808832,5.3802452,-3.9672641,Pharmacie Val de Grace,bus_stop,platform,,,
6815808833,5.3865761,-3.9744202,CNPS Angre,bus_stop,platform,,,official
6815808834,5.4010646,-3.9780418,Pharmacie 8e Tranche/ Marché Cocovico,bus_stop,platform,,,unofficial
6815808839,5.3738506,-3.9618125,Arrêt Quick Marcket,bus_stop,platform,SOTRA,,official
6815808840,5.3737728,-3.9618581,Arrêt Quick Marcket,bus_stop,platform,SOTRA,,official
6815808841,5.3776576,-3.9634252,Commissariat 35è Art.,bus_stop,platform,,,
6815808843,5.3864094,-3.9744900,CNPS Angre,bus_stop,platform,,,official
6815808845,5.3698522,-3.9586317,Pharmacie du Bonheur,bus_stop,platform,SOTRA,,official
6815808846,5.3832198,-3.9725215,Groupe scolaire St Marc,bus_stop,platform,,,official
6815808847,5.3833082,-3.9725091,Groupe Scolaire St Marc,bus_stop,platform,,,
6819328985,5.2825990,-3.9692172,CIE BIA SUD,bus_stop,platform,SOTRA,,official
6819329085,5.2892136,-3.9707407,Terminus Grd Carrefour Koumassi,bus_stop,platform,SOTRA,yes,official
6819329086,5.2921087,-3.9741109,Hôtel Ibis Marcory,bus_stop,platform,SOTRA,yes,official
6819329185,5.2916293,-3.9736910,Hôtel Ibis Marcory,bus_stop,platform,SOTRA,,official
6819329285,5.3008179,-3.9896513,Chimtec Grd Carrefour Marcory,bus_stop,platform,SOTRA,,official
6820855647,5.3310014,-3.9728755,Golf Hotel,bus_stop,platform,,,
6820855648,5.3309390,-3.9730680,Golf Hotel,bus_stop,platform,,,
6831076677,5.3327640,-4.0216050,Cathédrale Saint Paul,bus_stop,platform,SOTRA,yes,official
6831076678,5.3302749,-4.0205625,Palais de Justice,bus_stop,platform,SOTRA,,official
6831076682,5.3148704,-4.0185085,Gare Sud,bus_stop,platform,SOTRA,yes,official
6832290086,5.2989253,-3.9867655,CAP SUD Marcory,bus_stop,platform,SOTRA,yes,official
6899034705,5.3003331,-4.0027516,Gare de Bassam,bus_stop,platform,,,unofficial
6899034707,5.3048080,-4.0043225,Notre-dame,bus_stop,platform,SOTRA,,official
6899034708,5.3072484,-4.0051860,Pharmacie Nanan Yamousso,bus_stop,platform,,,unofficial
6899034709,5.3099574,-4.0061407,Descente du Pont,bus_stop,platform,,,unofficial
6899034710,5.3534116,-4.0160603,Adjamé Liberté - 220 logements,bus_stop,platform,,,unofficial
6899053345,5.3534437,-4.0148580,Adjamé Liberté,bus_stop,platform,,,unofficial
6899053347,5.3251137,-4.0152171,Feux du plateau,bus_stop,platform,,,unofficial
6899053348,5.3101491,-4.0061218,Nanan Yamousso,bus_stop,platform,,,unofficial
6899053349,5.3003494,-4.0026642,Gare de Bassam,bus_stop,platform,,,unofficial
6899241573,5.4200067,-4.0174383,Abobo Gare Mairie,bus_stop,platform,,no,unofficial
6899241574,5.4143755,-4.0159818,Mobil,bus_stop,platform,,no,unofficial
6899241575,5.3853061,-4.0212491,Préfecture de police d'Abidjan,bus_stop,platform,,no,unofficial
6899241576,5.3801404,-4.0240029,Ancien Garage,bus_stop,platform,,no,unofficial
6899241577,5.3543459,-4.0164004,Adjamé Liberté,bus_stop,platform,,no,unofficial
6899264970,5.3491070,-4.0212174,Marché Gouro,bus_stop,platform,,no,unofficial
6899264971,5.3547170,-4.0163751,Adjamé Liberté,bus_stop,platform,,no,unofficial
6899264972,5.3584993,-4.0166089,Station Total,bus_stop,platform,,no,unofficial
6899264973,5.4215493,-4.0171184,Abobo Gare Mairie,bus_stop,platform,,no,unofficial
6902638988,5.4195759,-4.0153363,Carrefour Marché,bus_stop,platform,,no,unofficial
6902638989,5.4186018,-4.0135361,Petro Ivoire,bus_stop,platform,,no,unofficial
6902638990,5.4168519,-4.0101975,Au Bar,bus_stop,platform,,no,unofficial
6902638991,5.4158204,-4.0081118,Petit Carrefour,bus_stop,platform,,no,unofficial
6902638992,5.4152338,-4.0067032,Samaké,bus_stop,platform,,no,unofficial
6902638993,5.3995011,-4.0064914,Azur,bus_stop,platform,,no,unofficial
6902638994,5.3780522,-4.0070352,Panneau ZOO,bus_stop,platform,,no,unofficial
6902638995,5.4197843,-4.0157753,Abobo Gare Mairie,bus_stop,platform,,no,unofficial
6902638996,5.4176548,-4.0117095,Ciné Cool,bus_stop,platform,,no,unofficial
6902638997,5.4144283,-4.0062697,Boulangerie Samaké,bus_stop,platform,,no,unofficial
6902638998,5.4108630,-4.0062877,Menuiserie,bus_stop,platform,,no,unofficial
6902638999,5.4101067,-4.0063067,Tchapatcha,bus_stop,platform,,no,unofficial
6902639000,5.4092677,-4.0063409,Chaîne Avion,bus_stop,platform,,no,unofficial
6902639001,5.4051188,-4.0063993,Pharmacie Dokui,bus_stop,platform,,no,unofficial
6902639002,5.4036347,-4.0064176,SODECI,bus_stop,platform,,no,unofficial
6902639003,5.4020967,-4.0064567,Etage Noir,bus_stop,platform,,no,unofficial
6902639004,5.4001879,-4.0064867,Azur Mobil,bus_stop,platform,,no,unofficial
6902639005,5.3968179,-4.0063530,Arrêt Dokui,bus_stop,platform,,no,unofficial
6902639006,5.3929293,-4.0057930,Ancien Feu,bus_stop,platform,,no,unofficial
6902639007,5.3872276,-4.0057320,Bangui,bus_stop,platform,,no,unofficial
6902639008,5.3851864,-4.0060126,Vidange,bus_stop,platform,,no,unofficial
6902639009,5.3829310,-4.0063262,HMA,bus_stop,platform,,no,unofficial
6902639010,5.3721147,-4.0118134,Carrefour paillet,bus_stop,platform,,no,unofficial
6902639011,5.3648625,-4.0159648,Carrefour 2 Plateaux,bus_stop,platform,,no,unofficial
6902639012,5.3553307,-4.0160732,Gare des gbakas d’Abobo par le zoo / Feu de Liberté,bus_stop,platform,,no,unofficial
6902868224,5.4185163,-4.0136202,Petro Ivoire,bus_stop,platform,,no,unofficial
6902868225,5.4176810,-4.0120423,Ciné Cool,bus_stop,platform,,no,unofficial
6902868226,5.4167583,-4.0103097,Au Bar,bus_stop,platform,,no,unofficial
6902868227,5.4052002,-4.0065175,Pharmacie Dokui,bus_stop,platform,,no,unofficial
6902868228,5.4036959,-4.0065466,SODECI,bus_stop,platform,,no,unofficial
6902868229,5.4021200,-4.0066315,Etage Noir,bus_stop,platform,,no,unofficial
6902868230,5.4002027,-4.0066275,Azur Mobil,bus_stop,platform,,no,unofficial
6902868231,5.3994577,-4.0066034,Azur,bus_stop,platform,,no,unofficial
6902868232,5.3965966,-4.0063898,Arrêt Dokui,bus_stop,platform,,no,unofficial
6902868233,5.3928327,-4.0058654,Ancien Feu,bus_stop,platform,,no,unofficial
6902868234,5.3872984,-4.0058536,Bangui,bus_stop,platform,,no,unofficial
6902868235,5.3853034,-4.0060952,Vidange,bus_stop,platform,,no,unofficial
6902868236,5.3829070,-4.0064118,HMA,bus_stop,platform,,no,unofficial
6902868237,5.3716859,-4.0122239,Carrefour paillet,bus_stop,platform,,no,unofficial
6902868238,5.3654050,-4.0159576,Carrefour 2 Plateaux,bus_stop,platform,,no,unofficial
6902868239,5.3633371,-4.0168128,Willy Agban,bus_stop,platform,,no,unofficial
6902868240,5.3668297,-4.0152077,Cimetière,bus_stop,platform,,no,unofficial
6902868241,5.3765337,-4.0094557,CIE,bus_stop,platform,,no,unofficial
6902868242,5.3789939,-4.0070149,ZOO,bus_stop,platform,,no,unofficial
6902868243,5.3900553,-4.0056173,Eglise,bus_stop,platform,,no,unofficial
6902868244,5.4132900,-4.0099567,Pharmacie Racines,bus_stop,platform,,no,unofficial
6902868245,5.4197639,-4.0160257,Abobo Gare Mairie,bus_stop,platform,,no,unofficial
6902975747,5.4500232,-4.0135154,Christine Bar,bus_stop,platform,,no,
6902975748,5.4607326,-4.0109926,Akéikoi Village,bus_stop,platform,,no,unofficial
6902975749,5.4589900,-4.0107733,À l'école,bus_stop,platform,,no,unofficial
6902975750,5.4552070,-4.0112928,Destin,bus_stop,platform,,no,unofficial
6902975751,5.4542173,-4.0119566,Carrefour Bonheur,bus_stop,platform,,no,unofficial
6902975752,5.4528753,-4.0128592,André Bar,bus_stop,platform,,no,
6902975753,5.4510493,-4.0133357,Carrefour Marché,bus_stop,platform,,no,unofficial
6902975754,5.4462490,-4.0143571,A l'étage,bus_stop,platform,,no,unofficial
6902975755,5.4394513,-4.0141843,Boulangerie,bus_stop,platform,,no,unofficial
6902975756,5.4384053,-4.0140378,Carrefour Akéikoi,bus_stop,platform,,no,unofficial
6902975757,5.4228885,-4.0160391,Gare Gbaka Akeïkoi,bus_stop,platform,,no,unofficial
6903084141,5.4510338,-4.0134417,Carrefour Marché,bus_stop,platform,,no,unofficial
6903084142,5.4530404,-4.0129173,André Bar,bus_stop,platform,,no,
6903084143,5.4542793,-4.0120751,Carrefour Bonheur,bus_stop,platform,,no,unofficial
6903097494,5.4385030,-4.0142825,Carrefour Akéikoi,bus_stop,platform,,no,unofficial
6903097495,5.4227497,-4.0160856,Abobo CIE,bus_stop,platform,,no,unofficial
6903097496,5.4230451,-4.0139450,Au tournant,bus_stop,platform,,no,unofficial
6903097497,5.4278175,-4.0146282,Au Lycée,bus_stop,platform,,no,unofficial
6903097498,5.4334550,-4.0124107,Carrefour Célibataire,bus_stop,platform,,no,unofficial
6903097499,5.4352003,-4.0124925,JAUG,bus_stop,platform,,no,unofficial
6903097500,5.4383233,-4.0135883,Cité,bus_stop,platform,,no,unofficial
6903097501,5.4490170,-4.0138345,Bangui,bus_stop,platform,,no,unofficial
6903097502,5.4500176,-4.0136373,Christine Bar,bus_stop,platform,,no,unofficial
6903097503,5.4552984,-4.0113400,Destin,bus_stop,platform,,no,unofficial
6903097504,5.4594779,-4.0109968,À l'École,bus_stop,platform,,no,unofficial
6903097505,5.4607464,-4.0110618,Akéikoi Village,bus_stop,platform,,no,unofficial
6903193216,5.4428776,-4.0143977,Carrefour Mosquée,bus_stop,platform,,no,unofficial
6903193217,5.4463551,-4.0144634,A l'étage,bus_stop,platform,,no,unofficial
6903268819,5.4219400,-4.0165181,Abobo Gare Mairie,bus_stop,platform,,no,unofficial
6903268820,5.4223082,-4.0163197,Gare Abobo Kennedy-Marché/ Mosquée Ado,bus_stop,platform,,no,unofficial
6903268821,5.4211585,-4.0100057,Station,bus_stop,platform,,no,unofficial
6903268822,5.4236887,-4.0015221,Kennedy Marché,bus_stop,platform,,no,unofficial
6903296476,5.4220774,-4.0116620,,bus_stop,platform,,no,unofficial
6903296477,5.4187150,-4.0059566,Carrefour Kennedy,bus_stop,platform,,no,unofficial
6903296478,5.4186661,-4.0059016,Carrefour Kennedy,bus_stop,platform,,no,unofficial
6903296479,5.4212535,-4.0038216,Makan Traoré,bus_stop,platform,,no,unofficial
6903296480,5.4236156,-4.0015453,Carrefour Marché,bus_stop,platform,,no,unofficial
6903296481,5.4236230,-4.0021714,A Gauche,bus_stop,platform,,no,unofficial
6903296482,5.4211780,-4.0038204,Makan Traoré,bus_stop,platform,,no,unofficial
6903347574,5.3286543,-3.9324488,Cocody Riviera M'badon,bus_stop,platform,,,unofficial
6903347575,5.3293417,-3.9332267,Nouveau marché,bus_stop,platform,,,unofficial
6903347576,5.3299690,-3.9339946,Ancien Marché,bus_stop,platform,,,unofficial
6903347577,5.3310541,-3.9353196,La ferme,bus_stop,platform,,,unofficial
6903347579,5.3354153,-3.9393712,Pharmacie Bonne Fortune,bus_stop,platform,,,unofficial
6903347580,5.3384154,-3.9427407,2 poteaux,bus_stop,platform,,,unofficial
6903347581,5.3399480,-3.9450320,Carrefour Antenne,bus_stop,platform,,,unofficial
6903347582,5.3459350,-3.9457017,Carrefour Akouédo / Synacassi 2,bus_stop,platform,,,unofficial
6903347583,5.3461351,-3.9471571,École,bus_stop,platform,,,unofficial
6903347584,5.3458036,-3.9505396,2ème rond-point,bus_stop,platform,,,unofficial
6903374200,5.4210882,-4.0100339,Station,bus_stop,platform,,no,unofficial
6903374201,5.4196516,-4.0072900,Immeuble Cercueil,bus_stop,platform,,no,unofficial
6903374202,5.4195942,-4.0074087,Immeuble Cercueil,bus_stop,platform,,no,unofficial
6903397403,5.4234508,-3.9978515,Mosquée Ado Kenedy,bus_stop,platform,,no,unofficial
6903397404,5.4215774,-3.9978489,À l'école,bus_stop,platform,,no,unofficial
6903397405,5.4198617,-3.9979409,,bus_stop,platform,,no,unofficial
6903397406,5.4185867,-3.9980283,Dahico,bus_stop,platform,,no,unofficial
6903397407,5.4157689,-3.9992242,Etage Noir,bus_stop,platform,,no,unofficial
6903406997,5.4155665,-4.0059528,Samaké,bus_stop,platform,,no,unofficial
6903406998,5.4156012,-4.0037563,Eglise,bus_stop,platform,,no,unofficial
6903504058,5.4155167,-4.0037625,Eglise,bus_stop,platform,,no,unofficial
6903504059,5.4155473,-4.0006941,Monastère,bus_stop,platform,,no,unofficial
6903504060,5.4154526,-4.0008035,Monastère,bus_stop,platform,,no,unofficial
6903504061,5.4157731,-3.9994030,Etage Noir,bus_stop,platform,,no,unofficial
6903504062,5.4185995,-3.9981732,Dahico,bus_stop,platform,,no,unofficial
6903525051,5.4337335,-4.0270285,Hôtel du centre,bus_stop,platform,,no,unofficial
6903525052,5.4374609,-4.0342201,À la Pompe,bus_stop,platform,,no,unofficial
6903525053,5.4377181,-4.0360617,Dépôt 9,bus_stop,platform,,no,unofficial
6903525054,5.4390697,-4.0444772,Anokoi,bus_stop,platform,,no,unofficial
6903525055,5.4393030,-4.0444823,Anokoi,bus_stop,platform,,no,unofficial
6903525056,5.4422398,-4.0478558,Marahoué,bus_stop,platform,,no,unofficial
6903525057,5.4440562,-4.0488160,Agripac,bus_stop,platform,,no,unofficial
6903525058,5.4477750,-4.0509604,Ancien Terminus,bus_stop,platform,,no,unofficial
6903525059,5.4479797,-4.0508555,Ancien Terminus,bus_stop,platform,,no,unofficial
6903525060,5.4455021,-4.0494035,Boulangerie/ Délice de france,bus_stop,platform,,no,unofficial
6903525061,5.4420449,-4.0474964,Marahoué,bus_stop,platform,,no,unofficial
6903525062,5.4379717,-4.0360937,Dépôt 9,bus_stop,platform,,no,unofficial
6903525063,5.4376070,-4.0338547,À la Pompe,bus_stop,platform,,no,unofficial
6903525064,5.4366110,-4.0302117,Marché de Nuit,bus_stop,platform,,no,unofficial
6903525065,5.4336774,-4.0266814,Hôtel du centre,bus_stop,platform,,no,unofficial
6903525066,5.4217034,-4.0181910,Abobo Gare,bus_stop,platform,,no,unofficial
6903535584,5.3489387,-4.0206447,Carrefour Complexe,bus_stop,platform,,,unofficial
6903544086,5.3503224,-4.0224450,Gare en haut,bus_stop,platform,,,unofficial
6903544087,5.3480906,-4.0179138,Maternité Thérese,bus_stop,platform,,,unofficial
6903544088,5.3521055,-4.0141630,Adjamé Liberté,bus_stop,platform,,,unofficial
6903544090,5.3301187,-3.9339759,Ancien Marché,bus_stop,platform,,,unofficial
6903602207,5.4263194,-4.0203724,Abobo Gendarmerie,bus_stop,platform,,no,unofficial
6903602208,5.4298659,-4.0233855,Mosquée Blanche,bus_stop,platform,,no,unofficial
6903602209,5.4330640,-4.0261321,Solibra,bus_stop,platform,,no,unofficial
6903602210,5.4359018,-4.0288895,Château,bus_stop,platform,,no,unofficial
6903602211,5.4383375,-4.0383548,A l'escalier,bus_stop,platform,,no,unofficial
6903602212,5.4497748,-4.0521700,PK 18 ancien marché,bus_stop,platform,,no,unofficial
6903602213,5.4220421,-4.0184916,Abobo Gare,bus_stop,platform,,no,unofficial
6903602214,5.4260466,-4.0204342,Abobo Gendarmerie,bus_stop,platform,,no,unofficial
6903602215,5.4265240,-4.0208376,Gendarmerie Avant le Feu,bus_stop,platform,,no,unofficial
6903602216,5.4299853,-4.0238003,Mosquée Blanche,bus_stop,platform,,no,unofficial
6903602217,5.4330244,-4.0263923,Solibra,bus_stop,platform,,no,unofficial
6903602218,5.4357519,-4.0290698,Château,bus_stop,platform,,no,unofficial
6903602219,5.4363863,-4.0302001,Marché de Nuit,bus_stop,platform,,no,unofficial
6903602220,5.4380495,-4.0384581,Anokoi Kouté,bus_stop,platform,,no,official
6903602221,5.4382834,-4.0411411,Nouvelle Gare,bus_stop,platform,,no,unofficial
6903602222,5.4448006,-4.0493193,Agripac Avant le Feu,bus_stop,platform,,no,unofficial
6903602223,5.4493883,-4.0520966,Station Total,bus_stop,platform,,no,unofficial
6903602224,5.4500520,-4.0525997,PK 18 ancien marché,bus_stop,platform,,no,unofficial
6903639366,5.3705649,-3.9761407,Attoban camp,bus_stop,platform,,,unofficial
6903639367,5.3694267,-3.9776678,Escalier,bus_stop,platform,,,unofficial
6903639368,5.3673241,-3.9794320,Pharmacie Saint Bernard,bus_stop,platform,,no,unofficial
6903639369,5.3658343,-3.9793478,Carrefour Garage,bus_stop,platform,,,unofficial
6903639371,5.3642087,-3.9790994,Jules ferry,bus_stop,platform,,,unofficial
6903639373,5.3589924,-3.9783160,Doraville,bus_stop,platform,,,official
6903639374,5.3571667,-3.9780678,Pharmacie Saint ange,bus_stop,platform,,,unofficial
6903639375,5.3562750,-3.9777617,André Malraux,bus_stop,platform,,,unofficial
6903639376,5.3503569,-4.0227540,Gare en haut,bus_stop,platform,,,unofficial
6903968407,5.3673561,-3.9796924,Pharmacie Saint Bernard,bus_stop,platform,,no,unofficial
6903968408,5.3655779,-3.9794498,Carrefour Garage,bus_stop,platform,,,unofficial
6904171063,5.3437970,-4.0345840,Terminus 04,bus_stop,platform,SOTRA,,official
6904171064,5.3471751,-4.0345266,Pharmacie Montana,bus_stop,platform,SOTRA,,official
6904171065,5.3493094,-4.0337236,Arrêt BACI,bus_stop,platform,SOTRA,,official
6904171067,5.3525151,-4.0328477,Carrefour Attécoubé,bus_stop,platform,SOTRA,,official
6904171068,5.3577044,-4.0307504,Carrefour Pharmacie Agban,bus_stop,platform,SOTRA,,official
6904171070,5.3514868,-4.0254045,Pharmacie Banco,bus_stop,platform,SOTRA,no,official
6904171071,5.3411241,-4.0261636,Pharmacie Santé,bus_stop,platform,SOTRA,no,official
6904171072,5.3378872,-4.0257309,INSP,bus_stop,platform,SOTRA,,official
6904171073,5.3318113,-4.0230980,CCIA,bus_stop,platform,SOTRA,,official
6904171074,5.3265342,-4.0205750,Cité Financière Plateau,bus_stop,platform,SOTRA,yes,official
6904171075,5.3236634,-4.0196347,SIB Alpha 2000,bus_stop,platform,SOTRA,yes,official
6904171076,5.3206143,-4.0196363,Cash Center Plateau,bus_stop,platform,SOTRA,yes,official
6904171077,5.3089274,-4.0157689,Station Oil Lybia,bus_stop,platform,SOTRA,,official
6904171078,5.3093794,-4.0146586,Maison du Congres,bus_stop,platform,SOTRA,,official
6904171079,5.3110906,-4.0097343,Cité Sopim,bus_stop,platform,SOTRA,,official
6904171080,5.3122156,-4.0057661,Biafra,bus_stop,platform,SOTRA,,official
6904171081,5.3076127,-3.9933399,Station Total Marcory,bus_stop,platform,SOTRA,,official
6904171082,5.3052787,-3.9888629,Hôtel Hamanieh,bus_stop,platform,SOTRA,,official
6904171083,5.3041840,-3.9870316,Eglise Sainte Therèse,bus_stop,platform,SOTRA,,official
6904171084,5.3064094,-3.9857804,Commissariat 9e Marcory,bus_stop,platform,SOTRA,,official
6904188585,5.3088083,-3.9839517,Gare Marcory,bus_stop,platform,SOTRA,,official
6905326498,5.3589119,-4.0281877,Gare Nord,bus_stop,platform,SOTRA,no,official
6905326503,5.4366266,-4.0307925,Petro Ivoire,bus_stop,platform,SOTRA,no,official
6905326504,5.4380474,-4.0382681,A l'escalier,bus_stop,platform,,no,official
6905344262,5.3843863,-4.0219228,Station Shell Préfecture de Police,bus_stop,platform,SOTRA,no,official
6905344263,5.4375577,-4.0351340,Arrêt Departement Reseau Bus Abobo,bus_stop,platform,SOTRA,no,official
6905344264,5.4384178,-4.0389029,Lycée Municipal,bus_stop,platform,SOTRA,no,official
6905344265,5.4378564,-4.0351431,Arrêt Departement Reseau Bus Abobo,bus_stop,platform,SOTRA,no,official
6905344266,5.4365245,-4.0299554,Marché de Nuit,bus_stop,platform,SOTRA,no,official
6905344267,5.4328931,-4.0259685,Collège IRIS 2,bus_stop,platform,SOTRA,no,official
6905344268,5.4284112,-4.0222108,Terminus 77 Gendarmerie,bus_stop,platform,SOTRA,,official
6905344273,5.3835706,-4.0219949,Station Shell Préfecture de Police,bus_stop,platform,SOTRA,no,official
6905553518,5.4279893,-4.0220810,Terminus 77 Gendarmerie,bus_stop,platform,SOTRA,,official
6905553519,5.4327155,-4.0261674,,bus_stop,platform,,no,official
6905719605,5.3484937,-4.0256884,Dispensaire Adjamé,bus_stop,platform,SOTRA,,official
6905719606,5.3299145,-4.0206797,Palais de Justice,bus_stop,platform,SOTRA,,official
6905719607,5.3251503,-4.0200779,60 Lgts Plateau,bus_stop,platform,SOTRA,,official
6905719608,5.3087867,-4.0177138,Dispensaire du Pont FHB,bus_stop,platform,SOTRA,,official
6905719609,5.3100199,-4.0140592,Marche Treichville,bus_stop,platform,SOTRA,yes,official
6905719610,5.3073766,-4.0115762,Rond point Treichville,bus_stop,platform,SOTRA,,official
6905719611,5.3090412,-4.0068854,Ex Seny Fofana,bus_stop,platform,SOTRA,,official
6905719612,5.3080989,-4.0054621,Lycee Moderne Treichville,bus_stop,platform,SOTRA,,official
6905719614,5.3045734,-4.0015787,Carrefour Entente,bus_stop,platform,SOTRA,,official
6905719616,5.3072971,-3.9937100,Pharmacie des Lagunes,bus_stop,platform,SOTRA,,official
6905719617,5.3049074,-3.9887580,Hôtel Hamanieh,bus_stop,platform,SOTRA,,official
6905719618,5.3054797,-3.9860864,Eglise Sainte Therèse,bus_stop,platform,SOTRA,,official
6905719619,5.3080789,-3.9847277,Station Shell Marcory,bus_stop,platform,SOTRA,,official
6905719620,5.3579584,-4.0281455,SITARAIL Adjamé,bus_stop,platform,SOTRA,,official
6905719621,5.3580632,-4.0303013,Carrefour Pharmacie Agban,bus_stop,platform,SOTRA,,official
6905719622,5.3514737,-4.0321567,Pharmacie Attécoubé,bus_stop,platform,SOTRA,,official
6905719623,5.3489427,-4.0340980,Arrêt BACI,bus_stop,platform,SOTRA,,official
6905719624,5.3474246,-4.0343991,Mairie Attécoubé,bus_stop,platform,SOTRA,,official
6905719625,5.3443374,-4.0344681,Terminus Attécoubé,bus_stop,platform,SOTRA,,official
6905772459,5.3251590,-4.0219589,Laboratoire Longchamp,bus_stop,platform,SOTRA,no,official
6905772460,5.3282887,-4.0239541,Immeuble Sogefiha Plateau,bus_stop,platform,SOTRA,no,official
6905772461,5.3336873,-4.0244802,Musée du Plateau,bus_stop,platform,SOTRA,no,official
6905772466,5.4383273,-4.0158105,Cours Sociaux,bus_stop,platform,SOTRA,no,official
6905842305,5.3590397,-4.0275686,Gare Nord,bus_stop,platform,SOTRA,yes,official
6905842307,5.3252327,-4.0224693,Laboratoire Longchamp,bus_stop,platform,SOTRA,yes,official
6906463287,5.2939020,-3.9560075,Terminus Koumassi,bus_stop,platform,SOTRA,,official
6906463288,5.2928791,-3.9602555,Grand Marché Koumassi,bus_stop,platform,SOTRA,,official
6906463289,5.2913568,-3.9667350,Grande Mosquée Koumassi,bus_stop,platform,SOTRA,,official
6906463290,5.2956714,-3.9809440,Echangeur Marcory DHL,bus_stop,platform,SOTRA,,official
6906463291,5.2998527,-3.9884500,Sitel Carrefour Marcory,bus_stop,platform,SOTRA,,official
6906463292,5.2997930,-3.9976448,College Moderne Autoroute,bus_stop,platform,SOTRA,yes,official
6906463293,5.2998201,-4.0025923,Gare Bassam,bus_stop,platform,SOTRA,,official
6906463294,5.3018733,-4.0032831,Clinique la Rosette,bus_stop,platform,SOTRA,,official
6906463296,5.3534012,-4.0155251,Adjamé Liberté,bus_stop,platform,SOTRA,,official
6906507833,5.4364410,-4.0123977,BICICI,bus_stop,platform,SOTRA,no,official
6906575629,5.3546274,-4.0164507,Carrefour Liberté Adjamé,bus_stop,platform,SOTRA,no,official
6906575631,5.3658197,-4.0157829,Arrêt Departement Reseau Bus Williamsville,bus_stop,platform,SOTRA,no,official
6906575633,5.3716139,-4.0122293,Carrefour Paillet,bus_stop,platform,SOTRA,no,official
6906575636,5.4046023,-4.0065096,Pharmacie Dokui,bus_stop,platform,SOTRA,no,official
6906575638,5.4126296,-4.0064093,ANADER,bus_stop,platform,SOTRA,no,official
6906590693,5.4073520,-4.0063787,1ère Boutique,bus_stop,platform,,no,unofficial
6906590694,5.3656794,-4.0156385,Carrefour 2pltx,bus_stop,platform,SOTRA,no,official
6906590695,5.3546002,-4.0162927,Carrefour Liberté Adjamé,bus_stop,platform,SOTRA,no,official
6906596960,5.3534777,-4.0157783,Adjamé Liberté,bus_stop,platform,,yes,official
6906596961,5.3099691,-4.0060213,Lycee Moderne Treichville,bus_stop,platform,SOTRA,,official
6906596962,5.3054556,-4.0044323,Notre Dame de Treichville,bus_stop,platform,SOTRA,,official
6906596963,5.3026007,-4.0034378,Clinique la Rosette,bus_stop,platform,SOTRA,,official
6906596964,5.3002397,-4.0025559,Gare Bassam,bus_stop,platform,SOTRA,,official
6906596965,5.2997816,-3.9984729,College Moderne Autoroute,bus_stop,platform,SOTRA,yes,official
6906596966,5.2987728,-3.9861152,CAP SUD Marcory,bus_stop,platform,SOTRA,yes,official
6906596967,5.2959351,-3.9810130,Echangeur Marcory DHL,bus_stop,platform,SOTRA,,official
6906596968,5.2912433,-3.9675638,Grande Mosquée Koumassi,bus_stop,platform,SOTRA,yes,official
6906596969,5.2919737,-3.9644940,Eglise St Etienne,bus_stop,platform,SOTRA,yes,official
6906596970,5.2927833,-3.9610551,Grand Marché Koumassi,bus_stop,platform,SOTRA,yes,official
6906699462,5.3790616,-4.0069936,Carrefour Zoo,bus_stop,platform,SOTRA,no,official
6906699463,5.4074179,-4.0064652,1ère Boutique,bus_stop,platform,,no,
6906699464,5.3723989,-4.0116794,Carrefour Paillet,bus_stop,platform,SOTRA,no,official
6906699466,5.3967794,-4.0064606,Arrêt Dokui,bus_stop,platform,SOTRA,no,official
6906699467,5.3969917,-4.0063646,Arrêt Dokui,bus_stop,platform,SOTRA,no,official
6906699468,5.4121402,-4.0062842,ANADER Abobo,bus_stop,platform,SOTRA,no,official
6906699469,5.4169293,-4.0106347,Station Total Samaké,bus_stop,platform,SOTRA,no,official
6906699470,5.4170094,-4.0105133,Supermarché Bon Prix,bus_stop,platform,SOTRA,no,official
6906699471,5.4197017,-4.0159368,Nouvelle Mairie Abobo,bus_stop,platform,SOTRA,no,official
6906699472,5.4197512,-4.0156192,Abobo Mairie,bus_stop,platform,SOTRA,no,official
6907121506,5.3675641,-4.0235294,Terminus Williamsville,bus_stop,platform,SOTRA,,official
6907121507,5.3659071,-4.0207446,Marché Williamsville,bus_stop,platform,SOTRA,no,official
6907121508,5.3643529,-4.0189161,Ex. Collège Ozanga,bus_stop,platform,SOTRA,no,official
6907121509,5.3576085,-4.0160138,Carine Couture,bus_stop,platform,SOTRA,no,official
6907121510,5.3501391,-4.0169929,Pharmacie le Belier,bus_stop,platform,SOTRA,,official
6907121511,5.3417336,-4.0230855,Pharmacie Reboul,bus_stop,platform,SOTRA,,official
6907121512,5.3220152,-4.0185030,Marché Plateau,bus_stop,platform,SOTRA,,official
6907121513,5.3219502,-4.0170059,Institut Francais Plateau,bus_stop,platform,SOTRA,,official
6907121514,5.3195012,-4.0144649,CNPS Plateau,bus_stop,platform,SOTRA,,official
6907121515,5.3088742,-3.9840680,Gare Marcory,bus_stop,platform,SOTRA,,official
6907141795,5.3422090,-4.0033579,RTI,bus_stop,platform,SOTRA,no,official
6907141796,5.3474870,-4.0027239,Arrêt CIRT,bus_stop,platform,SOTRA,no,official
6907141797,5.3356811,-4.0007381,Marché Cocody,bus_stop,platform,SOTRA,no,official
6907141798,5.3232894,-4.0021679,Terminus Blockausso,bus_stop,platform,SOTRA,no,official
6907141799,5.3278237,-4.0013589,Banque Mondiale,bus_stop,platform,SOTRA,no,official
6907141800,5.3355267,-4.0007573,Marché Cocody,bus_stop,platform,SOTRA,no,official
6907141801,5.3384172,-4.0038072,CIE Cocody St-Jean,bus_stop,platform,SOTRA,no,official
6907141802,5.3516687,-4.0021570,Cité CNPS,bus_stop,platform,SOTRA,no,official
6907141803,5.3587491,-4.0274511,Gare Nord,bus_stop,platform,SOTRA,yes,official
6907147644,5.3543654,-4.0180323,Station Corlay Renault,bus_stop,platform,SOTRA,no,official
6907147645,5.3478735,-4.0101289,Pont Lycée Technique,bus_stop,platform,SOTRA,no,official
6907147646,5.3442806,-4.0038018,SODEMI,bus_stop,platform,SOTRA,yes,official
6907147647,5.3404792,-4.0033259,RTI,bus_stop,platform,SOTRA,no,official
6907147648,5.3364440,-3.9999757,Allocodrome Cocody,bus_stop,platform,SOTRA,no,official
6907147649,5.3334363,-4.0003179,PMI Cocody,bus_stop,platform,SOTRA,no,official
6907147650,5.3280617,-4.0011800,Banque Mondiale,bus_stop,platform,SOTRA,no,official
6907147651,5.3232870,-4.0020444,Terminus Blockausso,bus_stop,platform,SOTRA,yes,official
6907154300,5.3528511,-4.0168481,Boulangerie Top baguette,bus_stop,platform,SOTRA,,official
6907154301,5.3472669,-4.0171150,220 logements,bus_stop,platform,,,
6907157792,5.3589598,-4.0273707,Gare Nord,bus_stop,platform,SOTRA,no,official
6907157793,5.3559786,-4.0213836,Supermarché Bon Prix Adjamé,bus_stop,platform,SOTRA,no,official
6907157795,5.3396150,-4.0005870,Collège Mermoz,bus_stop,platform,SOTRA,no,official
6908599212,5.3464894,-3.9946368,Gare Campus,bus_stop,platform,SOTRA,no,official
6908599213,5.3437180,-4.0013186,ISTC,bus_stop,platform,SOTRA,yes,official
6908599215,5.4354972,-4.0153091,Gare Sotra Abobo,bus_stop,platform,SOTRA,yes,official
6908618074,5.3456863,-3.9968970,INSAAC,bus_stop,platform,SOTRA,no,official
6908618077,5.4273950,-4.0167950,Konaté Freinet,bus_stop,platform,SOTRA,no,official
6908618078,5.4286537,-4.0146633,Lycée Moderne Abobo,bus_stop,platform,SOTRA,no,official
6908728765,5.4338221,-4.0122700,Pharmacie Sogefia,bus_stop,platform,SOTRA,no,official
6908728766,5.4326467,-4.0133894,15e Arrondissement Abobo,bus_stop,platform,SOTRA,no,official
6908728767,5.4273213,-4.0162121,Konaté Freinet,bus_stop,platform,SOTRA,no,official
6908728771,5.3438210,-4.0008199,ISTC,bus_stop,platform,SOTRA,no,official
6908728772,5.3462119,-3.9937238,Gare Campus,bus_stop,platform,SOTRA,yes,official
6908782549,5.4316858,-4.0148105,EPP Anges Noirs,bus_stop,platform,SOTRA,no,official
6908782550,5.4297230,-4.0146380,Lycée Moderne Abobo,bus_stop,platform,SOTRA,no,official
6908782552,5.3450487,-3.9978676,INSAAC,bus_stop,platform,SOTRA,no,official
6908914485,5.3574150,-4.0160582,Carine Couture,bus_stop,platform,SOTRA,no,official
6908914486,5.3492060,-4.0171017,Boulangerie Opera,bus_stop,platform,,,unofficial
6908914487,5.3082112,-3.9996571,Piscine Etat,bus_stop,platform,SOTRA,yes,official
6908914488,5.3089970,-3.9839919,Gare Marcory,bus_stop,platform,SOTRA,,official
6908914491,5.3503722,-4.0170975,Pharmacie le Belier,bus_stop,platform,SOTRA,,official
6908914492,5.3418097,-4.0230188,Pharmacie Reboul,bus_stop,platform,SOTRA,,official
6908914494,5.3211860,-4.0183783,Marché Plateau,bus_stop,platform,SOTRA,,official
6908914495,5.3216240,-4.0167837,Pyramide Plateau,bus_stop,platform,SOTRA,,official
6908914496,5.3184312,-4.0145266,Immeuble le General,bus_stop,platform,SOTRA,yes,official
6908914498,5.3641633,-4.0188503,Croix Bleue,bus_stop,platform,SOTRA,no,official
6908914499,5.3653249,-4.0202826,Mosquée Williamsville,bus_stop,platform,SOTRA,no,official
6908914500,5.3670874,-4.0235066,Terminus Williamsville,bus_stop,platform,SOTRA,,official
6909039462,5.3589179,-4.0316714,Station OLA Cité Fairmont,bus_stop,platform,SOTRA,no,official
6909039468,5.3079377,-4.0159526,Cite Policiere,bus_stop,platform,SOTRA,no,official
6909039469,5.2956903,-4.0044056,Carrefour CHU,bus_stop,platform,SOTRA,no,official
6909039470,5.2927426,-3.9984453,Arret Technibat,bus_stop,platform,SOTRA,yes,official
6909039471,5.2914592,-3.9958234,Arret Peugeot,bus_stop,platform,SOTRA,no,official
6909108450,5.3050322,-4.0149258,2e Arrondissement Treichville,bus_stop,platform,SOTRA,no,official
6909121487,5.3088407,-3.9840127,Gare Marcory,bus_stop,platform,SOTRA,no,official
6909208699,5.2969543,-4.0071032,Parc des Sports,bus_stop,platform,SOTRA,no,official
6909208700,5.2896019,-3.9909352,DROCOLOR,bus_stop,platform,SOTRA,yes,official
6909225529,5.3618800,-4.0724972,Carrefour Marché Andokoi,bus_stop,platform,SOTRA,,official
6909225530,5.3647534,-4.0745652,Epp Konaté Yopougon,bus_stop,platform,SOTRA,,official
6909225533,5.3727101,-4.0961792,Darling,bus_stop,platform,SOTRA,,official
6909225534,5.3742257,-4.0895635,Sonaco,bus_stop,platform,SOTRA,,official
6909225535,5.3727220,-4.0867558,Nestle Yopougon,bus_stop,platform,SOTRA,,official
6909225536,5.3745633,-4.0781781,Arrêt 1er Carrefour,bus_stop,platform,SOTRA,no,official
6909225537,5.3703700,-4.0796829,Carrefour Zone,bus_stop,platform,SOTRA,,official
6909225538,5.3688806,-4.0795353,SGBCI Carrefour Zone Industrielle,bus_stop,platform,SOTRA,,official
6909225539,5.3670367,-4.0761986,Arrêt Departement Reseau Bus Yopougon,bus_stop,platform,SOTRA,,official
6909225541,5.3612471,-4.0702482,Station Total Andokoua,bus_stop,platform,SOTRA,,official
6909225542,5.3623019,-4.0678704,Lycée Andokoua,bus_stop,platform,SOTRA,,official
6909225543,5.3615148,-4.0667894,Ivoire Couture,bus_stop,platform,SOTRA,,official
6909225544,5.3585831,-4.0278578,Gare Nord,bus_stop,platform,SOTRA,,official
6909225545,5.3146893,-4.0183049,Gare Sud,bus_stop,platform,SOTRA,yes,official
6909237619,5.2948873,-4.0033153,Arret CHU,bus_stop,platform,SOTRA,no,official
6909237622,5.3018430,-3.9881789,Boulangerie Pain Chaud Marcory,bus_stop,platform,SOTRA,no,official
6909237624,5.2931590,-3.9994181,PTT km4,bus_stop,platform,SOTRA,no,official
6909237625,5.3019628,-4.0139436,Ancien BRACODI,bus_stop,platform,SOTRA,no,official
6909237626,5.3049363,-4.0149937,2e Arrondissement Treichville,bus_stop,platform,SOTRA,no,official
6909237627,5.3078098,-4.0160085,Cite Policiere,bus_stop,platform,SOTRA,no,official
6909237631,5.3591167,-4.0279602,Gare Nord,bus_stop,platform,SOTRA,yes,official
6909237632,5.3588457,-4.0319659,Station OLA Cité Fairmont,bus_stop,platform,SOTRA,no,official
6909237633,5.3581980,-4.0363999,Terminus Cité Fairmont,bus_stop,platform,SOTRA,no,official
6909430718,5.3765208,-4.0941580,Carrefour MICAO,bus_stop,platform,SOTRA,,official
6909430721,5.3621938,-4.0678369,Lycée Andokoua,bus_stop,platform,SOTRA,,official
6909430722,5.3607938,-4.0710622,Station Total Andokoua,bus_stop,platform,SOTRA,,official
6909430723,5.3626998,-4.0736921,Carrefour Marché Andokoi,bus_stop,platform,SOTRA,,official
6909430724,5.3654090,-4.0742996,Epp Konaté Yopougon,bus_stop,platform,SOTRA,,official
6909430725,5.3670700,-4.0764347,Arrêt Departement Reseau Bus Yopougon,bus_stop,platform,SOTRA,,official
6909430727,5.3687658,-4.0795434,SGBCI Carrefour Zone Industrielle,bus_stop,platform,SOTRA,,official
6909430728,5.3699698,-4.0819788,Arrêt Bernabe,bus_stop,platform,SOTRA,,official
6909430729,5.3740098,-4.0895102,Sonaco,bus_stop,platform,SOTRA,,official
6909430730,5.3741528,-4.0958456,Terminus MICAO,bus_stop,platform,SOTRA,,official
6909521603,5.2645607,-3.9848774,Foyer Polyvalent,bus_stop,platform,SOTRA,no,official
6909521605,5.2576650,-3.9849267,CIE Vridi Cité,bus_stop,platform,SOTRA,no,official
6909521606,5.2558823,-3.9955538,Arrêt SIR,bus_stop,platform,SOTRA,no,official
6909521607,5.2637874,-3.9989430,CPMA,bus_stop,platform,SOTRA,no,official
6909521608,5.2704314,-4.0062621,Pont de Vridi,bus_stop,platform,SOTRA,no,official
6909521609,5.2978357,-4.0143099,Établissement Rey Port,bus_stop,platform,SOTRA,no,official
6909521610,5.3005436,-4.0175241,Sovinci Port,bus_stop,platform,SOTRA,no,official
6909521611,5.3050370,-4.0231458,Commissariat du Port,bus_stop,platform,SOTRA,no,official
6909521612,5.3069217,-4.0211455,Grand Moulin,bus_stop,platform,SOTRA,no,official
6909521613,5.3088117,-4.0179252,Arret Bollore,bus_stop,platform,SOTRA,no,official
6909521614,5.3058112,-4.0117916,Avenue 11 Rue 12,bus_stop,platform,SOTRA,no,official
6909521615,5.3039471,-4.0111420,Avenue 15 Rue 12,bus_stop,platform,SOTRA,no,official
6909521616,5.3040254,-4.0034158,Notre Dame de la Paix,bus_stop,platform,SOTRA,no,official
6909521617,5.3056173,-3.9988142,Arret Belleville,bus_stop,platform,SOTRA,no,official
6909521620,5.3087649,-3.9838718,Gare Marcory,bus_stop,platform,SOTRA,yes,official
6909546905,5.2666117,-3.9871938,Terminus 53 Vridi Cité,bus_stop,platform,SOTRA,no,official
6909546906,5.2595260,-3.9818252,SODECI Vridi Cité,bus_stop,platform,SOTRA,no,official
6909546908,5.2589843,-3.9979157,GESTOCI,bus_stop,platform,SOTRA,no,official
6909546909,5.2676512,-4.0031425,Simat,bus_stop,platform,SOTRA,no,official
6909546911,5.2821643,-4.0084685,Unilever,bus_stop,platform,SOTRA,no,official
6909546912,5.2864977,-4.0084550,Siège SOTRA,bus_stop,platform,SOTRA,no,official
6909546913,5.2922710,-4.0084240,Outillage Port,bus_stop,platform,SOTRA,no,official
6909546915,5.3029759,-4.0212547,SOEM Port,bus_stop,platform,SOTRA,no,official
6909546916,5.3098040,-4.0149741,Siege FIF (Marche Treichville),bus_stop,platform,SOTRA,no,official
6909546917,5.3059215,-4.0050815,Carrrefour St Jean Bosco,bus_stop,platform,SOTRA,no,official
6909707221,5.3226268,-4.1045114,Terminus 39 NSD,bus_stop,platform,SOTRA,,official
6909707223,5.3233626,-4.1057358,EPP Laurier 2,bus_stop,platform,SOTRA,,official
6909707224,5.3254632,-4.1060202,Saint Chamel,bus_stop,platform,,,unofficial
6909707225,5.3309892,-4.1037831,Station Shell Niangon Nord,bus_stop,platform,SOTRA,,official
6909707226,5.3338915,-4.1029765,SIB Maroc,bus_stop,platform,SOTRA,,official
6909707227,5.3358784,-4.1014047,Carrefour ANADOR,bus_stop,platform,SOTRA,,official
6909707228,5.3404237,-4.1004632,Pharmacie Cité Maroc,bus_stop,platform,SOTRA,,official
6909707229,5.3401182,-4.0892501,Arrêt de bus cité CIE,bus_stop,platform,SOTRA,,official
6909707230,5.3462519,-4.0892687,Carrefour Niangon,bus_stop,platform,SOTRA,,official
6909707232,5.3544963,-4.0875030,Ancienne Mosquée PB2,bus_stop,platform,SOTRA,,official
6909707233,5.3561104,-4.0851103,Station Shell Carrefour Zone,bus_stop,platform,SOTRA,yes,official
6909707234,5.3604209,-4.0850901,Cité BAE,bus_stop,platform,SOTRA,yes,official
6909707236,5.3589510,-4.0277736,Gare Nord,bus_stop,platform,SOTRA,yes,official
6909707238,5.3147518,-4.0183735,Gare Sud,bus_stop,platform,SOTRA,yes,official
6909737821,5.3058324,-4.0049374,Carrrefour St Jean Bosco,bus_stop,platform,SOTRA,no,official
6909737822,5.3056506,-4.0118621,Avenue 10 Rue 12,bus_stop,platform,SOTRA,no,official
6909737824,5.3067759,-4.0211598,Grand Moulin,bus_stop,platform,SOTRA,no,official
6909737825,5.3033621,-4.0217286,SOEM Port,bus_stop,platform,SOTRA,no,official
6909737826,5.2950194,-4.0104199,Socimat,bus_stop,platform,SOTRA,no,official
6909737827,5.2878677,-4.0082981,Siège SOTRA,bus_stop,platform,SOTRA,no,official
6909737828,5.2820277,-4.0083516,Unilever,bus_stop,platform,SOTRA,no,official
6909737830,5.2705271,-4.0061063,Pont de Vridi,bus_stop,platform,SOTRA,no,official
6909812228,5.3572641,-4.0849641,Terminus 77 Carrefour Zone,bus_stop,platform,SOTRA,no,official
6909812229,5.3552565,-4.0867444,Pharmacie Divine Grace PB2,bus_stop,platform,SOTRA,,official
6909812230,5.3469666,-4.0880983,Arrêt Koudouss,bus_stop,platform,SOTRA,,official
6909812232,5.3400138,-4.0974297,Mosquée du Maroc,bus_stop,platform,SOTRA,,official
6909812233,5.3401836,-4.1004172,Pharmacie Cité Maroc,bus_stop,platform,SOTRA,,official
6909812234,5.3358610,-4.1013081,Carrefour ANADOR,bus_stop,platform,SOTRA,,official
6909812235,5.3305692,-4.1037999,Station Shell Niangon Nord,bus_stop,platform,SOTRA,,official
6909812237,5.3256900,-4.1058531,Groupe Scolaire St Chalmel,bus_stop,platform,SOTRA,,official
6909923471,5.3568101,-4.0739979,Sicomex Yopougon,bus_stop,platform,SOTRA,,official
6909923472,5.3538004,-4.0740046,Ex Cinéma Kabadougou,bus_stop,platform,SOTRA,,official
6909923473,5.3451355,-4.0732384,Ex Cinéma Dialogue,bus_stop,platform,SOTRA,yes,official
6909923474,5.3388868,-4.0732871,16e Arrondissement,bus_stop,platform,SOTRA,yes,official
6909923475,5.3326109,-4.0733247,Ex Cinéma Saguidiba,bus_stop,platform,SOTRA,yes,official
6909923477,5.3297734,-4.0735526,Gare Yopougon Kouté,bus_stop,platform,SOTRA,yes,official
6910224899,5.3463096,-3.9936456,Gare Campus,bus_stop,platform,SOTRA,yes,official
6910224902,5.3297134,-4.0738578,Gare Yopougon Kouté,bus_stop,platform,SOTRA,yes,official
6910224905,5.3315587,-4.0735191,Ex Cinéma Saguidiba,bus_stop,platform,SOTRA,yes,official
6910224906,5.3344863,-4.0734252,CITELCOM,bus_stop,platform,SOTRA,yes,official
6910224907,5.3388340,-4.0734096,16e Arrondissement,bus_stop,platform,SOTRA,yes,official
6910224908,5.3418778,-4.0734078,Yopougon St André,bus_stop,platform,SOTRA,yes,official
6910224909,5.3456660,-4.0734038,Ex Cinéma Dialogue,bus_stop,platform,SOTRA,yes,official
6910224910,5.3540881,-4.0741881,Ex Cinéma Kabadougou,bus_stop,platform,SOTRA,yes,official
6910224911,5.3566819,-4.0741772,Sicomex Yopougon,bus_stop,platform,SOTRA,,official
6910272309,5.2678334,-4.0031259,Simat,bus_stop,platform,SOTRA,no,official
6910272310,5.2594549,-3.9978365,GESTOCI,bus_stop,platform,SOTRA,yes,official
6910272312,5.2577882,-3.9854582,CIE Vridi Cité,bus_stop,platform,SOTRA,no,official
6910272313,5.2582659,-3.9824273,SIB Vridi Cité,bus_stop,platform,SOTRA,no,official
6910272314,5.2600531,-3.9820028,SODECI Vridi Cité,bus_stop,platform,SOTRA,no,official
6910272315,5.2644761,-3.9850263,Foyer Polyvalent,bus_stop,platform,SOTRA,no,official
6910272316,5.2666602,-3.9874196,Terminus 53 Vridi Cité,bus_stop,platform,SOTRA,yes,official
6910518025,5.3313230,-4.0228168,Terminus Cité Administrative,bus_stop,platform,SOTRA,no,official
6910584802,5.4267852,-4.0201529,Abobo Gendarmerie,bus_stop,platform,SOTRA,,official
6910703473,5.3509550,-4.0632851,Institut des Aveugles,bus_stop,platform,SOTRA,,official
6910703474,5.3476916,-4.0632758,Bel Air,bus_stop,platform,SOTRA,,official
6910703475,5.3418057,-4.0622364,Complexe sportif Yopougon,bus_stop,platform,SOTRA,,official
6910703476,5.3380456,-4.0622136,Pharmacie Nouveau Quartier,bus_stop,platform,SOTRA,,official
6910703477,5.3333961,-4.0621975,Clinique les Oliviers,bus_stop,platform,SOTRA,,official
6910743309,5.3292749,-4.0613523,Phalènes,bus_stop,platform,SOTRA,,official
6910743310,5.3338213,-4.0623685,Clinique les Oliviers,bus_stop,platform,SOTRA,,official
6910743311,5.3375141,-4.0623477,Pharmacie Nouveau Quartier,bus_stop,platform,SOTRA,,official
6910743312,5.3460439,-4.0634635,Bel Air,bus_stop,platform,SOTRA,,official
6910743313,5.3556644,-4.0660062,3 Caféiers,bus_stop,platform,SOTRA,,official
6910743314,5.3513983,-4.0634474,Institut des Aveugles,bus_stop,platform,SOTRA,,official
6910755171,5.3237935,-4.0804727,Carrefour Akadjoba,bus_stop,platform,SOTRA,,official
6910755172,5.3255979,-4.0764964,Marche Koute,bus_stop,platform,,,official
6910755173,5.3255738,-4.0718266,Paroisse St Laurent,bus_stop,platform,,,official
6910755174,5.3205090,-4.0802510,Pharmacie St Martin,bus_stop,platform,SOTRA,,official
6910755176,5.3242746,-4.0667291,Arret Camp Militaire,bus_stop,platform,,,official
6910755177,5.3236042,-4.0615042,Johanesbourg 1,bus_stop,platform,,,official
6910755178,5.3236336,-4.0577316,Johanesbourg,bus_stop,platform,SOTRA,,official
6910755179,5.3221811,-4.0535122,Carrefour Kowëit,bus_stop,platform,SOTRA,,official
6910755180,5.3222275,-4.0507693,Mosquée Kowëit,bus_stop,platform,SOTRA,,official
6910755181,5.3222395,-4.0464583,Cité Zadi Kessi,bus_stop,platform,SOTRA,,official
6910755182,5.3198693,-4.0439746,Pharmacie Chenain,bus_stop,platform,SOTRA,,official
6910755183,5.3171339,-4.0439826,Jerusalem,bus_stop,platform,SOTRA,,official
6910794085,5.3095505,-4.0439558,Santé Village,bus_stop,platform,SOTRA,,official
6910794088,5.3101983,-4.0353389,Gare Terrestre Abobo Doumé,bus_stop,platform,SOTRA,yes,official
6910797792,5.4156089,-4.0054353,Cours Kennedy,bus_stop,platform,SOTRA,no,official
6910797793,5.4155902,-3.9995840,Monastère,bus_stop,platform,SOTRA,no,official
6910797794,5.4038607,-3.9856156,1er Arrêt 81-82,bus_stop,platform,SOTRA,yes,official
6910797795,5.4030812,-3.9792225,Résidence Nelson Mandela,bus_stop,platform,SOTRA,no,official
6910797796,5.4011881,-3.9780821,Pharmacie 8e Tranche,bus_stop,platform,SOTRA,no,official
6910797797,5.3980732,-3.9774813,NSIA Angré,bus_stop,platform,SOTRA,no,official
6910797798,5.3954028,-3.9767678,Pharmacie les Arums,bus_stop,platform,SOTRA,no,official
6910797799,5.3932466,-3.9761992,Eglise El Bethel,bus_stop,platform,SOTRA,no,official
6910797800,5.3946558,-3.9715040,Ecole Michel Yakice,bus_stop,platform,SOTRA,no,official
6910797801,5.4000986,-3.9649835,Cité Diaspora,bus_stop,platform,SOTRA,no,official
6910797802,5.4022708,-3.9624552,Pharmacie Analya,bus_stop,platform,SOTRA,no,official
6910797803,5.4021884,-3.9621804,Cité GESTOCI,bus_stop,platform,SOTRA,no,official
6910797804,5.3999630,-3.9570893,Terminus CHU Angré,bus_stop,platform,SOTRA,no,official
6910797805,5.4154487,-4.0019175,Ivograin,bus_stop,platform,SOTRA,no,official
6910797806,5.3997812,-3.9570173,Terminus CHU Angré,bus_stop,platform,SOTRA,no,official
6910797807,5.4004190,-3.9592470,Arrêt Espace Bessikoi,bus_stop,platform,SOTRA,no,official
6910797810,5.3958895,-3.9696251,Arrêt Programme 6,bus_stop,platform,SOTRA,no,official
6910797811,5.3941826,-3.9716562,Ecole Michel Yakice,bus_stop,platform,SOTRA,no,official
6910797812,5.3929542,-3.9754723,Fred et Poppee,bus_stop,platform,SOTRA,no,official
6910797813,5.3954823,-3.9769683,Pharmacie les Arums,bus_stop,platform,SOTRA,no,official
6910797814,5.3969496,-3.9773545,Roi du Pain,bus_stop,platform,SOTRA,no,official
6910797815,5.3996840,-3.9780332,Station Total Angré,bus_stop,platform,SOTRA,no,official
6910797816,5.4016887,-3.9783543,Orca Angré,bus_stop,platform,SOTRA,no,official
6910797817,5.4029906,-3.9793153,Résidence Nelson Mandela,bus_stop,platform,SOTRA,no,official
6910797819,5.4070126,-3.9911934,Arrêt Jubile,bus_stop,platform,SOTRA,no,official
6910797820,5.4103992,-3.9941237,Arrêt,bus_stop,platform,,no,official
6910797821,5.4135935,-3.9952985,Carrefour Angré,bus_stop,platform,SOTRA,no,official
6912410270,5.3286968,-4.0047695,Ambassade Allemagne,bus_stop,platform,SOTRA,,official
6912410271,5.3278806,-4.0029871,Hôtel Ivoire,bus_stop,platform,SOTRA,,official
6912410272,5.3277329,-4.0032565,Hôtel Ivoire,bus_stop,platform,SOTRA,,official
6912410273,5.3327049,-4.0045047,Lycée Classique Cocody,bus_stop,platform,SOTRA,yes,official
6912410274,5.3439798,-4.0037108,SODEMI,bus_stop,platform,SOTRA,yes,official
6912410275,5.3477963,-4.0095364,Pont Lycée Technique,bus_stop,platform,SOTRA,no,official
6912729876,5.3580305,-4.0012852,Eglise St Jacques,bus_stop,platform,SOTRA,no,official
6912729877,5.3601021,-3.9987263,Socitech,bus_stop,platform,SOTRA,yes,official
6912729878,5.3648215,-3.9976005,Farandole,bus_stop,platform,SOTRA,no,official
6912729879,5.3673507,-3.9983363,Station Mobile,bus_stop,platform,SOTRA,yes,official
6912729880,5.3718047,-3.9984268,SOCOCE 2 Pltx,bus_stop,platform,SOTRA,yes,official
6912729882,5.3753176,-3.9985727,Carrefour Gobelet,bus_stop,platform,SOTRA,,official
6912729883,5.3774980,-3.9977908,Carrefour Duncan,bus_stop,platform,SOTRA,,official
6912729884,5.3811757,-3.9940917,Las Palmas,bus_stop,platform,SOTRA,yes,official
6912805207,5.3373258,-4.0765581,EPP SICOGI 3,bus_stop,platform,SOTRA,no,official
6912805208,5.3384020,-4.0753033,Patisserie SICOGI,bus_stop,platform,SOTRA,no,official
6912805209,5.3467361,-4.0652151,Arret Cine Cool Rue princesse,bus_stop,platform,,no,official
6912805210,5.3408074,-4.0599957,Nouveau Quartier FRCI,bus_stop,platform,SOTRA,no,official
6912805211,5.3404419,-4.0585186,Marché Nouveau Quartier,bus_stop,platform,SOTRA,no,official
6912805212,5.3373205,-4.0549944,Pharmacie Sacré Cœur,bus_stop,platform,SOTRA,no,official
6912805213,5.3337105,-4.0550186,Poste Toit Rouge,bus_stop,platform,SOTRA,no,official
6912805219,5.3104606,-4.0354465,Gare Terrestre Abobo Doumé,bus_stop,platform,,,official
6912820385,5.3850099,-3.9932072,CERAO,bus_stop,platform,SOTRA,no,official
6912820386,5.3888618,-3.9927228,Résidence les Perles,bus_stop,platform,SOTRA,no,official
6912820387,5.3930931,-3.9922221,Résidences Stars,bus_stop,platform,SOTRA,no,official
6912820388,5.3942099,-3.9920812,Glacier les Oscars,bus_stop,platform,,no,
6912820389,5.3965613,-3.9918029,Résidence les Papayers,bus_stop,platform,SOTRA,yes,official
6912820390,5.4005941,-3.9913142,City Dia,bus_stop,platform,,,
6912820391,5.4038172,-3.9909124,Petro Ivoire Angré,bus_stop,platform,SOTRA,,official
6912820392,5.4042033,-3.9882535,École Primaire Notre Dame,bus_stop,platform,SOTRA,,official
6912820393,5.4034713,-3.9819702,FIDRA,bus_stop,platform,SOTRA,,official
6912820394,5.4033371,-3.9764026,Terminus Djibi,bus_stop,platform,SOTRA,,official
6912820395,5.4006902,-3.9728354,Soleil 2,bus_stop,platform,,,
6912820396,5.3971939,-3.9694727,Residence Madinah,bus_stop,platform,,,official
6912820397,5.3998662,-3.9648943,Cité Diaspora,bus_stop,platform,SOTRA,no,official
6912820398,5.3972237,-3.9697282,Residence Madinah,bus_stop,platform,,,official
6912820399,5.4032105,-3.9763605,Terminus Djibi,bus_stop,platform,SOTRA,,official
6912820400,5.4031753,-3.9810393,Pharmacie Ste Harmonie,bus_stop,platform,SOTRA,,official
6912820401,5.4037772,-3.9856793,Arrêt Al Diwan,bus_stop,platform,SOTRA,,official
6912820402,5.4040814,-3.9883719,Ecole Primaire Notre Dame,bus_stop,platform,SOTRA,,official
6912820403,5.4036459,-3.9907110,Petro Ivoire Angré,bus_stop,platform,SOTRA,,official
6912820404,5.4002985,-3.9911375,Pharmacie Angré,bus_stop,platform,SOTRA,,official
6912820405,5.3966439,-3.9915881,Résidence les Papayers,bus_stop,platform,SOTRA,yes,official
6912820406,5.3926283,-3.9920629,Ambassade de Chine,bus_stop,platform,SOTRA,no,official
6912820407,5.3895654,-3.9924668,Résidence les Perles,bus_stop,platform,SOTRA,no,official
6912820408,5.3845481,-3.9930996,Opéra,bus_stop,platform,SOTRA,yes,official
6912820409,5.3809502,-3.9940546,Las Palmas,bus_stop,platform,SOTRA,yes,official
6912820410,5.3779505,-3.9970644,Carrefour Duncan,bus_stop,platform,SOTRA,yes,official
6912820411,5.3753472,-3.9983567,Carrefour Gobelet,bus_stop,platform,SOTRA,yes,official
6912820412,5.3725038,-3.9983278,SOCOCE 2 Pltx,bus_stop,platform,SOTRA,yes,official
6912820413,5.3677225,-3.9981432,Station Mobile,bus_stop,platform,SOTRA,yes,official
6912820414,5.3654376,-3.9973648,Carrefour macaci,bus_stop,platform,SOTRA,yes,official
6912820415,5.3574699,-4.0012391,Eglise St Jacques,bus_stop,platform,SOTRA,yes,official
6912820416,5.3525540,-4.0018628,Hotel Palm Club,bus_stop,platform,SOTRA,yes,official
6912820417,5.3493692,-4.0022742,Carrefour la Vie,bus_stop,platform,SOTRA,yes,official
6912820418,5.3445059,-4.0027704,Carrefour RTI,bus_stop,platform,SOTRA,yes,official
6913011676,5.3266074,-4.0255438,SICF Plateau,bus_stop,platform,SOTRA,yes,official
6913011677,5.3293875,-4.0734990,Gare Yopougon Kouté,bus_stop,platform,,yes,
6913190444,5.3087112,-4.0437680,Santé Village,bus_stop,platform,SOTRA,no,official
6913190445,5.3166799,-4.0440879,Jerusalem,bus_stop,platform,SOTRA,no,official
6913190446,5.3208014,-4.0441167,Pharmacie Chenain,bus_stop,platform,SOTRA,no,official
6913190447,5.3221154,-4.0468311,Cité Zadi Kessi,bus_stop,platform,SOTRA,no,official
6913190452,5.3337753,-4.0550937,Poste Toit Rouge,bus_stop,platform,SOTRA,no,official
6913190453,5.3369773,-4.0550930,Pharmacie Sacré Cœur,bus_stop,platform,SOTRA,no,official
6913190454,5.3401473,-4.0585470,Marché Nouveau Quartier,bus_stop,platform,SOTRA,no,official
6913190455,5.3407362,-4.0608235,Nouveau Quartier FRCI,bus_stop,platform,SOTRA,no,official
6913190456,5.3466167,-4.0650474,Arret Cine Cool Rue princesse,bus_stop,platform,,no,official
6913190457,5.3447353,-4.0678006,Mairie Selmer Yopougon,bus_stop,platform,,no,official
6913190458,5.3395304,-4.0745628,Phamacie Wakouboué,bus_stop,platform,SOTRA,no,official
6913190459,5.3379928,-4.0751928,Patisserie SICOGI,bus_stop,platform,SOTRA,no,official
6913190460,5.3372574,-4.0770331,EPP SICOGI 3,bus_stop,platform,SOTRA,no,official
6913190461,5.3372711,-4.0806585,Terrain Sogefiha,bus_stop,platform,SOTRA,no,official
6913201898,5.3290163,-4.0757574,Carrefour Express,bus_stop,platform,SOTRA,no,official
6913201899,5.3243321,-4.0799808,Pharmacie Akadjoba,bus_stop,platform,SOTRA,no,official
6913201900,5.3239194,-4.0871836,Paroisse Saint Pierre,bus_stop,platform,SOTRA,no,official
6913201901,5.3233739,-4.0925668,Carrefour SODECI,bus_stop,platform,SOTRA,no,official
6913201902,5.3197171,-4.0944323,Marché Niangon Sud,bus_stop,platform,SOTRA,no,official
6913201903,5.3163701,-4.0947904,EPP Niangon Sud,bus_stop,platform,SOTRA,no,official
6913201904,5.3152544,-4.0928404,Cité Sicogi,bus_stop,platform,SOTRA,no,official
6913201907,5.3160664,-4.0900502,Shell Carrefour Azito,bus_stop,platform,SOTRA,no,official
6913201908,5.3152072,-4.0925927,Cité Sicogi,bus_stop,platform,SOTRA,no,official
6913201909,5.3172602,-4.0948509,EPP Niangon Sud,bus_stop,platform,SOTRA,no,official
6913201911,5.3233885,-4.0926667,Carrefour SODECI,bus_stop,platform,SOTRA,no,official
6913201912,5.3240967,-4.0869619,Paroisse Saint Pierre,bus_stop,platform,SOTRA,no,official
6913201914,5.3289331,-4.0761376,Cabine Bleue Palais,bus_stop,platform,SOTRA,no,official
6913201915,5.3146172,-4.0184952,Gare Sud,bus_stop,platform,SOTRA,yes,official
6913291219,5.3144986,-4.0183564,Gare Sud,bus_stop,platform,SOTRA,yes,official
6913703799,5.3350719,-3.9973538,Maison PDCI 1,bus_stop,platform,SOTRA,no,official
6913703800,5.3084936,-3.9997195,Piscine d’État de Treichville,bus_stop,platform,SOTRA,yes,official
6913703802,5.3086966,-3.9837714,Gare Marcory,bus_stop,platform,SOTRA,,official
6913703803,5.3353380,-3.9975172,Maison PDCI,bus_stop,platform,SOTRA,no,official
6913703804,5.3310313,-3.9969162,Eglise Méthodiste,bus_stop,platform,SOTRA,no,official
6913857608,5.3557108,-4.0658826,3 Caféiers,bus_stop,platform,SOTRA,,official
6913857611,5.3407344,-4.0646331,Station Total Selmer,bus_stop,platform,SOTRA,no,official
6913929664,5.3443401,-4.0375561,École de la Marine,bus_stop,platform,SOTRA,yes,official
6913929665,5.3278599,-4.0262003,SICF Plateau,bus_stop,platform,SOTRA,yes,official
6913929666,5.3146272,-4.0182404,Gare Sud,bus_stop,platform,SOTRA,yes,official
6913929668,5.3445865,-4.0380731,École de la Marine,bus_stop,platform,SOTRA,yes,official
6913929669,5.3295615,-4.0737128,Gare Yopougon Kouté,bus_stop,platform,SOTRA,no,official
6913931703,5.3367080,-4.0216162,Commandement Supérieur,bus_stop,platform,SOTRA,yes,official
6913974340,5.3369705,-4.0217222,Commandement Superieur,bus_stop,platform,SOTRA,yes,official
6915341518,5.4034980,-3.9834587,Cash Express Angré,bus_stop,platform,SOTRA,no,official
6915341520,5.4294973,-3.9893348,GS Kiyala,bus_stop,platform,SOTRA,no,official
6915341521,5.4314084,-3.9890417,Hôtel Felling,bus_stop,platform,SOTRA,no,official
6915341523,5.4564179,-3.9725804,Terminus Djibi Village,bus_stop,platform,SOTRA,no,official
6915341525,5.4564283,-3.9726482,Terminus Djibi Village,bus_stop,platform,SOTRA,no,official
6915341526,5.4454184,-3.9782256,Ancien Terminus Biabou,bus_stop,platform,SOTRA,no,official
6915341527,5.4429880,-3.9811296,Chapelle St Jean Baptiste,bus_stop,platform,SOTRA,no,official
6915341529,5.4405216,-3.9845566,Quincaillerie,bus_stop,platform,SOTRA,no,official
6915341533,5.4341098,-3.9884746,Pharmacie Belleville,bus_stop,platform,SOTRA,no,official
6915341535,5.4316414,-3.9888829,Hôtel Felling,bus_stop,platform,SOTRA,no,official
6915341536,5.4292441,-3.9892608,GS Kiyala,bus_stop,platform,SOTRA,no,official
6915341537,5.4265004,-3.9896626,Arrêt Céleste,bus_stop,platform,SOTRA,no,official
6915341540,5.4195245,-3.9907375,34e Arrondissement,bus_stop,platform,SOTRA,no,official
6915341543,5.4155083,-3.9927819,Abobo Baoulé,bus_stop,platform,SOTRA,no,official
6915341545,5.4140019,-3.9952369,Carrefour Angré,bus_stop,platform,SOTRA,no,official
6915341547,5.4050885,-3.9905640,Bel Horizon,bus_stop,platform,SOTRA,no,official
6915341548,5.4035748,-3.9828930,Cash Express Angré,bus_stop,platform,SOTRA,no,official
6915487638,5.3585446,-3.9634600,KM 9,bus_stop,platform,SOTRA,,official
6915487641,5.3568703,-3.9665508,CAP NORD,bus_stop,platform,SOTRA,,official
6915487642,5.3532642,-3.9779868,Carrefour Riviera 2,bus_stop,platform,SOTRA,,official
6915487643,5.3502292,-3.9881887,École de Police,bus_stop,platform,SOTRA,,official
6915487644,5.3492233,-3.9943092,École de Gendarmerie,bus_stop,platform,SOTRA,,official
6915487645,5.3485522,-4.0018322,Carrefour la Vie,bus_stop,platform,SOTRA,,official
6915647682,5.4217637,-4.0185375,Mairie d'ABOBO,bus_stop,platform,,no,
6915647684,5.4308210,-4.0245565,Mosquée Blanche,bus_stop,platform,SOTRA,no,official
6915696792,5.3587403,-3.9635319,Terminus 701 9Km,bus_stop,platform,,,official
6915696795,5.3596047,-3.9620358,Supermarché SMD,bus_stop,platform,SOTRA,,official
6915696796,5.3574857,-3.9657802,Station Total riviera 3,bus_stop,platform,SOTRA,,official
6915696797,5.3504609,-3.9881605,Ecole de Police,bus_stop,platform,SOTRA,,official
6915696799,5.3493834,-3.9944570,Ecole de Gendarmerie,bus_stop,platform,SOTRA,,official
6915696800,5.3485982,-4.0029649,Carrefour la Vie,bus_stop,platform,SOTRA,,official
6915722685,5.4330947,-4.0264766,Collège IRIS 2,bus_stop,platform,SOTRA,no,official
6915722686,5.4390867,-4.0446561,Gare Routière Anokoi,bus_stop,platform,SOTRA,no,official
6915722687,5.4434691,-4.0484930,Terminus PK18 Agripac,bus_stop,platform,SOTRA,no,official
6915722688,5.4478763,-4.0510477,Ancien Terminus 76,bus_stop,platform,SOTRA,no,official
6915722689,5.4504423,-4.0529333,Ancien Marché PK18,bus_stop,platform,SOTRA,no,official
6915722690,5.4551026,-4.0546573,Carrefour Koffi Jean,bus_stop,platform,SOTRA,no,official
6915722691,5.4578747,-4.0545238,Arrêt Unicafé,bus_stop,platform,SOTRA,no,official
6915722692,5.4649111,-4.0544251,Arrêt Abossia,bus_stop,platform,SOTRA,no,official
6915722694,5.4667870,-4.0537089,Carrefour Berthe,bus_stop,platform,SOTRA,no,official
6915722695,5.4799141,-4.0534983,Arrêt Colatier,bus_stop,platform,SOTRA,no,official
6915722697,5.4831100,-4.0514026,Carrefour Cissé,bus_stop,platform,SOTRA,no,official
6915722698,5.4855840,-4.0514707,Carrefour Sylla,bus_stop,platform,SOTRA,no,official
6915722699,5.4891358,-4.0515888,Carrefour Perception,bus_stop,platform,SOTRA,no,official
6915722700,5.4903905,-4.0516436,Carrefour Château,bus_stop,platform,SOTRA,no,official
6915722704,5.4930853,-4.0516880,Coco Service,bus_stop,platform,SOTRA,no,official
6915722705,5.4949295,-4.0518116,Arrêt CDCI,bus_stop,platform,SOTRA,no,official
6915722709,5.4980275,-4.0514334,Carrefour Maternité,bus_stop,platform,SOTRA,no,official
6915722713,5.5015028,-4.0522635,Atlantic Microfinance,bus_stop,platform,SOTRA,no,official
6915722714,5.5029781,-4.0526314,Coopec Anyama,bus_stop,platform,SOTRA,no,official
6915722715,5.5049677,-4.0530621,Carrefour Yapokoi,bus_stop,platform,SOTRA,no,official
6915722716,5.5047210,-4.0531381,Carrefour Yapokoi,bus_stop,platform,SOTRA,no,official
6915722717,5.5064666,-4.0531419,Terminus Mairie Anyama,bus_stop,platform,SOTRA,no,official
6915722719,5.5064131,-4.0530596,Terminus Mairie Anyama,bus_stop,platform,SOTRA,no,official
6915722720,5.4989229,-4.0513466,Carrefour Maternité,bus_stop,platform,SOTRA,no,official
6915722721,5.5032850,-4.0525826,COOPEC Anyama,bus_stop,platform,SOTRA,no,official
6915722722,5.5018576,-4.0521787,Foyer d'Anyama,bus_stop,platform,SOTRA,no,official
6915722723,5.4932139,-4.0515592,Coco Service,bus_stop,platform,SOTRA,no,official
6915722724,5.4894263,-4.0514580,Arrêt Poteau,bus_stop,platform,SOTRA,no,official
6915722725,5.4860014,-4.0513430,Carrefour Sylla,bus_stop,platform,SOTRA,no,official
6915722726,5.4833399,-4.0512563,Carrefour Cissé,bus_stop,platform,SOTRA,no,official
6915722727,5.4793129,-4.0538083,Impôt Anyama,bus_stop,platform,SOTRA,no,official
6915722728,5.4753167,-4.0549840,Carrefour Ecole,bus_stop,platform,SOTRA,no,official
6915722729,5.4698766,-4.0527933,Arrêt Kedjenou,bus_stop,platform,SOTRA,no,official
6915722730,5.4668713,-4.0534087,Carrefour Berthe,bus_stop,platform,SOTRA,no,official
6915722731,5.4612143,-4.0537691,Ancienne Gendarmerie,bus_stop,platform,SOTRA,no,official
6915722732,5.4554937,-4.0544097,Carrefour Koffi Jean,bus_stop,platform,SOTRA,no,official
6915722734,5.4506916,-4.0529083,Ancien Marché PK18,bus_stop,platform,SOTRA,no,official
6915722735,5.4477783,-4.0507076,Pharmacie Milie Hevie PK18,bus_stop,platform,SOTRA,no,official
6915722736,5.4439833,-4.0486071,Terminus PK18 Agripac,bus_stop,platform,SOTRA,no,official
6916152424,5.2875800,-4.0057551,Terminus 58 Cite du Port,bus_stop,platform,SOTRA,,official
6916152425,5.2890666,-4.0084018,Pharmacie Port de Peche,bus_stop,platform,SOTRA,,official
6916152426,5.2961604,-4.0033572,Foire de Chine Outlet,bus_stop,platform,SOTRA,,official
6916152427,5.2991474,-4.0024768,Centre Commercial Gare Bassam Treichville,bus_stop,platform,SOTRA,yes,official
6916181080,5.3478959,-4.0026565,Cité Bad,bus_stop,platform,,,official
6916181081,5.3700062,-3.9983308,Pharmacie les 2 Pltx,bus_stop,platform,,no,official
6916280434,5.4149921,-3.9940399,Abobo Baoulé,bus_stop,platform,,no,
6916280435,5.4129627,-3.9948875,Pharmacie Actuelle,bus_stop,platform,,no,official
6916280436,5.4103431,-3.9939447,Arrêt,bus_stop,platform,,no,official
6916280438,5.4078812,-3.9917975,Arrêt Jubile,bus_stop,platform,SOTRA,,official
6916280439,5.4055233,-3.9904940,Bel Horizon,bus_stop,platform,,,official
6916280440,5.4011787,-3.9910264,Citydia,bus_stop,platform,,,official
6916280441,5.3991454,-3.9912559,Pharmacie Angre,bus_stop,platform,,,official
6916280442,5.3973362,-3.9915240,SODECI Angre,bus_stop,platform,,yes,official
6916280443,5.3945043,-3.9918311,Glaciers les Oscars,bus_stop,platform,,yes,official
6916280444,5.3875127,-3.9927256,GM Cosmetic,bus_stop,platform,,yes,official
6916280445,5.3796847,-3.9953378,One Tech Africa,bus_stop,platform,,yes,official
6916280446,5.3737207,-3.9983542,NSIA BANK,bus_stop,platform,,no,official
6916280447,5.3701724,-3.9981283,Pharmacie les 2 Pltx,bus_stop,platform,,no,official
6916280448,5.3465781,-4.0025710,Terminus Cité des Arts,bus_stop,platform,SOTRA,no,official
6916280449,5.3386878,-4.0035403,CIE Cocody St-Jean,bus_stop,platform,SOTRA,no,official
6917146061,5.3065218,-3.9865047,Carrefour Konankro,bus_stop,platform,SOTRA,,official
6917146062,5.3061086,-3.9857063,Commissariat du 9 ème,bus_stop,platform,,,
6917146063,5.3036850,-3.9812739,Quartier Mokey,bus_stop,platform,SOTRA,,official
6917146064,5.3018615,-3.9780043,Antenne Sicogi,bus_stop,platform,SOTRA,,official
6917146065,5.3007267,-3.9759881,Marché Marcory,bus_stop,platform,SOTRA,,official
6917146066,5.2987367,-3.9724119,Eglise Ste Bernadette,bus_stop,platform,SOTRA,yes,official
6917146068,5.2966549,-3.9684289,Texaco Remblais,bus_stop,platform,SOTRA,,official
6917146069,5.2965895,-3.9650103,Kmsi Port-Bouët 2,bus_stop,platform,SOTRA,,official
6917146070,5.2975502,-3.9609495,St François d'Assise,bus_stop,platform,SOTRA,,official
6917146071,5.2983849,-3.9571514,Inch Allach,bus_stop,platform,SOTRA,,official
6917146072,5.2993551,-3.9527657,Pharmacie Prodomo,bus_stop,platform,SOTRA,,official
6917146073,5.3000868,-3.9496587,Terminus Mesano,bus_stop,platform,SOTRA,,official
6917146075,5.3002501,-3.9485120,Lycée Ste Therèse Mesano,bus_stop,platform,SOTRA,,official
6917146076,5.2998481,-3.9502971,Station Petro Ivoire,bus_stop,platform,SOTRA,,official
6917146077,5.2984715,-3.9563161,Inch Allach,bus_stop,platform,SOTRA,,official
6917146078,5.2979615,-3.9585966,Baradji,bus_stop,platform,SOTRA,,official
6917146079,5.2972343,-3.9618447,St François d'Assise,bus_stop,platform,SOTRA,,official
6917146080,5.2962694,-3.9659738,Koumassi Port-Bouët 2,bus_stop,platform,SOTRA,,official
6917146081,5.2963194,-3.9679613,Texaco Remblais,bus_stop,platform,SOTRA,,official
6917146082,5.2980439,-3.9712812,Pharmacie Bagoé,bus_stop,platform,SOTRA,no,official
6917146083,5.3003191,-3.9754861,Marché Marcory,bus_stop,platform,SOTRA,,official
6917146084,5.3020307,-3.9785359,Antenne Sicogi,bus_stop,platform,SOTRA,,official
6917151685,5.3043402,-3.9826647,CityDia,bus_stop,platform,SOTRA,,official
6917151686,5.3062161,-3.9860886,Carrefour Konankro,bus_stop,platform,SOTRA,,official
6917151687,5.3077309,-3.9888490,Arrêt Lamartine,bus_stop,platform,SOTRA,no,official
6917151688,5.3084636,-3.9904413,Eglise protestante bapte,bus_stop,platform,SOTRA,,official
6919194336,5.3106101,-4.0352896,Gare Terrestre Abobo Doumé,bus_stop,platform,,yes,official
6919312942,5.3270854,-4.0923844,Texaco,bus_stop,platform,,no,official
6919312945,5.3315793,-4.1099879,Cite Verte,bus_stop,platform,,no,official
6919312946,5.3306787,-4.1058974,Paroisse St Matthieu,bus_stop,platform,,no,official
6919312947,5.3296893,-4.1035223,BNI Lubafrique,bus_stop,platform,,no,official
6919312948,5.3284241,-4.1005390,Ancien Terminus 044,bus_stop,platform,,no,official
6919312949,5.3278005,-4.0976201,Paroisse Sainte Rita,bus_stop,platform,,no,official
6919312950,5.3241547,-4.0812954,Laurent Mandjo,bus_stop,platform,SOTRA,no,official
6919312951,5.3103655,-4.0351267,Gare Terrestre Abobo Doumé,bus_stop,platform,,yes,official
6919327587,5.3221260,-4.0536520,Carrefour Kowëit,bus_stop,platform,SOTRA,,official
6919327588,5.3235388,-4.0573213,Johanesbourg,bus_stop,platform,SOTRA,,official
6919327589,5.3241224,-4.0669544,Carrefour Petit Toit Rouge,bus_stop,platform,,,official
6919327590,5.3251706,-4.0710314,Marche Koute,bus_stop,platform,,,official
6919327591,5.3254550,-4.0761933,Palais de Justice Yopougon,bus_stop,platform,,,official
6919327594,5.3264405,-4.0914322,Texaco,bus_stop,platform,,no,official
6919327595,5.3277290,-4.0976496,Paroisse Sainte Rita,bus_stop,platform,,no,official
6919327596,5.3283566,-4.1005786,Ancien Terminus 044,bus_stop,platform,,no,official
6919327597,5.3295851,-4.1035169,BNI Lubafrique,bus_stop,platform,,no,official
6919327598,5.3307695,-4.1063239,Paroisse St Matthieu,bus_stop,platform,,no,official
6919758025,5.2989802,-3.9843455,Orca,bus_stop,platform,SOTRA,no,official
6919758026,5.2961308,-3.9792079,Pharmacie Tiacoh,bus_stop,platform,SOTRA,no,official
6919758027,5.2944182,-3.9761133,Clinique la Madone,bus_stop,platform,SOTRA,no,official
6919758028,5.2930364,-3.9735610,Shell Blvd Gabon,bus_stop,platform,SOTRA,no,official
6919758029,5.2927669,-3.9712223,Pharmacie du Gabon,bus_stop,platform,SOTRA,no,official
6919758030,5.2932236,-3.9690283,Pharmacie Soleil,bus_stop,platform,SOTRA,no,official
6919758031,5.2940572,-3.9653560,Pharmacie Iroko,bus_stop,platform,SOTRA,no,official
6919758032,5.2951940,-3.9603780,Pharmacie St François,bus_stop,platform,SOTRA,no,official
6919758033,5.2961331,-3.9565104,UTB Koumassi,bus_stop,platform,SOTRA,no,official
6919758034,5.2975990,-3.9526269,1ère Entrée Sogefia,bus_stop,platform,SOTRA,no,official
6919758035,5.2987485,-3.9476715,Garage Akwaba,bus_stop,platform,SOTRA,no,official
6919758036,5.3015611,-3.9469718,Cours la Source,bus_stop,platform,SOTRA,no,official
6919758038,5.3077511,-3.9466929,Collège Bon Samaritain,bus_stop,platform,SOTRA,no,official
6919758039,5.3099048,-3.9473289,Pharmacie Fanny,bus_stop,platform,SOTRA,no,official
6919758041,5.3109373,-3.9448619,Terminus Koumassi Nord-Est,bus_stop,platform,SOTRA,no,official
6924851825,5.3025653,-4.0107674,Avenue 18 Rue 12,bus_stop,platform,SOTRA,,official
6924851826,5.3039780,-4.0112496,Avenue 14 Rue 12,bus_stop,platform,SOTRA,,official
6924851828,5.3028704,-4.0006757,Terminus Entente,bus_stop,platform,SOTRA,,official
6924851829,5.3015791,-4.0016802,Cite Arras 3,bus_stop,platform,SOTRA,,official
6924851830,5.3008820,-4.0035550,Agence Bicici Arras,bus_stop,platform,SOTRA,,official
6924851831,5.2999593,-4.0062869,Ancien Terminus 67,bus_stop,platform,SOTRA,,official
6924851833,5.3586294,-4.0277536,Gare Nord,bus_stop,platform,SOTRA,,official
6924979791,5.3027355,-4.0107085,Avenue 19 Rue 12,bus_stop,platform,SOTRA,,official
6924979792,5.3027609,-4.0069681,Avenue 21 Rue 21,bus_stop,platform,SOTRA,no,official
6924979794,5.3032777,-4.0008245,Terminus Entente,bus_stop,platform,SOTRA,,official
6926746685,5.3296325,-4.0210853,Police Judiciaire Plateau,bus_stop,platform,SOTRA,,official
6926746686,5.3309876,-4.0236032,Terminus Cité Administrative,bus_stop,platform,SOTRA,,official
6926746688,5.3149603,-4.0189790,Gare Sud,bus_stop,platform,SOTRA,no,official
6926746689,5.3018268,-4.0095705,Restaurant Marakech,bus_stop,platform,SOTRA,no,official
6926746750,5.4390503,-3.9860686,Cimetière Abobo Baoule,bus_stop,platform,SOTRA,no,official
6926746751,5.4227969,-3.9902366,Hôpital Abobo Baoule,bus_stop,platform,SOTRA,no,official
6926746752,5.4154549,-3.9996626,Monastère,bus_stop,platform,SOTRA,no,official
6926746754,5.4155138,-4.0053774,Cours Kennedy,bus_stop,platform,SOTRA,no,official
6926746755,5.4152696,-4.0071858,Carrefour Samaké,bus_stop,platform,SOTRA,no,official
6926746757,5.3590439,-4.0280449,Gare Nord,bus_stop,platform,SOTRA,yes,official
6926746758,5.4155923,-4.0022743,Ivograin,bus_stop,platform,SOTRA,no,official
6926746759,5.4156219,-3.9929392,Abobo Baoulé,bus_stop,platform,SOTRA,no,official
6926746760,5.4196603,-3.9908193,34e Arrondissement,bus_stop,platform,SOTRA,no,official
6926746761,5.4221392,-3.9904576,Hôpital Abobo Baoule,bus_stop,platform,SOTRA,no,official
6926746762,5.4258855,-3.9898404,Arrêt Céleste,bus_stop,platform,SOTRA,no,official
6926746763,5.4336800,-3.9886816,Pharmacie Belleville,bus_stop,platform,SOTRA,no,official
6926746765,5.4407966,-3.9844476,Quincaillerie,bus_stop,platform,SOTRA,no,official
6926746766,5.4428496,-3.9815830,Chapelle St Jean Baptiste,bus_stop,platform,SOTRA,no,official
6926746767,5.4453819,-3.9784121,Ancien Terminus Biabou,bus_stop,platform,SOTRA,no,official
6926943107,5.3079239,-3.9465913,Collège Bon Samaritain,bus_stop,platform,SOTRA,no,official
6926943108,5.3054068,-3.9451848,Résidence Agouti,bus_stop,platform,SOTRA,no,official
6926943109,5.3012653,-3.9835430,PMI Marcory,bus_stop,platform,SOTRA,no,official
6926943110,5.3037023,-4.0040298,Pharmacie Notre-Dame,bus_stop,platform,,no,
6926943111,5.3146776,-4.0185633,Gare Sud,bus_stop,platform,SOTRA,yes,official
6926943112,5.3311928,-4.0236086,Terminus Cité Administrative,bus_stop,platform,SOTRA,,official
6927037611,5.4159386,-3.9930649,Terminus Abobo Baoulé,bus_stop,platform,,no,
6927037612,5.4082563,-4.0063512,Arrêt,bus_stop,platform,SOTRA,no,official
6927037613,5.4057129,-4.0063848,Pharmacie Dokui,bus_stop,platform,SOTRA,no,official
6927037614,5.4014271,-4.0064344,SGBCI Dokui,bus_stop,platform,SOTRA,no,official
6927037615,5.3949256,-4.0063284,Collège Larousse,bus_stop,platform,SOTRA,,official
6927037616,5.3874906,-4.0056337,Carrefour Bandji,bus_stop,platform,SOTRA,,official
6927037617,5.3801858,-4.0066168,Carrefour Zoo,bus_stop,platform,SOTRA,,official
6927037618,5.3629281,-4.0167207,Carrefour Williamsville,bus_stop,platform,SOTRA,,official
6927037619,5.3487595,-4.0169975,Edipresse,bus_stop,platform,SOTRA,,official
6927037621,5.3411247,-4.0237561,Mission Libanaise Adjamé,bus_stop,platform,SOTRA,no,official
6927037622,5.3372751,-4.0237963,Cité Policière Plateau,bus_stop,platform,SOTRA,no,official
6927037623,5.3339228,-4.0238091,Tour Administrative,bus_stop,platform,SOTRA,no,official
6927037625,5.3310139,-4.0238251,Terminus Cité Administrative,bus_stop,platform,,,
6927037626,5.3339515,-4.0238861,Tour Administrative,bus_stop,platform,SOTRA,no,official
6927037627,5.3377117,-4.0238741,Cité Policière Plateau,bus_stop,platform,SOTRA,no,official
6927037631,5.4018510,-4.0065450,SGBCI Dokui,bus_stop,platform,SOTRA,no,official
6927037633,5.4158855,-3.9933257,Terminus Abobo Baoulé,bus_stop,platform,SOTRA,yes,
6927327302,5.3434193,-4.0125125,Ivoire Aviation,bus_stop,platform,SOTRA,no,official
6927327303,5.3462875,-4.0103211,Clinique Providence,bus_stop,platform,SOTRA,no,official
6927327304,5.3494085,-4.0088409,Lycée Technique,bus_stop,platform,SOTRA,no,official
6927327305,5.3529759,-4.0044479,198 Lgts,bus_stop,platform,SOTRA,no,official
6927327307,5.4048341,-3.9851533,Terminus 81-82 Angre,bus_stop,platform,SOTRA,no,official
6927327308,5.4082838,-3.9867901,Pharmacie des Allées 1,bus_stop,platform,SOTRA,no,official
6927327309,5.4072543,-3.9890538,Cité Angré Star 2,bus_stop,platform,SOTRA,no,official
6927327310,5.3528041,-4.0043218,198 Lgts,bus_stop,platform,SOTRA,no,official
6927327311,5.3493597,-4.0085859,Lycée Technique,bus_stop,platform,SOTRA,no,official
6927327312,5.3461658,-4.0102683,Clinique Providence,bus_stop,platform,SOTRA,no,official
6927327313,5.3433536,-4.0124663,Ivoire Aviation,bus_stop,platform,SOTRA,no,official
6927327314,5.3147983,-4.0186967,Gare Sud,bus_stop,platform,SOTRA,yes,official
6927330411,5.3028043,-3.9460649,Cours la Source,bus_stop,platform,SOTRA,no,official
6927330412,5.3120389,-3.9450815,Terminus 56 Koumassi Nord-Est,bus_stop,platform,SOTRA,,official
6927330413,5.3099838,-3.9472561,Pharmacie Fanny,bus_stop,platform,SOTRA,no,official
6927330414,5.3362229,-4.0047298,Carrefour Lycée Classique,bus_stop,platform,SOTRA,no,official
6927330416,5.3462362,-3.9938503,Gare Campus,bus_stop,platform,SOTRA,yes,official
6927544633,5.3463523,-3.9972169,Ecobank Cité des Arts,bus_stop,platform,SOTRA,no,official
6927544636,5.3358129,-4.0029552,Eglise St-Jean,bus_stop,platform,,no,official
6927600976,5.3536864,-4.0175371,Station Corlay Renault,bus_stop,platform,SOTRA,yes,official
6927600977,5.3567305,-4.0250561,Mirador Adjamé,bus_stop,platform,SOTRA,yes,official
6927694921,5.3592890,-4.0275576,Gare Nord,bus_stop,platform,SOTRA,yes,official
6928179123,5.3534453,-3.9700449,Terminus Riviera Africaine,bus_stop,platform,SOTRA,,official
6928179124,5.3533843,-3.9736250,EPP Sogefia Riviera 2,bus_stop,platform,SOTRA,,official
6928179125,5.3525924,-3.9780694,Station Total Riviera 2,bus_stop,platform,SOTRA,,official
6928179126,5.3512737,-3.9805623,Petite Mosquée Riviera 2,bus_stop,platform,SOTRA,,official
6928250859,5.3518576,-3.9800267,Petite Mosquée Riviera 2,bus_stop,platform,SOTRA,,official
6928250860,5.3526214,-3.9782779,Station Total Riviera 2,bus_stop,platform,SOTRA,,official
6928250861,5.3530707,-3.9761267,Cité Universitaire Riviera 2,bus_stop,platform,SOTRA,,official
6928250862,5.3534857,-3.9702004,Terminus Riviera Africaine,bus_stop,platform,SOTRA,,official
6928681599,5.2563753,-3.9975737,Terminus Vridi Iran,bus_stop,platform,SOTRA,no,official
6928681601,5.2947326,-4.0101948,Socimat,bus_stop,platform,SOTRA,no,official
6928681602,5.3588804,-4.0279685,Gare Nord,bus_stop,platform,SOTRA,yes,official
6928704112,5.3050253,-4.0228910,Direction Generale du Port,bus_stop,platform,SOTRA,no,official
6928704113,5.3002851,-4.0170398,Sovinci Port,bus_stop,platform,SOTRA,no,official
6928704114,5.2977800,-4.0140854,Etablissement Rey Port,bus_stop,platform,SOTRA,no,official
6928704115,5.2636281,-3.9986157,CPMA,bus_stop,platform,SOTRA,no,official
6928704117,5.2562023,-3.9975254,Terminus Vridi Iran,bus_stop,platform,SOTRA,no,official
6929796960,5.3143818,-4.0182207,Gare Sud,bus_stop,platform,SOTRA,yes,official
6929849943,5.3149620,-4.0189046,Gare Sud,bus_stop,platform,SOTRA,no,official
6930917942,5.3612016,-3.8943455,Lycee Jeune Fille de Bingerville,bus_stop,platform,SOTRA,,official
6930917944,5.3640577,-3.9537303,Station Total Route de Bingerville,bus_stop,platform,SOTRA,,official
6930917946,5.3673945,-3.9456300,Nouveau Camp Akouédo,bus_stop,platform,SOTRA,,official
6930917947,5.3701050,-3.9389929,Carrefour Faya,bus_stop,platform,SOTRA,,official
6930917948,5.3712573,-3.9347483,Résidence Genie 2000,bus_stop,platform,SOTRA,,official
6930917949,5.3725084,-3.9301188,Carrefour Nouveau Goudron,bus_stop,platform,SOTRA,,official
6930917950,5.3741413,-3.9237472,Jules Verne,bus_stop,platform,SOTRA,,official
6930917951,5.3718715,-3.9108525,Pharmacie St Silvestre,bus_stop,platform,SOTRA,,official
6930917952,5.3633047,-3.9078860,Hotel Free world Bingerville,bus_stop,platform,SOTRA,,official
6930917953,5.3606115,-3.9031767,Universite Pole Scientifique,bus_stop,platform,SOTRA,,official
6930917954,5.3602750,-3.8979524,Carrefour CIE Bingerville,bus_stop,platform,SOTRA,,official
6930917956,5.3577634,-3.8909747,Lycée Garçon Bingerville,bus_stop,platform,SOTRA,,official
6930917959,5.3606740,-3.8841063,Terminus Hopital Mere-Enfant,bus_stop,platform,,,
6930917962,5.3576746,-3.8908299,Lycée Garçon de Bingerville,bus_stop,platform,SOTRA,,official
6930917963,5.3601095,-3.8979685,Carrefour CIE Bingerville,bus_stop,platform,SOTRA,,official
6930917964,5.3602150,-3.9020951,Universite Pole Scientifique,bus_stop,platform,SOTRA,,official
6930917967,5.3714883,-3.9108391,Pharmacie St Silvestre,bus_stop,platform,SOTRA,,official
6930917968,5.3740098,-3.9233838,Jules Verne,bus_stop,platform,SOTRA,,official
6930917969,5.3716378,-3.9324215,Hypermarché Carrefour,bus_stop,platform,SOTRA,,official
6930917970,5.3701704,-3.9379911,Carrefour Faya,bus_stop,platform,SOTRA,,official
6930917971,5.3671088,-3.9456984,Nouveau Camp Akouedo,bus_stop,platform,SOTRA,,official
6930917972,5.3640882,-3.9528454,Station Total Route de Bingerville,bus_stop,platform,SOTRA,,official
6930917973,5.3617224,-3.9579964,Arrêt Après Barrage,bus_stop,platform,SOTRA,,official
6931151021,5.2993777,-3.9472300,Garage Akwaba,bus_stop,platform,SOTRA,no,official
6931151022,5.2975523,-3.9523798,1ère Entrée Sogefia,bus_stop,platform,SOTRA,no,official
6931151023,5.2958991,-3.9571428,UTB Koumassi,bus_stop,platform,SOTRA,no,official
6931151024,5.2952895,-3.9596352,Pharmacie St François,bus_stop,platform,SOTRA,no,official
6931151025,5.2941480,-3.9646379,Pharmacie Iroko,bus_stop,platform,SOTRA,no,official
6931151026,5.2930190,-3.9695374,Pharmacie Soleil,bus_stop,platform,SOTRA,no,official
6931151027,5.2925418,-3.9716830,Pharmacie du Gabon,bus_stop,platform,SOTRA,no,official
6931151028,5.2940696,-3.9757097,Clinique la Madone,bus_stop,platform,SOTRA,no,official
6931151029,5.2965781,-3.9801776,Pharmacie Tiacoh,bus_stop,platform,SOTRA,no,official
6931151030,5.2987848,-3.9842209,Orca,bus_stop,platform,SOTRA,no,official
6931151031,5.3590066,-4.0276680,Gare Nord,bus_stop,platform,SOTRA,yes,official
6931273195,5.2873212,-3.9540428,Koumassi Sicogi - Dépôt SOTRA,bus_stop,platform,,yes,
6931273196,5.2849829,-3.9642560,Eglise Ste Trinité,bus_stop,platform,SOTRA,yes,official
6931273197,5.2873940,-3.9650760,Pharmacie St Auguste,bus_stop,platform,SOTRA,yes,official
6931273198,5.2873493,-3.9684516,Hôpital General de Koumassi,bus_stop,platform,SOTRA,yes,official
6931273200,5.2930222,-3.9762277,SICOMEX Marcory,bus_stop,platform,SOTRA,yes,official
6931273203,5.3148159,-4.0184375,Gare Sud,bus_stop,platform,SOTRA,yes,official
6931792543,5.3074333,-4.0117627,Rond Point Treichville,bus_stop,platform,SOTRA,,official
6931792544,5.3090558,-4.0071049,Ex Seny Fofana,bus_stop,platform,SOTRA,yes,official
6931792545,5.2889971,-3.9672808,Centre Commercial Koumassi,bus_stop,platform,SOTRA,yes,official
6931792546,5.2840148,-3.9617206,Station Shell,bus_stop,platform,SOTRA,yes,official
6931792547,5.2847439,-3.9586401,Station Vinko,bus_stop,platform,SOTRA,yes,official
6931792548,5.2857761,-3.9543311,Pharmacie St Lucien,bus_stop,platform,SOTRA,yes,official
6931792550,5.2884523,-3.9538698,Terminus 25 Koumassi Sicogi,bus_stop,platform,SOTRA,yes,official
6931985671,5.2870313,-3.9704987,Grd Carrefour Koumassi,bus_stop,platform,SOTRA,,official
6931985672,5.2986570,-4.0010775,Terminus Ivosep,bus_stop,platform,SOTRA,no,official
6932152400,5.3266688,-4.0600764,Pharmacie Chigatha,bus_stop,platform,SOTRA,no,official
6932152402,5.3250076,-4.0598402,Terminus Ecole Gandhi,bus_stop,platform,SOTRA,no,official
6932152404,5.3253408,-4.0599193,Terminus Ecole Gandhi,bus_stop,platform,SOTRA,no,official
6932152407,5.3148530,-4.0182858,Gare Sud,bus_stop,platform,SOTRA,yes,official
6932239011,5.3290966,-3.9518974,Arret DC10,bus_stop,platform,,,
6932239013,5.3443655,-3.9526011,Carrefour Mel,bus_stop,platform,SOTRA,,official
6932239014,5.3486530,-3.9535043,Pharmacie Riviera 3,bus_stop,platform,SOTRA,,official
6932239015,5.3509724,-3.9545015,Collège Ardoise,bus_stop,platform,SOTRA,,official
6932239016,5.3550168,-3.9606719,Station Corlay,bus_stop,platform,SOTRA,,official
6932239017,5.3569209,-3.9637336,Maquis Km9,bus_stop,platform,SOTRA,,official
6932239019,5.3149333,-4.0185761,Gare Sud,bus_stop,platform,SOTRA,yes,official
6932253478,5.4127958,-3.9808790,Angré Château,bus_stop,platform,,no,
6932253479,5.4102418,-3.9845844,Batim CI,bus_stop,platform,,no,official
6932253480,5.3866094,-3.9930569,BIAO les Perles,bus_stop,platform,SOTRA,no,official
6932253481,5.4088865,-3.9867550,Pharmacie des Allées,bus_stop,platform,,no,official
6932253483,5.4128465,-3.9809272,Terminus Angre Chateau,bus_stop,platform,,no,
6932323632,5.3569409,-3.9635029,Maquis Km9,bus_stop,platform,SOTRA,,official
6932323633,5.3517214,-3.9543647,Collège Ardoise,bus_stop,platform,SOTRA,,official
6932323634,5.3485048,-3.9531872,Pharmacie Riviera 3,bus_stop,platform,SOTRA,,official
6932323635,5.3446493,-3.9524929,Carrefour Mel,bus_stop,platform,SOTRA,,official
6932323636,5.3284357,-3.9452743,Ecole Libanaise,bus_stop,platform,Sotra,,
6933043352,5.3222604,-4.0623433,Terminus 37 Camp Militaire,bus_stop,platform,SOTRA,,official
6933043354,5.3246012,-4.0599135,Terminus Ecole Gandhi,bus_stop,platform,SOTRA,no,official
6933043356,5.3300685,-4.0581514,Arrêt BAE,bus_stop,platform,SOTRA,no,official
6933043357,5.3314563,-4.0559341,Pharmacie Toit Rouge,bus_stop,platform,SOTRA,no,official
6933043359,5.3145591,-4.0184250,Gare Sud,bus_stop,platform,SOTRA,yes,official
6933080251,5.3283383,-3.9448734,Ecole Libanaise,bus_stop,platform,,no,
6933080253,5.3283424,-3.9475616,Cité Filao,bus_stop,platform,SOTRA,no,official
6933080256,5.3294930,-3.9804210,Rond point du 3e Pont,bus_stop,platform,,no,official
6933080257,5.3353723,-3.9996752,PMI Cocody 1,bus_stop,platform,,no,official
6933080258,5.3284324,-3.9404888,Mosquée Cité Eden,bus_stop,platform,,,unofficial
6933080263,5.3391939,-3.9789297,Mosquee du Golf 2,bus_stop,platform,,no,
6933080264,5.3326803,-3.9810967,Carrefour Policier,bus_stop,platform,,no,official
6933128807,5.3312516,-4.0560298,Pharmacie Toit Rouge,bus_stop,platform,SOTRA,no,official
6933128808,5.3299735,-4.0578547,Arrêt BAE,bus_stop,platform,SOTRA,no,official
6933128810,5.3222614,-4.0624208,Terminus 37 Camp Militaire,bus_stop,platform,SOTRA,,official
6933231056,5.3018168,-4.0093620,Restaurant Marakech,bus_stop,platform,SOTRA,no,official
6933231057,5.3027195,-4.0067388,Avenue 21 Rue 21,bus_stop,platform,SOTRA,no,official
6933291484,5.3589712,-4.0272913,Gare Nord,bus_stop,platform,SOTRA,no,official
6933302185,5.3591995,-4.0277539,Gare Nord,bus_stop,platform,SOTRA,yes,official
6934648710,5.4266332,-4.0210558,Maquis Chocolate,bus_stop,platform,SOTRA,no,official
6934648711,5.4437965,-4.0532188,Taxi Gare,bus_stop,platform,SOTRA,no,official
6934648712,5.4436230,-4.0596655,Carrefour Céleste,bus_stop,platform,SOTRA,no,official
6934648714,5.4433880,-4.0675472,Maquis Prelat,bus_stop,platform,SOTRA,no,official
6934648715,5.4428060,-4.0693985,Carrefou N'dotré,bus_stop,platform,SOTRA,no,official
6934648716,5.4392747,-4.0686147,Pharmacie Olympic,bus_stop,platform,SOTRA,no,official
6934648717,5.4321434,-4.0686630,Sotrapim,bus_stop,platform,SOTRA,no,official
6934648718,5.4282230,-4.0699659,Carrefour Bangui,bus_stop,platform,SOTRA,no,official
6934648719,5.4130040,-4.0783779,Phaiblaiss,bus_stop,platform,SOTRA,no,official
6934648721,5.4009224,-4.0842761,Carrefour Cité Ado,bus_stop,platform,SOTRA,no,official
6934648722,5.3935763,-4.0810159,Ancien Barrage,bus_stop,platform,SOTRA,no,official
6934648723,5.3892384,-4.0784530,MACA,bus_stop,platform,SOTRA,no,official
6934648724,5.3836466,-4.0757427,SODEFOR,bus_stop,platform,SOTRA,no,official
6934648725,5.3747704,-4.0773951,Arrêt 1er Carrefour 2,bus_stop,platform,SOTRA,no,official
6934648728,5.3838941,-4.0759718,SODEFOR,bus_stop,platform,SOTRA,no,official
6934648729,5.3890320,-4.0784458,MACA,bus_stop,platform,SOTRA,no,official
6934648730,5.3928929,-4.0806236,Ancien Barrage,bus_stop,platform,SOTRA,no,official
6934648731,5.4014804,-4.0842976,Carrefour Cité Ado,bus_stop,platform,SOTRA,no,official
6934648732,5.4130749,-4.0784144,Phaiblaiss,bus_stop,platform,SOTRA,no,official
6934648733,5.4279813,-4.0701950,Carrefour Bangui,bus_stop,platform,SOTRA,no,official
6934648734,5.4326393,-4.0686617,Sotrapim,bus_stop,platform,SOTRA,no,official
6934648735,5.4427909,-4.0694980,Carrefou N'dotré,bus_stop,platform,SOTRA,no,official
6934648737,5.4437194,-4.0603224,Carrefour Céleste,bus_stop,platform,SOTRA,no,official
6934648738,5.4439163,-4.0529418,Taxi Gare,bus_stop,platform,SOTRA,no,official
6934648740,5.4392616,-4.0441189,Gare Routière Anokoi,bus_stop,platform,SOTRA,no,official
6934657651,5.2690497,-3.9618933,Carrefour Akwaba,bus_stop,platform,SOTRA,yes,official
6934657652,5.2629137,-3.9633662,Hôpital General,bus_stop,platform,SOTRA,yes,official
6934657653,5.2574343,-3.9637684,Marché Port-Bouët,bus_stop,platform,SOTRA,no,official
6934657654,5.2566130,-3.9615838,Carrefour Océan,bus_stop,platform,SOTRA,yes,official
6934657656,5.2530566,-3.9607128,Wharf Port-Bouët,bus_stop,platform,SOTRA,yes,official
6934657657,5.2510654,-3.9560196,Terminus Port-Bouët Phare,bus_stop,platform,SOTRA,yes,official
6934798183,5.3970485,-4.0026866,Centre Commercial du Dokui,bus_stop,platform,,no,
6934798184,5.3997114,-4.0014133,Sainte Monique,bus_stop,platform,,no,
6934815685,5.3994163,-3.9960703,Superette Akwaba,bus_stop,platform,SOTRA,no,official
6934815687,5.3992394,-3.9959832,Superette Akwaba,bus_stop,platform,SOTRA,no,official
6934815688,5.3994417,-3.9972693,Pharmacie Sainte Monique,bus_stop,platform,,no,
6934815689,5.3997942,-4.0008152,Station Petro Ivoire,bus_stop,platform,,no,
6934815690,5.3994657,-4.0013301,Sainte Monique,bus_stop,platform,,no,
6934815692,5.3970104,-4.0026122,Centre Commercial du Dokui,bus_stop,platform,,no,
6934872150,5.3221427,-4.0507592,Terminus Mosquée Kowëit,bus_stop,platform,SOTRA,,official
6934872151,5.3236560,-4.0802954,EPP Espoir des Mamans,bus_stop,platform,SOTRA,,official
6934922723,5.4604852,-4.0109693,Terminus Akéikoi,bus_stop,platform,SOTRA,no,official
6934922724,5.4553661,-4.0111229,Collège Destin,bus_stop,platform,SOTRA,no,official
6934922725,5.4531045,-4.0126678,André Bar,bus_stop,platform,SOTRA,no,official
6934922726,5.4493303,-4.0136653,Carrefour Bangui,bus_stop,platform,SOTRA,no,official
6934922727,5.4446726,-4.0143502,Pharmacie Route Akéikoi,bus_stop,platform,SOTRA,no,official
6934922728,5.4400397,-4.0141819,Carrefour Chibrou,bus_stop,platform,SOTRA,yes,official
6934922731,5.4327296,-4.0138430,15e Arrondissement Abobo,bus_stop,platform,SOTRA,no,official
6934922732,5.4336260,-4.0124144,Pharmacie Sogefia,bus_stop,platform,SOTRA,no,official
6934922733,5.4393221,-4.0143033,Carrefour Chibrou,bus_stop,platform,SOTRA,no,official
6934922734,5.4445569,-4.0144850,Pharmacie Route Akéikoi,bus_stop,platform,SOTRA,no,official
6934922735,5.4492316,-4.0137649,Carrefour Bangui,bus_stop,platform,SOTRA,no,official
6934922736,5.4526933,-4.0130487,André Bar,bus_stop,platform,SOTRA,no,official
6934922737,5.4554448,-4.0112489,Collège Destin,bus_stop,platform,SOTRA,no,official
6934922738,5.4604068,-4.0110518,Terminus Akéikoi,bus_stop,platform,SOTRA,no,official
6934970640,5.3102833,-4.0352396,Gare Terrestre Abobo Doumé,bus_stop,platform,SOTRA,yes,official
6935113685,5.4306955,-4.0240807,Pharmacie Tehoua,bus_stop,platform,SOTRA,no,official
6935113687,5.3314331,-4.0236099,Terminus Cité Administrative,bus_stop,platform,SOTRA,,official
6935117220,5.3591731,-4.0273828,Gare Nord,bus_stop,platform,SOTRA,,official
6935117222,5.3610508,-3.9897309,Station Total 2Pltx,bus_stop,platform,SOTRA,no,official
6935117223,5.3653222,-3.9897537,Cash Ivoire 2Pltx,bus_stop,platform,SOTRA,no,official
6935117224,5.3686629,-3.9898950,Nuit Saigon,bus_stop,platform,SOTRA,no,official
6935117225,5.3727320,-3.9904759,Carrefour Résidence Bada,bus_stop,platform,SOTRA,no,official
6935117227,5.3770534,-3.9926612,Pharmacie Ste Cécile,bus_stop,platform,SOTRA,no,official
6935251104,5.3771843,-3.9926425,Pharmacie Ste Cécile,bus_stop,platform,SOTRA,no,official
6935251105,5.3743029,-3.9904377,Patisserie SOCOCE,bus_stop,platform,SOTRA,no,official
6935251106,5.3686002,-3.9897873,Nuit Saigon,bus_stop,platform,SOTRA,no,official
6935251107,5.3649630,-3.9897014,Cash Ivoire 2Pltx,bus_stop,platform,SOTRA,no,official
6935251108,5.3606736,-3.9896753,Station Total 2Pltx,bus_stop,platform,SOTRA,no,official
6935251109,5.3576192,-3.9907542,SGBCI Vallon,bus_stop,platform,SOTRA,yes,official
6935251110,5.3522302,-3.9912866,Cité des Cadres,bus_stop,platform,SOTRA,yes,official
6935251111,5.3387479,-3.9999300,Cité Air Afrique,bus_stop,platform,SOTRA,yes,official
6935251112,5.3591486,-4.0278480,Gare Nord,bus_stop,platform,SOTRA,yes,official
6935274791,5.2624055,-3.9826874,Pharmacie Vridi SIR,bus_stop,platform,SOTRA,no,official
6935274792,5.2569108,-3.9774759,EPP Petit Bassam,bus_stop,platform,SOTRA,no,official
6935274793,5.2574670,-3.9699624,EPP Selmer,bus_stop,platform,SOTRA,no,official
6935274794,5.2585828,-3.9657030,Mairie Port-Bouët,bus_stop,platform,SOTRA,no,official
6935274796,5.2568159,-3.9608596,Parmacie Océan,bus_stop,platform,SOTRA,yes,official
6935274797,5.2561990,-3.9581761,Lycée Moderne de Port-Bouët,bus_stop,platform,SOTRA,no,official
6935274799,5.2758153,-3.9661886,Digue Koumassi,bus_stop,platform,SOTRA,no,official
6935274800,5.2813773,-3.9692268,CIE BIA SUD,bus_stop,platform,SOTRA,,official
6935274801,5.2900094,-3.9629450,EPP BAD,bus_stop,platform,SOTRA,yes,official
6935274802,5.2907532,-3.9596587,Eglise Dehima,bus_stop,platform,SOTRA,yes,official
6935274803,5.2941130,-3.9554939,Cimetière Koumassi,bus_stop,platform,SOTRA,yes,official
6935274804,5.2982383,-3.9497783,Pharmacie Regina,bus_stop,platform,SOTRA,no,official
6935274805,5.2982148,-3.9495457,Pharmacie Regina,bus_stop,platform,SOTRA,no,official
6935274806,5.2909815,-3.9582726,EX Collège Ajavon,bus_stop,platform,SOTRA,no,official
6935274807,5.2902818,-3.9612938,EPP BAD,bus_stop,platform,SOTRA,no,official
6935274808,5.2889304,-3.9668678,Centre Commercial Koumassi,bus_stop,platform,SOTRA,no,official
6935274809,5.2768282,-3.9667035,Digue Koumassi,bus_stop,platform,SOTRA,no,official
6935274810,5.2576733,-3.9577992,43e BIMA,bus_stop,platform,SOTRA,no,official
6935274811,5.2560567,-3.9579253,Lycée Moderne de Port-Bouët,bus_stop,platform,SOTRA,no,official
6935274812,5.2574841,-3.9642421,Marché Port-Bouët,bus_stop,platform,SOTRA,no,official
6935274813,5.2584835,-3.9657569,Mairie Port-Bouët,bus_stop,platform,SOTRA,no,official
6935274814,5.2576319,-3.9693877,EPP Selmer,bus_stop,platform,SOTRA,no,official
6935401280,5.4086889,-4.0063385,Carrefour Mauritanien,bus_stop,platform,SOTRA,no,official
6935401281,5.4109493,-4.0062828,Carrefour Aboboté,bus_stop,platform,SOTRA,no,official
6935401282,5.4141730,-4.0062520,ANADER Abobo,bus_stop,platform,SOTRA,no,official
6935401284,5.4189200,-4.0140559,Ciné Cool,bus_stop,platform,SOTRA,no,official
6935488165,5.2983706,-4.0041834,Palais des Sports Treichville,bus_stop,platform,SOTRA,yes,official
6935488166,5.2470403,-3.9445075,33e Arrondissement,bus_stop,platform,SOTRA,no,official
6935488167,5.2446806,-3.9295542,Dernier Arrêt Adjoufou,bus_stop,platform,SOTRA,no,official
6935488168,5.2440381,-3.9255980,Avant dernier Arrêt Adjoufou,bus_stop,platform,SOTRA,no,official
6935488169,5.2434545,-3.9220440,Pharmacie des Plages,bus_stop,platform,SOTRA,no,official
6935488170,5.2426599,-3.9170243,Pharmacie Santé pour Tous,bus_stop,platform,SOTRA,no,official
6935488171,5.2417851,-3.9115848,Arrêt Mosquée,bus_stop,platform,SOTRA,yes,official
6935488172,5.2407648,-3.9051327,Eglise Catholique Gonzagueville,bus_stop,platform,SOTRA,no,official
6935494486,5.2608250,-3.9593026,Arrêt INFS,bus_stop,platform,SOTRA,no,official
6935494487,5.2976825,-3.9845690,Avenue de la Côte d'Ivoire / Boulevard V.G.E.,bus_stop,platform,SOTRA,yes,official
6935494488,5.2402778,-3.9005942,Terminus Gonzagueville,bus_stop,platform,SOTRA,no,official
6935494499,5.2405691,-3.9050053,Eglise Catholique Gonzagueville,bus_stop,platform,SOTRA,no,official
6935494500,5.2414058,-3.9104489,Arrêt Mosquée,bus_stop,platform,SOTRA,yes,official
6935494501,5.2422365,-3.9156765,Arrêt Casier,bus_stop,platform,SOTRA,no,official
6935494502,5.2431860,-3.9216458,3e Arrêt Adjoufou,bus_stop,platform,SOTRA,no,official
6935494503,5.2437257,-3.9251146,2e Arrêt Adjoufou,bus_stop,platform,SOTRA,no,official
6935494504,5.2444775,-3.9298091,1er Arrêt Adjoufou,bus_stop,platform,SOTRA,no,official
6935494505,5.2456701,-3.9372025,Arrêt Djeddah,bus_stop,platform,SOTRA,no,official
6935494506,5.2463232,-3.9413426,ex Hôtel Vigie,bus_stop,platform,SOTRA,no,official
6935494507,5.2492807,-3.9541522,Ets Sylla et Frères,bus_stop,platform,SOTRA,no,official
6935494508,5.2573475,-3.9579213,43e BIMA,bus_stop,platform,SOTRA,no,official
6935494509,5.2991180,-4.0065188,Palais des Sports Treichville,bus_stop,platform,SOTRA,yes,official
6935494511,5.3101948,-4.0149692,Terminus Marche Treichville,bus_stop,platform,,no,
6937770645,5.3001426,-4.0079908,Kabalane,bus_stop,platform,SOTRA,no,official
6937770646,5.2618319,-3.9594314,Arrêt INFS,bus_stop,platform,SOTRA,no,official
6937770647,5.2467278,-3.9424717,ex Hôtel Vigie,bus_stop,platform,SOTRA,no,official
6937770649,5.2395482,-3.8973275,Carrefour Commissariat,bus_stop,platform,SOTRA,no,official
6937770652,5.2375957,-3.8845293,Carrefour Motar,bus_stop,platform,SOTRA,no,official
6937770653,5.2368982,-3.8800945,Terminus Anani,bus_stop,platform,SOTRA,no,official
6937770655,5.2368916,-3.8749902,Arrêt Rond Point Anani,bus_stop,platform,SOTRA,no,official
6937770656,5.2372444,-3.8833565,Carrefour Motar,bus_stop,platform,SOTRA,no,official
6937770657,5.2380744,-3.8889650,Carrefour Abraham,bus_stop,platform,SOTRA,no,official
6937770659,5.2391862,-3.8962466,Ancien Corridor,bus_stop,platform,SOTRA,no,official
6937789671,5.2562110,-3.9649889,Restaurant Kader,bus_stop,platform,SOTRA,no,official
6938095648,5.4354794,-4.0152200,Gare Sotra Abobo,bus_stop,platform,SOTRA,yes,official
6938222040,5.4251075,-4.0224579,Epp Agnikro BAD,bus_stop,platform,SOTRA,no,official
6938222041,5.4195301,-4.0238687,21e Arrondissement,bus_stop,platform,SOTRA,no,official
6938222042,5.4148659,-4.0240283,Eglise Universelle Sagbé,bus_stop,platform,SOTRA,no,official
6938222043,5.4148024,-4.0294940,Pharmacie St Antoine,bus_stop,platform,SOTRA,no,official
6938324861,5.5005578,-4.0807772,Terminus Ebimpé,bus_stop,platform,SOTRA,no,official
6938324863,5.5033477,-4.0785804,Arrêt Rue Jerusalem,bus_stop,platform,SOTRA,no,official
6938324864,5.5023733,-4.0769590,EPP Ebimpé,bus_stop,platform,SOTRA,no,official
6938324866,5.5002481,-4.0755107,Hôtel Olympique,bus_stop,platform,SOTRA,no,official
6938324867,5.5002334,-4.0734400,Arrêt Fransciscain,bus_stop,platform,SOTRA,no,official
6938324869,5.4982283,-4.0665910,Carrefour Séminaire,bus_stop,platform,SOTRA,no,official
6938324870,5.4911312,-4.0678755,Résidence Akwaba,bus_stop,platform,SOTRA,no,official
6938324871,5.4864768,-4.0690747,Plaque Arabe,bus_stop,platform,SOTRA,no,official
6938324872,5.4830953,-4.0699142,Arrêt Maison Blanche,bus_stop,platform,SOTRA,no,official
6938324873,5.4791144,-4.0709683,Stade Olympique,bus_stop,platform,SOTRA,no,official
6938324874,5.4762990,-4.0713626,Arrêt la Croix,bus_stop,platform,SOTRA,no,official
6938324875,5.4717733,-4.0727815,Ancien camp ONUCI,bus_stop,platform,SOTRA,no,official
6938324876,5.4680103,-4.0736794,Arrêt Hotel Akwaba,bus_stop,platform,SOTRA,no,official
6938324877,5.4639186,-4.0738413,Carrefour Amicha,bus_stop,platform,SOTRA,no,official
6938324878,5.4603426,-4.0732816,Carrefour Eugnon,bus_stop,platform,SOTRA,no,official
6938324879,5.4562031,-4.0723121,Carrefour Dandy,bus_stop,platform,SOTRA,no,official
6938324880,5.4531685,-4.0716134,Carrefour Kobakro,bus_stop,platform,SOTRA,no,official
6938324881,5.4485691,-4.0706403,Pharmacie N'dotré,bus_stop,platform,SOTRA,no,official
6938324882,5.4450801,-4.0697657,N'dotré,bus_stop,platform,SOTRA,no,official
6938324883,5.4434674,-4.0681225,Paris baguette,bus_stop,platform,SOTRA,no,official
6938324884,5.4438246,-4.0560070,Carrefour Diallo,bus_stop,platform,SOTRA,no,official
6938343085,5.4436702,-4.0484080,Agripac Avant le Feu,bus_stop,platform,,no,unofficial
6938407500,5.2608437,-3.9639542,Terminus Centre Pilote,bus_stop,platform,SOTRA,yes,official
6938407503,5.2938720,-3.9564407,Terminus Koumassi 23-67,bus_stop,platform,SOTRA,no,official
6938407504,5.2382964,-3.8886574,Carrefour Abraham,bus_stop,platform,SOTRA,no,official
6938792079,5.3147389,-4.0186301,Gare Sud,bus_stop,platform,SOTRA,yes,official
6939014887,5.3023663,-3.9664560,Carrefour la Colombe,bus_stop,platform,SOTRA,no,official
6939014888,5.3029366,-3.9640077,Terminus Remblais,bus_stop,platform,SOTRA,no,official
6939014890,5.3028803,-3.9639863,Terminus Remblais,bus_stop,platform,SOTRA,no,official
6939014891,5.3017078,-3.9689554,Petroci,bus_stop,platform,SOTRA,no,official
6939014892,5.2987929,-3.9712881,Cash Ivoire Marcory,bus_stop,platform,SOTRA,no,official
6939014894,5.3022895,-3.9848064,Pharmacie Petit Marché,bus_stop,platform,SOTRA,no,official
6939014895,5.3590760,-4.0274686,Gare Nord,bus_stop,platform,SOTRA,no,official
6939076692,5.2875728,-4.0059154,Terminus 58 Cite du Port,bus_stop,platform,SOTRA,,official
6944816371,5.3314425,-4.0768933,Pharmacie Lem,bus_stop,platform,SOTRA,no,official
6944816372,5.3305385,-4.0798317,EPP Sicogi 11,bus_stop,platform,SOTRA,no,official
6944816373,5.3272912,-4.0814191,Cité SGBCI Sideci,bus_stop,platform,SOTRA,no,official
6944887181,5.3310827,-4.0237293,Terminus Cité Administrative,bus_stop,platform,SOTRA,,official
6944887182,5.4248385,-4.0232545,Epp Agnikro BAD,bus_stop,platform,SOTRA,no,official
6944887183,5.4198812,-4.0240256,21e Arrondissement,bus_stop,platform,SOTRA,no,official
6944887184,5.4151622,-4.0240981,Eglise Universelle Sagbé,bus_stop,platform,SOTRA,no,official
6944920985,5.4148679,-4.0292533,Pharmacie St Antoine,bus_stop,platform,SOTRA,no,official
6944920986,5.4148038,-4.0334697,Terminus Sagbé,bus_stop,platform,SOTRA,no,official
6944934858,5.3274379,-4.0817052,Cité SGBCI Sideci,bus_stop,platform,SOTRA,no,official
6944934859,5.3301540,-4.0808120,EPP Sicogi 11,bus_stop,platform,SOTRA,no,official
6944934860,5.3314305,-4.0773064,Pharmacie Lem,bus_stop,platform,SOTRA,no,official
6945017053,5.3521541,-3.9914100,Cité des Cadres,bus_stop,platform,SOTRA,yes,official
6945017054,5.3569943,-3.9914516,Ecobank Vallon,bus_stop,platform,SOTRA,no,official
6945659474,5.2569502,-3.9722067,Boulangerie Pain du Jour,bus_stop,platform,SOTRA,no,official
6945659475,5.2566851,-3.9647529,Restaurant Kader,bus_stop,platform,SOTRA,no,official
6945659476,5.2546846,-3.9643009,Pharmacie Atlantique,bus_stop,platform,SOTRA,yes,official
6945659477,5.2511255,-3.9565238,Terminus Port-Bouët Phare,bus_stop,platform,SOTRA,yes,official
6945864857,5.2531341,-4.0047848,Terminus Vridi Canal,bus_stop,platform,SOTRA,no,official
6945864859,5.2657115,-4.0087358,Arrêt Movis,bus_stop,platform,SOTRA,no,official
6945864860,5.2957541,-4.0033337,Arret Hopital,bus_stop,platform,SOTRA,,official
6945966271,5.2607642,-4.0135453,Arrêt Corlay,bus_stop,platform,SOTRA,no,official
6945966272,5.2649101,-4.0138507,Arrêt Shell,bus_stop,platform,SOTRA,no,official
6945966273,5.2651886,-4.0113615,Arrêt Touton,bus_stop,platform,SOTRA,no,official
6945966274,5.2660346,-4.0086137,,bus_stop,platform,,no,
6945966275,5.2688363,-4.0060763,,bus_stop,platform,,no,
6948222228,5.3539128,-3.9571012,Pharmacie St Pierre des Rosiers,bus_stop,platform,SOTRA,,official
6948222230,5.3417576,-3.9522725,Brandon & Mcain,bus_stop,platform,,no,official
6948222234,5.3392333,-3.9452136,Universite Internationale,bus_stop,platform,,,unofficial
6948222235,5.3385917,-3.9428439,Ecole Scarables,bus_stop,platform,,,unofficial
6948222236,5.3355172,-3.9393644,Carrefour UIPA,bus_stop,platform,,,unofficial
6948222238,5.3307248,-3.9348771,Centre de Sante M'badon,bus_stop,platform,,,unofficial
6948222239,5.3285468,-3.9322212,Teminus M'Badon,bus_stop,platform,SOTRA,no,official
6948270620,5.3285066,-3.9322522,Teminus M'Badon,bus_stop,platform,SOTRA,no,official
6948270621,5.3305385,-3.9347577,Centre de Sante M'badon,bus_stop,platform,,,unofficial
6948270622,5.3350722,-3.9390561,Carrefour UIPA,bus_stop,platform,,,unofficial
6948270623,5.3390287,-3.9451434,Universite Internationale,bus_stop,platform,,,unofficial
6948270624,5.3329114,-3.9418454,Ambassade de Chine,bus_stop,platform,,,unofficial
6948270625,5.3538332,-3.9568581,Pharmacie St Pierre des Rosiers,bus_stop,platform,,,official
6948290581,5.3385823,-3.9429814,Ecole Scarables,bus_stop,platform,SOTRA,no,official
6948466336,5.3673197,-3.9092667,Coqivoire Bingerville,bus_stop,platform,SOTRA,,official
6948466337,5.3613312,-3.8946091,Lycee Jeune Fille de Bingerville,bus_stop,platform,SOTRA,,official
6948695731,5.3346312,-3.9906777,Entree Sud Universite FHB,bus_stop,platform,,no,
6948695732,5.3396564,-3.9758237,Cash Center Riviera Golf,bus_stop,platform,SOTRA,no,official
6948695733,5.3414919,-3.9761442,Résidence les Elias,bus_stop,platform,SOTRA,no,official
6948695734,5.3438403,-3.9751571,Carrefour Cimetière Anono,bus_stop,platform,SOTRA,no,official
6948695735,5.3470921,-3.9754120,Marché Anono,bus_stop,platform,SOTRA,no,official
6948695736,5.3520693,-3.9767209,Poulet Show,bus_stop,platform,SOTRA,no,official
6948695738,5.3530133,-3.9758733,Cité Universitaire Riviera 2,bus_stop,platform,SOTRA,no,official
6948695739,5.3520900,-3.9766203,Poulet Show,bus_stop,platform,SOTRA,no,official
6948695740,5.3468223,-3.9752188,Marché Anono,bus_stop,platform,SOTRA,no,official
6948695741,5.3438020,-3.9750874,Carrefour Cimetière Anono,bus_stop,platform,SOTRA,no,official
6948695742,5.3416148,-3.9760651,Résidence les Elias,bus_stop,platform,SOTRA,no,official
6948695743,5.3397193,-3.9757586,Cash Center Riviera Golf,bus_stop,platform,SOTRA,no,official
6948695745,5.3344007,-3.9909146,Entree Sud Universite FHB,bus_stop,platform,,no,
6948695746,5.3349056,-3.9957176,Lycée Ste Marie Cocody,bus_stop,platform,SOTRA,no,official
6948706680,5.3216640,-4.0157926,Versus Bank,bus_stop,platform,SOTRA,no,official
6948706681,5.3184017,-4.0152582,Arrêt Résidence Nabil,bus_stop,platform,SOTRA,no,official
6948706682,5.3044274,-4.0092923,Treichotel,bus_stop,platform,SOTRA,no,official
6948791226,5.2949249,-4.0042001,Terminus CHU de Treichville,bus_stop,platform,SOTRA,no,official
6948855822,5.3706976,-3.9286332,Immeuble Assistance Optique,bus_stop,platform,SOTRA,no,official
6948855823,5.3584311,-3.9253854,Société Ciment d'Abidjan,bus_stop,platform,SOTRA,no,official
6948855825,5.3532496,-3.9241630,Coqivoire,bus_stop,platform,SOTRA,no,official
6948855826,5.3504865,-3.9235317,Ecoforp,bus_stop,platform,SOTRA,no,official
6948855827,5.3385556,-3.9228315,Oribat,bus_stop,platform,SOTRA,no,official
6948855829,5.3282217,-3.9191627,Espace Abatta Place,bus_stop,platform,SOTRA,no,official
6948855830,5.3282740,-3.9170831,Notre Dame de Lourdes,bus_stop,platform,SOTRA,no,official
6948920958,5.3264515,-3.9160803,Terminus Abatta Village,bus_stop,platform,SOTRA,no,official
6948920959,5.3282218,-3.9169358,Notre Dame de Lourdes,bus_stop,platform,SOTRA,no,official
6948920962,5.3450557,-3.9224643,Cite du Bonheur,bus_stop,platform,SOTRA,no,official
6948920964,5.3532917,-3.9242797,Coqivoire,bus_stop,platform,SOTRA,no,official
6948920965,5.3576063,-3.9252939,Pharmacie Eau Vive,bus_stop,platform,SOTRA,no,official
6948920966,5.3595594,-3.9256817,Sodeci Abatta,bus_stop,platform,,no,unofficial
6948920967,5.3722754,-3.9301027,Carrefour Nouveau Goudron,bus_stop,platform,SOTRA,no,official
6951127813,5.2597086,-3.9654422,Pharmacie de Port-Bouët Arrêt Mairie,bus_stop,platform,SOTRA,yes,official
6951127815,5.2595919,-3.9687383,Arrêt Abattoir,bus_stop,platform,SOTRA,no,official
6951127816,5.3145654,-4.0181731,Gare Sud,bus_stop,platform,SOTRA,yes,official
6951182064,5.3297660,-3.9539321,Chantier,bus_stop,platform,,,unofficial
6951182066,5.3414479,-3.9524120,Brandon & Mcain,bus_stop,platform,,,official
6951224049,5.2921887,-3.9630926,Eglise St Etienne,bus_stop,platform,SOTRA,yes,official
6951224050,5.2898815,-3.9694045,6e Arrondissement Koumassi,bus_stop,platform,SOTRA,yes,official
6951224051,5.3586694,-4.0276527,Gare Nord,bus_stop,platform,SOTRA,,official
6951939383,5.2941431,-3.9554248,Gare Koumassi,bus_stop,platform,SOTRA,yes,official
6951939384,5.3587923,-4.0273499,Gare Nord,bus_stop,platform,SOTRA,yes,official
6952132224,5.2988454,-4.0109347,SOGELEC,bus_stop,platform,SOTRA,yes,official
6952132225,5.2884063,-3.9882887,Patisserie Paul,bus_stop,platform,SOTRA,yes,official
6952132226,5.2853422,-3.9855024,SIB,bus_stop,platform,SOTRA,yes,official
6952132227,5.2786718,-3.9824903,COCITAM,bus_stop,platform,SOTRA,yes,official
6952132228,5.2734369,-3.9767262,Notre Dame Afrique,bus_stop,platform,SOTRA,yes,official
6952132229,5.2734089,-3.9714865,Les 7 Villas,bus_stop,platform,SOTRA,yes,official
6952132230,5.2760280,-3.9672503,Arrêt OSER,bus_stop,platform,SOTRA,yes,official
6952132231,5.2475357,-3.9475720,Maquis 5 sur 5,bus_stop,platform,,yes,
6952132232,5.2486135,-3.9434065,Pharmacie du Warf,bus_stop,platform,SOTRA,yes,official
6952132233,5.2544081,-3.9386439,Cité Douane,bus_stop,platform,SOTRA,yes,official
6952132234,5.2536201,-3.9342460,Terminus Aéroport,bus_stop,platform,SOTRA,yes,official
6952132235,5.2469409,-3.9450909,33e Arrondissement,bus_stop,platform,SOTRA,yes,official
6952132236,5.2681740,-3.9618051,Akwaba - Rond-Point,bus_stop,platform,,,unofficial
6952132240,5.2544028,-3.9409603,Paroisse Ascension,bus_stop,platform,SOTRA,yes,official
6952132241,5.2508122,-3.9424357,Arrêt Departement Reseau Bus Port-Bouet,bus_stop,platform,SOTRA,yes,official
6952132242,5.2480679,-3.9435728,Pharmacie du Warf,bus_stop,platform,SOTRA,yes,official
6952132244,5.2567618,-3.9610943,Parmacie Océan,bus_stop,platform,SOTRA,yes,official
6952132245,5.2664980,-3.9627318,Carrefour Akwaba,bus_stop,platform,SOTRA,yes,official
6952132246,5.2726637,-3.9751598,Notre Dame Afrique,bus_stop,platform,SOTRA,yes,official
6952132247,5.2879346,-3.9879246,Patisserie Paul,bus_stop,platform,SOTRA,yes,official
6952132248,5.2895399,-3.9913841,DROCOLOR,bus_stop,platform,SOTRA,yes,official
6952132250,5.2912646,-3.9955597,Pharmacie Sante Publique,bus_stop,platform,SOTRA,yes,official
6952132251,5.2988505,-4.0111622,SOGELEC,bus_stop,platform,SOTRA,yes,official
6952132252,5.3144382,-4.0182926,Gare Sud,bus_stop,platform,SOTRA,yes,official
6952200468,5.3091986,-3.9495367,Pharmacie St Paul,bus_stop,platform,SOTRA,no,official
6952200469,5.3097742,-3.9481486,Mamie Adjoua,bus_stop,platform,SOTRA,no,official
6952200470,5.3010209,-3.9838059,PMI Marcory,bus_stop,platform,SOTRA,no,official
6952200472,5.3042625,-4.0094566,Treichotel,bus_stop,platform,SOTRA,no,official
6952200475,5.3052353,-4.0070070,Continental (Cartoucherie Treichville),bus_stop,platform,SOTRA,no,official
6952200476,5.3028144,-3.9855746,Pharmacie Petit Marché,bus_stop,platform,SOTRA,no,official
6952200477,5.3118954,-3.9520050,Terminus Akromiabla,bus_stop,platform,SOTRA,no,official
6952566208,5.4437258,-4.0556892,Carrefour Diallo,bus_stop,platform,SOTRA,no,official
6952566209,5.4446096,-4.0699304,N'dotré,bus_stop,platform,SOTRA,no,official
6952566210,5.4481689,-4.0707162,Arrêt Arc en ciel,bus_stop,platform,SOTRA,no,official
6952566212,5.4529709,-4.0717757,Carrefour Kobakro,bus_stop,platform,SOTRA,no,official
6952566213,5.4560415,-4.0724758,Carrefour Dandy,bus_stop,platform,SOTRA,no,official
6952566214,5.4599461,-4.0733211,Carrefour Eugnon,bus_stop,platform,SOTRA,no,official
6952566215,5.4638353,-4.0740934,Carrefour Amicha,bus_stop,platform,SOTRA,no,official
6952566217,5.4683096,-4.0738767,Arrêt Hotel Akwaba,bus_stop,platform,SOTRA,no,official
6952566218,5.4716392,-4.0730832,Ancien camp ONUCI,bus_stop,platform,SOTRA,no,official
6952566219,5.4761949,-4.0717543,Arrêt la Croix,bus_stop,platform,SOTRA,no,official
6952566220,5.4789022,-4.0712097,Stade Olympique,bus_stop,platform,SOTRA,no,official
6952566222,5.4829524,-4.0701770,Arrêt Maison Blanche,bus_stop,platform,SOTRA,no,official
6952566223,5.4863540,-4.0692893,Plaque Arabe,bus_stop,platform,SOTRA,no,official
6952566224,5.4910524,-4.0680614,Résidence Akwaba,bus_stop,platform,SOTRA,no,official
6952566225,5.4982684,-4.0668015,Carrefour Séminaire,bus_stop,platform,SOTRA,no,official
6952566226,5.5001199,-4.0736016,Arrêt Fransciscain,bus_stop,platform,SOTRA,no,official
6952566227,5.5000758,-4.0771146,Carrefour Azaguié,bus_stop,platform,SOTRA,no,official
6954138437,5.2877668,-3.9718739,MATAR Chop,bus_stop,platform,SOTRA,no,official
6954138438,5.2882668,-3.9824604,Arrêt SGBCI,bus_stop,platform,SOTRA,no,official
6954138439,5.2854507,-3.9832327,Arrêt SACO,bus_stop,platform,SOTRA,no,official
6954138440,5.3006390,-4.0126625,SITARAIL Treichville,bus_stop,platform,SOTRA,no,official
6954138444,5.2870755,-3.9730570,Cité SOTRA,bus_stop,platform,SOTRA,no,official
6954138445,5.2892455,-3.9693475,6e Arrondissement Koumassi,bus_stop,platform,SOTRA,no,official
6954138446,5.3133051,-3.9518204,Carrefour Pinasse,bus_stop,platform,SOTRA,no,official
6954511639,5.2834138,-3.9679319,CIE Camp Commando,bus_stop,platform,SOTRA,,official
6954511640,5.2865590,-3.9686649,Terminus Hôpital de Koumassi,bus_stop,platform,SOTRA,,official
6955038705,5.2859504,-3.9531577,Arrêt DRB05,bus_stop,platform,SOTRA,,official
6955038706,5.2847586,-3.9582532,Station Vinko,bus_stop,platform,SOTRA,,official
6955038707,5.2840528,-3.9611265,Carrefour Lavage,bus_stop,platform,SOTRA,,official
6955038708,5.2836422,-3.9680882,CIE Camp Commando,bus_stop,platform,SOTRA,,official
6955038710,5.2996014,-3.9846280,Pharmacie Massarana,bus_stop,platform,SOTRA,yes,official
6955038711,5.3587075,-4.0275521,Gare Nord,bus_stop,platform,SOTRA,yes,official
6955514935,5.3710263,-3.9580205,Carrefour Guiraud,bus_stop,platform,SOTRA,,official
6955514937,5.3808590,-3.9644323,Terminus Rosier,bus_stop,platform,SOTRA,,official
6955514938,5.3727874,-3.9598592,Cité Zinsou,bus_stop,platform,SOTRA,,official
6955514939,5.3685488,-3.9592516,Carrefour Marché,bus_stop,platform,SOTRA,,official
6955514940,5.3149553,-4.0184346,Gare Sud,bus_stop,platform,SOTRA,yes,official
6958966895,5.2534740,-3.9341971,Terminus Aéroport,bus_stop,platform,SOTRA,yes,official
6961370878,5.2774525,-3.9818050,Glacier Bietry,bus_stop,platform,SOTRA,yes,official
6961370879,5.2744205,-3.9788787,Pressing Biétry,bus_stop,platform,SOTRA,yes,official
6961370880,5.2516684,-3.9421921,Arrêt Departement reseau bus Port-bouet,bus_stop,platform,SOTRA,yes,official
6961370881,5.2543801,-3.9410589,Paroisse Ascension,bus_stop,platform,SOTRA,yes,official
6961643501,5.3727621,-4.0930161,Arrêt Chocolat,bus_stop,platform,SOTRA,,official
6963093974,5.3396466,-4.0858988,Terminus Amondji,bus_stop,platform,SOTRA,no,official
6963093975,5.3395998,-4.0810166,Eglise Baptiste,bus_stop,platform,SOTRA,no,official
6963093976,5.3382505,-4.0792436,Pont Vagabond,bus_stop,platform,SOTRA,no,official
6963093979,5.3147296,-4.0181436,Gare Sud,bus_stop,platform,SOTRA,yes,official
6963093982,5.3395197,-4.0859069,Terminus Amondji,bus_stop,platform,SOTRA,no,official
6964184463,5.3883091,-3.9928235,Terminus BACI les Perles,bus_stop,platform,,no,official
6964184464,5.3359625,-4.0044791,Carrefour Lycée Classique,bus_stop,platform,SOTRA,no,official
6964184467,5.3502206,-4.0021368,Carrefour la Vie,bus_stop,platform,,yes,
6964502135,5.3635971,-3.9596737,Pharmacie Palmeraie,bus_stop,platform,SOTRA,,official
6966758103,5.3609547,-4.0846449,Cité BAE,bus_stop,platform,SOTRA,yes,official
6966758104,5.3551851,-4.0882243,Station Shell Port-Bouët 2,bus_stop,platform,SOTRA,yes,official
6966758105,5.3550495,-4.0957527,Station Total Ananeraie,bus_stop,platform,SOTRA,yes,official
6966758107,5.3502259,-4.0993729,SGBCI,bus_stop,platform,SOTRA,yes,official
6966758108,5.3462622,-4.0997625,Arrêt PETROCI,bus_stop,platform,SOTRA,yes,official
6966758111,5.3288386,-4.1046154,Marché Niangon Nord,bus_stop,platform,SOTRA,yes,official
6966758113,5.3460138,-4.0999784,Arrêt PETROCI,bus_stop,platform,SOTRA,yes,official
6966758114,5.3500978,-4.0994869,SGBCI,bus_stop,platform,SOTRA,yes,official
6966758115,5.3525679,-4.0994742,Groupe Médical Promethee,bus_stop,platform,SOTRA,yes,official
6966758116,5.3545535,-4.0994856,Shell Carrefour Oasis,bus_stop,platform,SOTRA,yes,official
6966758117,5.3551971,-4.0918869,Eglise Protestante CEMA PB2,bus_stop,platform,SOTRA,yes,official
6966927286,5.2528723,-3.9605525,Wharf Port-Bouët,bus_stop,platform,SOTRA,yes,official
6966927287,5.3027996,-4.0132351,Ex Pharmacie Mockey,bus_stop,platform,SOTRA,no,official
6967070473,5.2655592,-4.0007964,Bank Of Africa,bus_stop,platform,SOTRA,no,official
6967070474,5.2778211,-4.0085238,CiC,bus_stop,platform,SOTRA,no,official
6967070476,5.3956217,-4.0211060,Château Filtisac,bus_stop,platform,SOTRA,no,official
6967074787,5.4436844,-4.0486617,Agripac Après le Feu,bus_stop,platform,,no,
6967158579,5.3053435,-4.0226370,Direction Generale du Port,bus_stop,platform,SOTRA,,official
6968911549,5.4269493,-4.0211993,Abobo Gendarmerie,bus_stop,platform,,no,unofficial
6968911556,5.3570551,-4.0851445,CHU de Yopougon,bus_stop,platform,,no,official
6968911557,5.3698106,-4.0802360,Carrefour Zone,bus_stop,platform,,no,official
6968911558,5.3746728,-4.0777087,Arrêt 1er Carrefour 2,bus_stop,platform,SOTRA,no,official
6968911559,5.4392253,-4.0687166,Pharmacie Olympic,bus_stop,platform,SOTRA,no,official
6969221529,5.3408063,-4.0650047,Station Total Selmer,bus_stop,platform,SOTRA,no,official
6969221530,5.3141434,-4.0177429,Arrêt GL Plateau,bus_stop,platform,,no,
6969371620,5.3743039,-3.9117702,Terminus Feh Kesse,bus_stop,platform,,no,
6969583471,5.3472803,-4.0097992,Clinique Providence,bus_stop,platform,,yes,
6969583472,5.3451973,-4.0106696,Supermarché Casino,bus_stop,platform,,yes,
6969583474,5.3147951,-4.0185824,Gare Sud,bus_stop,platform,SOTRA,yes,official
6969583476,5.3154197,-4.0175269,Ecobank Rue du Commerce,bus_stop,platform,SOTRA,yes,official
6969583477,5.3161731,-4.0166201,Woodin Rue du Commerce,bus_stop,platform,SOTRA,yes,official
6969583478,5.3172748,-4.0151837,SGBCI Rue du Commerce,bus_stop,platform,SOTRA,yes,official
6970095632,5.4031227,-3.9852490,Terminus 705 Angré,bus_stop,platform,,,
6970095633,5.3971746,-3.9859892,Pharmacie des Laureades,bus_stop,platform,,,
6970095634,5.3841166,-3.9875704,Pharmacie 7 Lys,bus_stop,platform,,no,
6970095635,5.3643008,-3.9791570,Jules Ferry,bus_stop,platform,,,official
6970095639,5.3924174,-3.9866585,DGI,bus_stop,platform,,,
6970095641,5.4031427,-3.9853522,Terminus 705 Angré,bus_stop,platform,,,
6970366278,5.3569129,-3.9505801,Terminus 86 Ancien Camp Akouédo,bus_stop,platform,SOTRA,no,official
6970366281,5.3569249,-3.9508925,Terminus 86 Ancien Camp Akouédo,bus_stop,platform,SOTRA,no,official
6970366282,5.3644022,-3.9483645,Rond Point Ancien Camp Akouedo,bus_stop,platform,SOTRA,no,official
6979431044,5.4037758,-3.9848558,Terminus 701 Angré,bus_stop,platform,,no,official
6979431047,5.3888607,-3.9750245,CIE 8e Tranche Djibi,bus_stop,platform,,no,official
6979431048,5.3839137,-3.9737651,Pharmacie Hermes,bus_stop,platform,,no,official
6979431051,5.3749859,-3.9627425,Arrêt Rosier 1er Programme,bus_stop,platform,SOTRA,no,official
6979431052,5.4036999,-3.9847392,Terminus 701 Angré,bus_stop,platform,,no,official
6979712503,5.3281452,-3.9190304,Espace Abatta Place,bus_stop,platform,SOTRA,no,official
6979712504,5.3314008,-3.9223124,Ecole Etimoe,bus_stop,platform,SOTRA,no,official
6979712505,5.3400603,-3.9226637,SICTA,bus_stop,platform,SOTRA,no,official
6979712510,5.3597740,-3.9259271,Carrefour Foyer St Joseph,bus_stop,platform,SOTRA,no,official
6979712512,5.3635464,-3.9268023,Carrefour Lumière,bus_stop,platform,SOTRA,no,official
6979712513,5.3684903,-3.9281821,Immeuble Al Ghadir,bus_stop,platform,SOTRA,no,official
6979712515,5.3685924,-3.9280698,Immeuble Al Ghadir,bus_stop,platform,SOTRA,no,official
6979712516,5.3476676,-3.9228705,Mondial Béton,bus_stop,platform,SOTRA,no,official
6979712517,5.3449917,-3.9223344,Cite du Bonheur,bus_stop,platform,SOTRA,no,official
6979712518,5.3428352,-3.9218402,Supermarche Clairefontaine,bus_stop,platform,SOTRA,no,official
6979712519,5.3405791,-3.9223134,SICTA,bus_stop,platform,SOTRA,no,official
6980029237,5.2569228,-3.9723435,Boulangerie Pain du Jour,bus_stop,platform,SOTRA,no,official
6980029239,5.2646043,-4.0139727,Arrêt Shell,bus_stop,platform,SOTRA,no,official
6980029241,5.2590088,-4.0115896,Arrêt CIPREL,bus_stop,platform,SOTRA,no,official
6980258130,5.2509145,-3.9560491,Terminus Port-Bouët Phare,bus_stop,platform,SOTRA,yes,official
6980521688,5.3433974,-4.0032211,Arrêt,bus_stop,platform,SOTRA,no,official
6980521689,5.3628414,-3.9976139,Farandole,bus_stop,platform,SOTRA,no,official
6980521690,5.3999210,-4.0057075,Arrêt,bus_stop,platform,SOTRA,no,official
6980521691,5.4015232,-4.0065511,Arrêt,bus_stop,platform,SOTRA,no,official
6980521692,5.4034191,-4.0065081,Arrêt,bus_stop,platform,SOTRA,no,official
6980521695,5.4241696,-4.0192406,Abobo Gendarmerie,bus_stop,platform,SOTRA,yes,official
6980521696,5.4185708,-4.0134712,Arrêt,bus_stop,platform,SOTRA,yes,official
6980521697,5.4155561,-4.0074744,Arrêt,bus_stop,platform,SOTRA,yes,official
6980521698,5.4135434,-4.0062694,Arrêt,bus_stop,platform,SOTRA,yes,official
6980521699,5.4035807,-4.0064277,Arrêt,bus_stop,platform,SOTRA,yes,official
6980521700,5.3998663,-3.9990999,Arrêt,bus_stop,platform,SOTRA,yes,official
6980521701,5.3987194,-3.9929040,Arrêt,bus_stop,platform,SOTRA,yes,official
6980521702,5.3870060,-3.9927913,Carrefour Sanon,bus_stop,platform,SOTRA,yes,official
6980521703,5.3819122,-3.9934525,Sgbci,bus_stop,platform,SOTRA,no,official
7025968250,5.2578469,-3.9718473,Station Oil Lybia,bus_stop,platform,SOTRA,no,official
7025992286,5.3292373,-4.1043900,Marché Niangon Nord,bus_stop,platform,SOTRA,,official
7026069662,5.2772676,-4.0083931,CiC,bus_stop,platform,SOTRA,,official
7026279881,5.3419780,-4.0149826,Nestle Cocody,bus_stop,platform,SOTRA,no,official
7026390486,5.2850417,-3.9641359,Pépinière Koumassi Sicogi,bus_stop,platform,SOTRA,yes,official
7028872830,5.2563712,-3.9617542,Carrefour Océan,bus_stop,platform,SOTRA,yes,official
7028872831,5.3588917,-4.0278525,Gare Nord,bus_stop,platform,SOTRA,yes,official
7043603291,5.3534937,-3.9735250,EPP Sogefia Riviera 2,bus_stop,platform,SOTRA,,official
7043642288,5.3550970,-4.0949352,Station Total Ananeraie,bus_stop,platform,SOTRA,yes,official
7044975088,5.3109066,-4.0344058,Gare Lagunaire Yopougon STL,,platform,,,
7044975089,5.3143858,-4.0170439,Gare Lagunaire Plateau STL,,platform,,,
7044975090,5.3135839,-4.0100701,Gare Lagunaire Treichville STL,,platform,,,
7046900013,5.3240853,-3.9603285,Gare Lagunaire M'pouto STL,,platform,,,
7046964142,5.3108107,-4.0158590,Gare Lagunaire de Treichville Sotra,,platform,,,
7046964143,5.3107009,-4.0347196,Gare Lagunaire Abobo Doumé Sotra,,platform,,,
7047063325,5.3140748,-4.0176640,Gare Lagunaire du Plateau Sotra,,platform,,,
7047101136,5.3212342,-4.0021442,Gare lagunaire de Blockauss Sotra,,platform,,,
7047930663,5.4096636,-3.9856634,Boulangerie Jour du Pain,bus_stop,platform,,no,official
7048020780,5.3665112,-3.9091802,Coqivoire Bingerville,bus_stop,platform,SOTRA,,official
7049258139,5.3672689,-4.1023077,Terminus Gesco,bus_stop,platform,SOTRA,,official
7049258140,5.3659030,-4.0973914,Collège Roi David,bus_stop,platform,SOTRA,yes,official
7049258144,5.3580239,-4.0936315,Collège Mamie Adjoua,bus_stop,platform,SOTRA,yes,official
7049258145,5.3552799,-4.0886280,Station Shell Port-Bouët 2,bus_stop,platform,SOTRA,yes,official
7049730219,5.3009034,-4.0120965,Pharmacie du Cheminot,bus_stop,platform,SOTRA,no,official
7049730220,5.2545644,-3.9392397,Cité Douane,bus_stop,platform,SOTRA,yes,official
7049730221,5.2734289,-3.9712512,Hôtel Marly,bus_stop,platform,SOTRA,yes,official
7049730222,5.2844982,-3.9852691,SIB,bus_stop,platform,SOTRA,yes,official
7051810979,5.3485715,-4.0031956,Carrefour la Vie,bus_stop,platform,,,unofficial
7051810981,5.3528057,-4.0128221,Terminus Liberté,bus_stop,platform,,,unofficial
7051810982,5.3501138,-3.9893487,Ecole de Police,bus_stop,platform,,,unofficial
7051810984,5.3530660,-3.9797464,Mitterand Riviera 2,bus_stop,platform,,,unofficial
7051811086,5.3529853,-3.9788968,Station Total Riviera 2,bus_stop,platform,,,unofficial
7051811087,5.3544600,-3.9909077,Vallon,bus_stop,platform,,,unofficial
7051811088,5.3547338,-4.0043839,Escalier,bus_stop,platform,,,unofficial
7051811090,5.3533605,-4.0146225,Adjamé Liberté,bus_stop,platform,,,unofficial
7051905145,5.3498094,-4.0228334,Gare Anono,bus_stop,platform,,,unofficial
7051905146,5.3495777,-4.0223607,Station,bus_stop,platform,,,unofficial
7051905148,5.3464705,-4.0227107,Gare Saint Michel,bus_stop,platform,,,unofficial
7051905149,5.3448595,-4.0227570,Eglise Saint Michel,bus_stop,platform,,,unofficial
7051905150,5.3436293,-4.0234691,Eglise Méthodiste,bus_stop,platform,,,unofficial
7051905151,5.3490415,-3.9993949,SODEFOR,bus_stop,platform,,,unofficial
7051905152,5.3494341,-3.9919236,Carrefour CHU,bus_stop,platform,,,unofficial
7051905154,5.3445878,-3.9724797,Marché Anono,bus_stop,platform,,,unofficial
7051905157,5.3445390,-3.9724441,Marché Anono,bus_stop,platform,,,unofficial
7051905160,5.3500924,-3.9778259,Au Lavage,bus_stop,platform,,,unofficial
7051905161,5.3510311,-3.9809205,A la Mosquée,bus_stop,platform,,,unofficial
7051905162,5.3494034,-3.9912477,Carrefour CHU,bus_stop,platform,,,unofficial
7051905163,5.3494735,-4.0227589,Gare Anono,bus_stop,platform,,,unofficial
7052162359,5.3452887,-4.0226483,Carrefour Saint Michel,bus_stop,platform,,,unofficial
7052162360,5.3418391,-4.0216117,Feu Sapeurs Pompiers,bus_stop,platform,,,unofficial
7052162361,5.3673438,-3.9457347,Nouveau Camp,bus_stop,platform,,,unofficial
7052162362,5.3719142,-3.9324155,Playce Palmeraie,bus_stop,platform,,,unofficial
7052162363,5.3728469,-3.9287925,Nouveau Goudron,bus_stop,platform,,,unofficial
7052162364,5.3743603,-3.9122875,Feh Kessé,bus_stop,platform,,,unofficial
7052162365,5.3602229,-3.8981583,CIE,bus_stop,platform,,,unofficial
7052162366,5.3613609,-3.8947412,Station Texaco,bus_stop,platform,,,unofficial
7052162367,5.3575471,-3.8882000,Pharmacie Principale de Bingerville,bus_stop,platform,,,unofficial
7052162369,5.3572714,-3.8844724,Carrefour Bangui,bus_stop,platform,,,unofficial
7052162370,5.3574843,-3.8843604,Gare Carrefour Bangui,bus_stop,platform,,,unofficial
7052162371,5.3571953,-3.8844837,Carrefour Bangui,bus_stop,platform,,,unofficial
7052162372,5.3574390,-3.8879693,Pharmacie Principale de Bingerville,bus_stop,platform,,,unofficial
7052162373,5.3699835,-3.9387314,Carrefour Faya,bus_stop,platform,,,unofficial
7052162375,5.3502860,-4.0224532,Gare en haut,bus_stop,platform,,,unofficial
7052340401,5.3493033,-4.0218316,Clinique Fraternité,bus_stop,platform,,,unofficial
7052340403,5.3546376,-3.9904813,Vallon-1er Pont,bus_stop,platform,,,unofficial
7052340405,5.3271876,-3.9542839,Terrain M'pouto,bus_stop,platform,,,unofficial
7052340406,5.3271989,-3.9543486,Terrain M'pouto,bus_stop,platform,,,unofficial
7052340407,5.3310206,-3.9579682,Carrefour Philadelphie,bus_stop,platform,,,unofficial
7052340408,5.3344811,-3.9560298,Banny,bus_stop,platform,,,unofficial
7052340409,5.3371750,-3.9537035,Maison Blanche,bus_stop,platform,,,unofficial
7052340410,5.3452694,-3.9526910,Mel Théodore,bus_stop,platform,,,unofficial
7052340411,5.3512376,-3.9545052,Bon Pasteur,bus_stop,platform,,,unofficial
7052340412,5.3567343,-3.9670200,Cap Nord,bus_stop,platform,,,unofficial
7052340415,5.3503214,-4.0226343,Gare en haut,bus_stop,platform,,,unofficial
7052366500,5.3543439,-4.0177533,Adjamé Texaco,bus_stop,platform,,,unofficial
7052366501,5.3535337,-4.0145769,Adjamé Liberté,bus_stop,platform,,,unofficial
7052366502,5.3635577,-4.0255829,Station Shell,bus_stop,platform,,,unofficial
7052366503,5.3644813,-4.0288018,Pont Ferraille,bus_stop,platform,,,unofficial
7052366504,5.3519284,-4.0633898,Institut des aveugles,bus_stop,platform,,,unofficial
7052366505,5.3410046,-4.0622270,Complexe,bus_stop,platform,,,unofficial
7052366506,5.3381504,-4.0622612,Carrefour Bicici,bus_stop,platform,,,unofficial
7052366507,5.3342810,-4.0622150,Nouveau bureau,bus_stop,platform,,,unofficial
7052366509,5.3221769,-4.0542743,Yopougon Kowëit,bus_stop,platform,,,unofficial
7052366510,5.3221604,-4.0545300,Pharmacie Kowëit,bus_stop,platform,,,unofficial
7052366513,5.3287312,-4.0610944,Carrefour sapeur-pompier,bus_stop,platform,,,unofficial
7052366514,5.3322798,-4.0623638,China mall,bus_stop,platform,,,unofficial
7052366515,5.3353309,-4.0623249,Brésil,bus_stop,platform,,,unofficial
7052366516,5.3367390,-4.0623618,5 étoiles,bus_stop,platform,,,unofficial
7052366517,5.3386732,-4.0623524,Pharmacie Nouveau Quartier,bus_stop,platform,,,unofficial
7052366518,5.3402714,-4.0623437,Boulagerie T7 Blé,bus_stop,platform,,,unofficial
7052366519,5.3412890,-4.0623383,Complexe,bus_stop,platform,,,unofficial
7052366520,5.3437319,-4.0633670,Menuiserie,bus_stop,platform,,,unofficial
7052366521,5.3451185,-4.0634467,Centre Commercial,bus_stop,platform,,,unofficial
7052366522,5.3473357,-4.0634085,Bel Air,bus_stop,platform,,,unofficial
7052366523,5.3523751,-4.0636345,Institut des aveugles,bus_stop,platform,,,unofficial
7052366525,5.3545094,-4.0179776,Adjamé Texaco,bus_stop,platform,,,unofficial
7052994961,5.3578447,-3.9651288,9 Kilo - Supermarché CDCI,bus_stop,platform,,,unofficial
7052994962,5.3538255,-3.9553626,Chez Momo / Glacier,bus_stop,platform,,,unofficial
7052994964,5.3484376,-3.9409704,Akouédo basket,bus_stop,platform,,,unofficial
7052994966,5.3536652,-3.9409302,Pharmacie,bus_stop,platform,,,unofficial
7052994967,5.3554189,-3.9407734,Carrefour Akouédo village,bus_stop,platform,,,unofficial
7052994968,5.3603993,-3.9399876,Carrefour Village,bus_stop,platform,,,unofficial
7052994969,5.3588507,-3.9420013,Nouveau pont,bus_stop,platform,,,unofficial
7052994970,5.3574960,-3.9464832,Devant le camp,bus_stop,platform,,,unofficial
7052994971,5.3584115,-3.9500902,Da Carmen,bus_stop,platform,,,unofficial
7052994973,5.3505274,-4.0229766,Gare en haut,bus_stop,platform,,,unofficial
7054593049,5.2987194,-4.0014656,Grand Carrefour de Treichville,bus_stop,platform,,,unofficial
7054593050,5.2998985,-3.9982536,Feux Collège Autoroute,bus_stop,platform,,,unofficial
7054593051,5.3004826,-3.9964603,Solibra,bus_stop,platform,,,unofficial
7054593053,5.2985331,-3.9856721,Cap Sud / Orca Deco,bus_stop,platform,,,unofficial
7054593054,5.2960068,-3.9811745,Echangeur Marcory,bus_stop,platform,,,unofficial
7054593055,5.2921247,-3.9741366,Hotel Ibis Marcory,bus_stop,platform,,,unofficial
7054593056,5.2863103,-3.9700744,Grand Carrefour de Koumassi,bus_stop,platform,,,unofficial
7054593057,5.2821639,-3.9691208,Carrefour Camp commando de Koumassi,bus_stop,platform,,,unofficial
7054593058,5.2760791,-3.9660276,Ancien Koumassi,bus_stop,platform,,,unofficial
7054593059,5.2593053,-3.9584470,Carrefour Mosquée,bus_stop,platform,,,unofficial
7054593060,5.2565175,-3.9573392,43ème Bima,bus_stop,platform,,,unofficial
7054593061,5.2511455,-3.9553222,Port-Bouët Phare,bus_stop,platform,,,unofficial
7054593062,5.2470523,-3.9446484,Carrefour Aéroport,bus_stop,platform,,,unofficial
7054593063,5.2418205,-3.9118691,Mosquée Sylla,bus_stop,platform,,,unofficial
7054593064,5.2425130,-3.9161177,Casier,bus_stop,platform,,,unofficial
7054593065,5.2412776,-3.9084828,Jean folly,bus_stop,platform,,no,unofficial
7054593066,5.2394520,-3.8968273,Corridor,bus_stop,platform,,,unofficial
7054593068,5.2392490,-3.8965698,Corridor,bus_stop,platform,,,unofficial
7054593069,5.2397391,-3.8998233,Terre rouge,bus_stop,platform,,,unofficial
7054593070,5.2416175,-3.9120106,Mosquée Sylla,bus_stop,platform,,,unofficial
7054593071,5.2423474,-3.9164959,Casier,bus_stop,platform,,,unofficial
7054593072,5.2468640,-3.9446484,Carrefour Aéroport,bus_stop,platform,,,unofficial
7054593074,5.2690216,-3.9621313,Déhita,bus_stop,platform,,,unofficial
7054593075,5.2862983,-3.9702836,Grand Carrefour de Koumassi - Après le feu,bus_stop,platform,,,unofficial
7054593076,5.2887641,-3.9709300,Grand Carrefour de Koumassi - Avant le feu,bus_stop,platform,,,unofficial
7054593077,5.2999960,-3.9888176,Grand Carrefour de Marcory,bus_stop,platform,,,unofficial
7054593081,5.2994752,-4.0026612,Gare de Bassam,bus_stop,platform,,,unofficial
7054787049,5.3547164,-4.0741669,Siporex après le feu,bus_stop,platform,,,unofficial
7054787050,5.3270494,-4.0769919,Yopougon Palais,bus_stop,platform,,,unofficial
7054787051,5.3308490,-4.0741280,Kouté Terminus 40,bus_stop,platform,,,unofficial
7054787052,5.3324467,-4.0734440,Saguidiba,bus_stop,platform,,,unofficial
7054787053,5.3339755,-4.0734476,Pharmacie de l'Antenne,bus_stop,platform,,,unofficial
7054787055,5.3383350,-4.0733823,16ème,bus_stop,platform,,,unofficial
7054787056,5.3400184,-4.0734105,Score,bus_stop,platform,,,unofficial
7054787057,5.3431871,-4.0734266,Saint André,bus_stop,platform,,,unofficial
7054787058,5.3461828,-4.0734024,Station OLA,bus_stop,platform,,,unofficial
7054787059,5.3468143,-4.0733783,Keneya,bus_stop,platform,,,unofficial
7054787060,5.3523409,-4.0740139,La Poste,bus_stop,platform,,,unofficial
7054787061,5.3560457,-4.0741513,Siporex,bus_stop,platform,,,unofficial
7054787062,5.3601442,-4.0731409,Pont piéton,bus_stop,platform,,,unofficial
7054787063,5.3609066,-4.0672085,1er Pont,bus_stop,platform,,,unofficial
7054787064,5.3642968,-4.0306333,Pont Ferraille,bus_stop,platform,,,unofficial
7054787065,5.3570481,-4.0257462,Mirador,bus_stop,platform,,,unofficial
7054787067,5.3567139,-4.0243931,Renault-Mirador,bus_stop,platform,,,unofficial
7054787069,5.3565919,-4.0244466,Renault-Mirador,bus_stop,platform,,,unofficial
7054787070,5.3573903,-4.0275842,Ran-Mosquée,bus_stop,platform,,,unofficial
7054787071,5.3608982,-4.0282265,En bas du pont,bus_stop,platform,,,unofficial
7054787072,5.3627158,-4.0292184,Wangler,bus_stop,platform,,,unofficial
7054787073,5.3561658,-4.0740167,Siporex après le feu,bus_stop,platform,,,unofficial
7054787074,5.3553287,-4.0739999,Siporex au feux,bus_stop,platform,,,unofficial
7054787076,5.3433827,-4.0732482,Saint André,bus_stop,platform,,,unofficial
7054787077,5.3340250,-4.0733018,Pharmacie de l'Antenne,bus_stop,platform,,,unofficial
7054787078,5.3323826,-4.0733193,Saguidiba,bus_stop,platform,,,unofficial
7054787079,5.3307989,-4.0740274,Kouté Terminus 40,bus_stop,platform,,,unofficial
7054787080,5.3270398,-4.0769119,Yopougon Palais,bus_stop,platform,,,unofficial
7054917910,5.3161184,-4.0900737,Terminus 27 Niangon Sud à Gauche,bus_stop,platform,,,unofficial
7054917911,5.3173936,-4.0886039,Collège Gloris,bus_stop,platform,,,unofficial
7054917912,5.3200176,-4.0887192,Carrefour Depôt,bus_stop,platform,,,unofficial
7054917913,5.3211312,-4.0882578,Carrefour Timotel,bus_stop,platform,,,unofficial
7054917914,5.3244175,-4.0804620,Akadjoba,bus_stop,platform,,,unofficial
7054917915,5.3487652,-4.0734239,Cosmos Yopougon,bus_stop,platform,,,unofficial
7054917916,5.3558587,-4.0715101,Carrefour Gabriel Gare,bus_stop,platform,,,unofficial
7054917917,5.3560583,-4.0670134,Sable,bus_stop,platform,,,unofficial
7054917918,5.3603942,-4.0669081,1er Pont,bus_stop,platform,,,unofficial
7054917919,5.3558654,-4.0209170,Adjamé Renault,bus_stop,platform,,,unofficial
7054917922,5.3501558,-4.0732348,Figayo,bus_stop,platform,,,unofficial
7054917923,5.3465513,-4.0732516,Keneya,bus_stop,platform,,,unofficial
7054917924,5.3410193,-4.0732267,Ancien Lavage,bus_stop,platform,,,unofficial
7054917925,5.3210711,-4.0881318,Carrefour Timotel,bus_stop,platform,,,unofficial
7054917926,5.3163785,-4.0891969,Niangon Sud à Gauche,bus_stop,platform,,,unofficial
7054999103,5.2924398,-3.9752054,SICOMEX Marcory,bus_stop,platform,,,unofficial
7054999104,5.2962870,-3.9820196,Echangeur Marcory,bus_stop,platform,,,unofficial
7054999105,5.2978587,-3.9849244,Siège de Orange Côte d'Ivoire,bus_stop,platform,,,unofficial
7054999106,5.2988917,-3.9867624,Cap Sud,bus_stop,platform,,,unofficial
7054999108,5.3527876,-4.0145963,Adjamé Liberté,bus_stop,platform,,,unofficial
7055147054,5.3597930,-4.0716402,Pont piéton,bus_stop,platform,,,unofficial
7055147056,5.3294603,-4.0754168,Carrefour Express,bus_stop,platform,,,unofficial
7055147057,5.3261687,-4.0771763,Yopougon Palais,bus_stop,platform,,,unofficial
7055147058,5.3510244,-4.0734923,Figayo,bus_stop,platform,,,unofficial
7055147059,5.3557663,-4.0735668,Siporex,bus_stop,platform,,,unofficial
7055147060,5.3605460,-4.0276379,Bracodi,bus_stop,platform,,,unofficial
7055147061,5.3541318,-4.0178256,Adjamé Texaco,bus_stop,platform,,,unofficial
7055596701,5.3615141,-4.0227282,Pont piéton,bus_stop,platform,,,unofficial
7055596703,5.3465580,-4.0632784,Bel Air,bus_stop,platform,,,unofficial
7055596704,5.3286918,-4.0609677,Carrefour sapeur-pompier,bus_stop,platform,,,unofficial
7055596705,5.3238006,-4.0595529,Carrefour Gandhi,bus_stop,platform,,,unofficial
7055596706,5.3197051,-4.0616222,Yopougon camp militaire - Pharmacacie Saint Laurent,bus_stop,platform,,,unofficial
7055596707,5.3196904,-4.0617268,Yopougon camp militaire - Pharmacacie Saint Laurent,bus_stop,platform,,,unofficial
7055596709,5.3210872,-4.0622967,Église catholique Sainte Marie Madeleine,bus_stop,platform,,,unofficial
7055596711,5.3289148,-4.0606928,Carrefour sapeur-pompier,bus_stop,platform,,,unofficial
7055596712,5.3305786,-4.0568438,B.A.E,bus_stop,platform,,,unofficial
7055596713,5.3345431,-4.0551029,Au 4ème Pont,bus_stop,platform,,,unofficial
7055596714,5.3378960,-4.0551084,Carrefour Lama Fofana,bus_stop,platform,,,unofficial
7055596715,5.3397387,-4.0576699,Carrefour Marché,bus_stop,platform,,,unofficial
7055596716,5.3405008,-4.0586644,Pharmacie les Béatitudes,bus_stop,platform,,,unofficial
7055596717,5.3417910,-4.0548255,Hôtel,bus_stop,platform,,,unofficial
7055596718,5.3415507,-4.0463094,Sibeco / Garage,bus_stop,platform,,,unofficial
7055596719,5.3527389,-4.0456362,1er Terrain,bus_stop,platform,,,unofficial
7055596720,5.3545669,-4.0181838,Adjamé Texaco,bus_stop,platform,,,unofficial
7055696176,5.3242799,-4.1065625,Carrefour Académie,bus_stop,platform,,,unofficial
7055696177,5.3269826,-4.1054173,Carrefour Super marché,bus_stop,platform,,,unofficial
7055696178,5.3297734,-4.1037490,Lubafrique,bus_stop,platform,,,unofficial
7055696179,5.3286611,-4.1010426,Ancien terminus,bus_stop,platform,,yes,unofficial
7055696180,5.3278933,-4.0981660,Carrefour Marché,bus_stop,platform,,,unofficial
7055696181,5.3276115,-4.0966304,Église Sainte-Rita,bus_stop,platform,,,unofficial
7055696182,5.3270558,-4.0916616,Carrefour Texaco - Saguidiba,bus_stop,platform,,,unofficial
7055696183,5.3391843,-4.0892468,Pharmacie Roxanne,bus_stop,platform,,,unofficial
7055696184,5.3469666,-4.0892637,Carrefour Niangon,bus_stop,platform,,,unofficial
7055717185,5.3619681,-4.0844370,Carrefour B.A.E,bus_stop,platform,,,unofficial
7055717187,5.3648682,-4.0956353,Gesco BATIM,bus_stop,platform,,,unofficial
7055717190,5.3585245,-4.1012934,Rond-point de Gesco,bus_stop,platform,,yes,unofficial
7055717191,5.3516218,-4.1038495,Pharmacie Alicia,bus_stop,platform,,,unofficial
7055717192,5.3509036,-4.0993904,Carrefour Sorbonne,bus_stop,platform,,,unofficial
7055717193,5.3438300,-4.1004029,Carrefour petit canari,bus_stop,platform,,yes,unofficial
7055717194,5.3356127,-4.1014852,Carrefour Anador,bus_stop,platform,,,unofficial
7055717195,5.3300979,-4.1040306,Lubafrique,bus_stop,platform,,,unofficial
7055717196,5.3238157,-4.1066719,Carrefour Académie,bus_stop,platform,,,unofficial
7056143583,5.3809122,-3.9878869,UIA,bus_stop,platform,,no,unofficial
7056143584,5.3977447,-3.9858967,Complexe Sportif Angré,bus_stop,platform,,,unofficial
7056198867,5.3642676,-3.9792294,Jules ferry,bus_stop,platform,,,unofficial
7056198868,5.3706110,-3.9761945,Attoban camp,bus_stop,platform,,,unofficial
7056202785,5.3954516,-3.9861971,Carrefour Rose Hermine,bus_stop,platform,,,unofficial
7056202786,5.3876795,-3.9871305,Côte d'Ivoire Télécom / Puissance 6,bus_stop,platform,,,unofficial
7056202787,5.3743750,-3.9849861,Pharmacie Dunia,bus_stop,platform,,,unofficial
7056202789,5.3537590,-3.9778085,Riviera 2,bus_stop,platform,,,unofficial
7056202790,5.3570316,-3.9785124,Pharmacie Saint Ange,bus_stop,platform,,,unofficial
7056202791,5.3619080,-3.9788693,Hôtel Manhatan,bus_stop,platform,,,unofficial
7056202792,5.3697406,-3.9809434,Église Saint Bernard,bus_stop,platform,,,unofficial
7056202793,5.3735592,-3.9843625,Commisariat 30è Art.,bus_stop,platform,,,unofficial
7056202794,5.3878792,-3.9872063,Côte d'Ivoire Télécom / Puissance 6,bus_stop,platform,,,unofficial
7056202795,5.3954689,-3.9862916,Carrefour Rose Hermine,bus_stop,platform,,,unofficial
7056202797,5.4028717,-3.9853992,Termunis 81/82,bus_stop,platform,,,unofficial
7056202798,5.4032849,-3.9852449,Terminus 81/82,bus_stop,platform,,,unofficial
7056202800,5.3538358,-3.9777998,Riviera 2,bus_stop,platform,,,unofficial
7056217830,5.3538378,-3.9775175,Riviera 2,bus_stop,platform,,,unofficial
7056217831,5.3980238,-3.9905188,Angré 22ème,bus_stop,platform,,,unofficial
7056217832,5.3980298,-3.9905684,Angré 22ème,bus_stop,platform,,,unofficial
7056217834,5.3938948,-3.9864097,Carrefour Bluethooth,bus_stop,platform,,,unofficial
7056274249,5.3563127,-4.0717535,Gabriel Gare,bus_stop,platform,,,unofficial
7056274250,5.3577741,-4.0741675,Sicomex,bus_stop,platform,,,unofficial
7056274251,5.3826599,-4.0947756,Micao,bus_stop,platform,,,unofficial
7056274253,5.3826332,-4.0946871,Micao,bus_stop,platform,,,unofficial
7056274254,5.3810256,-4.0955186,Pharmacie Micao,bus_stop,platform,,,unofficial
7056274255,5.3768899,-4.0946435,Carrefour Gargill,bus_stop,platform,,,unofficial
7056274256,5.3562386,-4.0717945,Gabriel Gare,bus_stop,platform,,,unofficial
7056277272,5.2981499,-4.0031198,Treichvile Gare de Bassam,bus_stop,platform,,,unofficial
7056277274,5.3089927,-4.0169063,Gare bateau-bus,bus_stop,platform,,,unofficial
7056277275,5.3091966,-4.0166887,Gare bateau-bus,bus_stop,platform,,,unofficial
7056277277,5.2983135,-4.0039095,Treichvile Gare de Bassam,bus_stop,platform,,,unofficial
7056562832,5.3653423,-4.0295215,Garage en Haut,bus_stop,platform,,,unofficial
7056562833,5.3811191,-4.0237091,Cissé 1er,bus_stop,platform,,,unofficial
7056562834,5.3850566,-4.0216814,Préfecture de police d'Abidjan,bus_stop,platform,,no,unofficial
7056562835,5.3999911,-4.0204348,Express,bus_stop,platform,,,unofficial
7056562836,5.4068598,-4.0166858,Plaque Anador,bus_stop,platform,,,unofficial
7056562837,5.4090694,-4.0162446,Anador,bus_stop,platform,,,unofficial
7056562838,5.4211603,-4.0182616,Abobo Gare,bus_stop,platform,,no,unofficial
7056562841,5.4197117,-4.0175159,Abobo Gare Mairie,bus_stop,platform,,,unofficial
7056562842,5.4093979,-4.0160079,Anador,bus_stop,platform,,,unofficial
7056562843,5.4017782,-4.0193063,Garage Machine,bus_stop,platform,,,unofficial
7056562844,5.3811885,-4.0234249,Cissé 2ème,bus_stop,platform,,,unofficial
7056562845,5.3694394,-4.0291520,Guiness,bus_stop,platform,,,unofficial
7056730266,5.3192324,-4.0997296,Carrefour Lokoa,bus_stop,platform,,,unofficial
7056730267,5.3218770,-4.1035451,Carrefour Jatak,bus_stop,platform,,,unofficial
7056730268,5.3227109,-4.1047736,Carrefour Internat,bus_stop,platform,,,unofficial
7056730270,5.3291264,-4.1024521,Pharmacie Niangon Nord,bus_stop,platform,,,unofficial
7056730272,5.3355058,-4.0859498,Poubelle,bus_stop,platform,,,unofficial
7056730273,5.3396813,-4.0792899,Marché Sicogi / Pont Vagabond,bus_stop,platform,,,unofficial
7056730274,5.3467396,-4.0635762,Bel Air,bus_stop,platform,,,unofficial
7056730275,5.3447246,-4.0724006,Ecole William Ponty,bus_stop,platform,,,unofficial
7056730276,5.3466955,-4.0683250,Pharmacie Wassakara,bus_stop,platform,,,unofficial
7056730277,5.3587519,-4.0301589,Paharmacie Agban,bus_stop,platform,,,unofficial
7056730278,5.3573188,-4.0261245,Brigade d'Adjamé,bus_stop,platform,,,unofficial
7056730280,5.3395304,-4.0751439,Au Score,bus_stop,platform,,,unofficial
7056730281,5.3395324,-4.0778583,Marche de Sicogi,bus_stop,platform,,,unofficial
7056730282,5.3228090,-4.1047581,Carrefour Internat,bus_stop,platform,,,unofficial
7056730283,5.3192899,-4.0997248,Carrefour Lokoa,bus_stop,platform,,,unofficial
7057184297,5.3479780,-4.0096691,Pont Lycée Technique,bus_stop,platform,,,
7057184298,5.3566138,-3.9678052,Cap Nord,bus_stop,platform,,,
7057184299,5.3584671,-3.9639542,9 Kilo,bus_stop,platform,,,
7057184300,5.3597316,-3.9618279,Warren,bus_stop,platform,,no,unofficial
7057184301,5.3702292,-3.9385383,Carrefour Faya,bus_stop,platform,,,unofficial
7057184303,5.3741974,-3.9234777,Jules Verne,bus_stop,platform,,,unofficial
7057184305,5.3716031,-3.9107318,Coup de Frein,bus_stop,platform,,,unofficial
7057184306,5.3692678,-3.9099567,Adama,bus_stop,platform,,,unofficial
7057184307,5.3581139,-3.8843697,Gare Bingerville,bus_stop,platform,,,unofficial
7057184309,5.3576393,-3.8905898,Sous-Prefecture de Bingerville,bus_stop,platform,,,unofficial
7057184310,5.3612451,-3.8944883,Station Texaco,bus_stop,platform,,,unofficial
7057184311,5.3601282,-3.8980879,CIE,bus_stop,platform,,,unofficial
7057184312,5.3715337,-3.9108606,Coup de Frein,bus_stop,platform,,,unofficial
7057184313,5.3740172,-3.9119857,Feh Kessé,bus_stop,platform,,,unofficial
7057184314,5.3743256,-3.9214982,Panneau Orange,bus_stop,platform,,,unofficial
7057184315,5.3740305,-3.9232584,Jules Verne,bus_stop,platform,,,unofficial
7057184316,5.3724342,-3.9295214,Nouveau Goudron,bus_stop,platform,,no,unofficial
7057184317,5.3717513,-3.9321224,Playce Palmeraie,bus_stop,platform,,,unofficial
7057184319,5.3614581,-3.9585087,Après barrage,bus_stop,platform,,,unofficial
7057184320,5.3536652,-4.0117645,Adjamé Liberté Gare de Bingerville,bus_stop,platform,,,unofficial
7057276357,5.3602513,-4.0284221,En bas du pont,bus_stop,platform,,,unofficial
7057276359,5.3672735,-4.1022643,Gare Gesco,bus_stop,platform,,,unofficial
7057276360,5.3589064,-4.0294570,Adjamé Agban,bus_stop,platform,,,unofficial
7057912884,5.3672691,-4.1023082,Gare Gesco,bus_stop,platform,,,unofficial
7057928785,5.3659041,-4.0976190,Grand Carrefour,bus_stop,platform,,,unofficial
7057928788,5.3585319,-4.0994108,Gesco Rond-Point,bus_stop,platform,,,unofficial
7057928789,5.3576374,-4.0931250,Cité Mamie Adjoua,bus_stop,platform,,,unofficial
7057928790,5.3559988,-4.0910404,Station Shell du CHU,bus_stop,platform,,,unofficial
7057928791,5.3552570,-4.0893689,Carrefour CHU,bus_stop,platform,,,unofficial
7057928792,5.3553702,-4.0845871,Carrefour Zone,bus_stop,platform,,,unofficial
7057928793,5.3555598,-4.0792026,Carrefour Marché Siporex,bus_stop,platform,,,unofficial
7057928794,5.3556818,-4.0756477,Marché Siporex,bus_stop,platform,,,unofficial
7057928795,5.3560180,-4.0684660,Pharmacie Paloma,bus_stop,platform,,,unofficial
7057928796,5.3566512,-4.0657169,SANgel Yopougon,bus_stop,platform,,,unofficial
7057928797,5.3575070,-4.0526099,Garage Massa,bus_stop,platform,,,unofficial
7058023894,5.3786237,-4.0062581,"Gare de Woro Woro, Deux Plateau - Vallon",bus_stop,platform,,no,unofficial
7058023895,5.3750146,-3.9904665,Sococé Vallon,bus_stop,platform,,no,unofficial
7058023898,5.3644111,-3.9897532,Cash Center Vallon,bus_stop,platform,,no,unofficial
7058023899,5.3782310,-3.9979291,CEI,bus_stop,platform,,no,unofficial
7058023900,5.3781977,-4.0062734,"Gare de Woro Woro, Deux Plateau - Vallon",bus_stop,platform,,no,unofficial
7058050530,5.3735899,-3.9985393,SOCOCE 2 Pltx,bus_stop,platform,,no,unofficial
7058050532,5.3779700,-4.0061165,"Gare de Woro Woro, Deux Plateau - Vallon",bus_stop,platform,,no,unofficial
7058185549,5.4000031,-4.0061775,Azur Mobil,bus_stop,platform,,no,unofficial
7058185550,5.4041573,-3.9908917,Angré Petro Ivoire,bus_stop,platform,,no,unofficial
7058185551,5.4041013,-3.9875302,Nouvelle Station Petro Ivoire,bus_stop,platform,,no,unofficial
7058185552,5.4030314,-3.9789792,Mandela,bus_stop,platform,,no,unofficial
7058185553,5.3998841,-3.9564684,CHU Angré,bus_stop,platform,,no,unofficial
7058185554,5.4005873,-3.9731763,Soleil 2,bus_stop,platform,,no,unofficial
7058185555,5.4029471,-3.9782087,BICICI Djibi,bus_stop,platform,,no,unofficial
7058185556,5.4029561,-3.9789967,Mandela,bus_stop,platform,,no,unofficial
7058185557,5.4037556,-3.9853073,Terminus 81/82,bus_stop,platform,,no,unofficial
7058185559,5.3999255,-4.0063248,Azur Mobil,bus_stop,platform,,no,unofficial
7058225058,5.3999864,-4.0041746,Lonaci,bus_stop,platform,,no,unofficial
7058225059,5.3998756,-3.9992702,Geo-Beton,bus_stop,platform,,no,unofficial
7058225060,5.3984871,-3.9917627,22ème,bus_stop,platform,,no,unofficial
7058225061,5.4038276,-3.9851195,Terminus 81/82,bus_stop,platform,,no,unofficial
7058225063,5.3789367,-3.9717340,Mary's,bus_stop,platform,,no,unofficial
7058225064,5.3789634,-3.9717843,Mary's,bus_stop,platform,,no,unofficial
7058225066,5.3859298,-3.9743873,Cash Center 8ème Tranche,bus_stop,platform,,no,unofficial
7058225067,5.3931531,-3.9763534,Carrefour Prière,bus_stop,platform,,no,unofficial
7058225069,5.3976907,-3.9862866,Complexe Sportif Angré,bus_stop,platform,,no,unofficial
7058310540,5.3413959,-4.0256878,Adjamé Mairie-Dallas,bus_stop,platform,,no,unofficial
7058310541,5.3414679,-4.0256578,Adjamé Mairie-Dallas,bus_stop,platform,,no,unofficial
7058310543,5.3540040,-4.0166101,Adjamé Liberté,bus_stop,platform,,no,unofficial
7058499894,5.3995876,-3.9974235,Mahou,bus_stop,platform,,no,unofficial
7058499895,5.4153078,-3.9773713,Angré Château Fin Goudron,bus_stop,platform,,no,unofficial
7058499896,5.4152538,-3.9773230,Angré Château Fin Goudron,bus_stop,platform,,no,unofficial
7058499897,5.4123525,-3.9814872,Carrefour Château,bus_stop,platform,,no,unofficial
7058499898,5.4075881,-3.9885340,Caféier 6,bus_stop,platform,,no,unofficial
7058499899,5.3999287,-4.0061886,Azur Mobil,bus_stop,platform,,no,unofficial
7060277170,5.3603471,-3.9618668,Warren Palmeraie,bus_stop,platform,,,unofficial
7060277171,5.3805750,-3.9643954,Pharmacie Rosiers,bus_stop,platform,,,unofficial
7060277172,5.3808721,-3.9646855,Termunis des Rosiers,bus_stop,platform,,,unofficial
7060277173,5.3812913,-3.9647388,Termunis des Rosiers,bus_stop,platform,,,unofficial
7060277174,5.3737955,-3.9616972,Quick Market,bus_stop,platform,,,unofficial
7060277175,5.3715851,-3.9648132,Carrefour Sacré Coeur,bus_stop,platform,,,unofficial
7060277177,5.3603634,-3.9618018,Warren Palmeraie,bus_stop,platform,,,unofficial
7060486566,5.3622165,-3.9594126,Gare Palmeraie,bus_stop,platform,,,unofficial
7060486567,5.3628420,-3.9595487,Station,bus_stop,platform,,,unofficial
7060486568,5.3659533,-3.9604227,Petro Ivoire,bus_stop,platform,,,unofficial
7060486569,5.3667122,-3.9603172,King Cash,bus_stop,platform,,,unofficial
7060486570,5.3695475,-3.9602964,Chez Miss Zahui,bus_stop,platform,,,unofficial
7060486571,5.3833115,-3.9563294,Rond-point Saint Viateur,bus_stop,platform,,,unofficial
7060486572,5.3849164,-3.9533937,Palmeraie SIPIM 4,bus_stop,platform,,,unofficial
7060486573,5.3848590,-3.9533441,Palmeraie SIPIM 4,bus_stop,platform,,,unofficial
7060486574,5.3835051,-3.9558144,Carrefour Saint Viateur,bus_stop,platform,,,unofficial
7060486576,5.3609186,-3.9619070,Warren Palmeraie,bus_stop,platform,,,unofficial
7066056999,5.4208804,-4.0184881,Abobo Gare,bus_stop,platform,,no,unofficial
7066057000,5.4242953,-4.0192654,A l'Arrêt,bus_stop,platform,,no,unofficial
7066057003,5.4433537,-4.0690529,Carrefour N'dotré,bus_stop,platform,,no,unofficial
7066057005,5.4434370,-4.0688789,Carrefour N'dotré,bus_stop,platform,,no,unofficial
7066057006,5.4434682,-4.0678744,Blé d'Oré,bus_stop,platform,,no,unofficial
7066057007,5.4435916,-4.0652862,Carrefour Céleste,bus_stop,platform,,no,unofficial
7066057008,5.4436197,-4.0636905,Plaque Rouge,bus_stop,platform,,no,unofficial
7066057009,5.4437308,-4.0597417,Carrefour Diallo,bus_stop,platform,,no,unofficial
7066057010,5.4438420,-4.0553823,Pharmacie Safir,bus_stop,platform,,no,unofficial
7066057012,5.4217468,-4.0180128,Abobo Gare,bus_stop,platform,,no,unofficial
7066086746,5.3969703,-3.9915327,CEI,bus_stop,platform,,no,unofficial
7066086747,5.3718141,-3.9982422,SOCOCE 2 Plateaux,bus_stop,platform,,no,unofficial
7066086748,5.3480868,-4.0024044,Carrefour la Vie,bus_stop,platform,,no,unofficial
7066086749,5.3470961,-4.0025103,Immeuble Carbone,bus_stop,platform,,no,unofficial
7066086751,5.3333654,-4.0041921,Hôtel communal,bus_stop,platform,,no,unofficial
7066086752,5.3329481,-4.0044522,Hôtel communal,bus_stop,platform,,no,unofficial
7066086753,5.3397360,-4.0036335,SGBCI Cocody,bus_stop,platform,,no,unofficial
7066086754,5.3431624,-4.0032104,RTI,bus_stop,platform,,no,unofficial
7066086755,5.3583151,-4.0010906,BMW,bus_stop,platform,,no,unofficial
7066239480,5.3783072,-3.9978513,CEI,bus_stop,platform,,no,unofficial
7066239481,5.3844544,-3.9859001,Carrefour Cascade,bus_stop,platform,,no,unofficial
7066239483,5.3836643,-3.9823508,Termunis Aghien Zinsou,bus_stop,platform,,no,unofficial
7066239484,5.3843276,-3.9857452,Carrefour Cascade,bus_stop,platform,,no,unofficial
7066277285,5.3836500,-3.9824129,Termunis Aghien Zinsou,bus_stop,platform,,no,unofficial
7066312407,5.4383201,-4.0400586,Au Feu,bus_stop,platform,,no,unofficial
7066312408,5.4439833,-4.0493835,Agripac avant le feu,bus_stop,platform,,no,unofficial
7066312409,5.4434869,-4.0653548,Carrefour Céleste,bus_stop,platform,,no,unofficial
7066312410,5.4436230,-4.0600615,Carrefour Diallo,bus_stop,platform,,no,unofficial
7066312411,5.4433989,-4.0676520,Blé d'Oré,bus_stop,platform,,no,unofficial
7066312412,5.4425174,-4.0693468,Carrefou N'dotré,bus_stop,platform,,no,unofficial
7066312413,5.4394855,-4.0686564,Lavage,bus_stop,platform,,no,unofficial
7066312414,5.4378340,-4.0683965,Assoko,bus_stop,platform,,no,unofficial
7066312415,5.4323105,-4.0686364,2ème Porte,bus_stop,platform,,no,unofficial
7066312416,5.4305892,-4.0690669,Première Porte,bus_stop,platform,,no,unofficial
7066312418,5.3697005,-4.0800511,Carrefour Zone,bus_stop,platform,,no,unofficial
7066312420,5.3695567,-4.0803618,Carrefour Zone,bus_stop,platform,,no,unofficial
7066312421,5.3744804,-4.0777900,1er Carrefour,bus_stop,platform,,no,unofficial
7066312422,5.3889235,-4.0783838,MACA,bus_stop,platform,,no,unofficial
7066312423,5.3926346,-4.0804343,Barrage,bus_stop,platform,,no,unofficial
7066312424,5.4005297,-4.0843471,Cité Ado,bus_stop,platform,,no,unofficial
7066312425,5.4287432,-4.0697821,Garage,bus_stop,platform,,no,unofficial
7066312426,5.4325555,-4.0686597,Sotrapim,bus_stop,platform,,no,unofficial
7066312427,5.4271810,-4.0211289,Abobo Gendarmerie,bus_stop,platform,,no,unofficial
7066654372,5.3792124,-4.0022273,Carrefour Zoo,bus_stop,platform,,no,unofficial
7066654373,5.3771676,-3.9931682,Carrefour Sainte Cécile,bus_stop,platform,,no,unofficial
7066654374,5.3771769,-3.9925620,Carrefour Sainte Cécile,bus_stop,platform,,no,unofficial
7066654375,5.3723568,-3.9903539,Pharmacie Arc-en-ciel,bus_stop,platform,,no,unofficial
7066654378,5.3771123,-3.9930195,Carrefour Sainte Cécile,bus_stop,platform,,no,unofficial
7066654379,5.3789855,-3.9997047,Carrefour Gadji,bus_stop,platform,,no,unofficial
7068199655,5.3423365,-4.1004713,Banque Atlantique,bus_stop,platform,SOTRA,,official
7071584250,5.3190808,-4.0803581,Yopougon IGES,bus_stop,platform,,,unofficial
7071584251,5.3290737,-4.0759130,Cabine Bleue,bus_stop,platform,,,unofficial
7071584252,5.3454457,-4.0733944,Dialogue,bus_stop,platform,,,unofficial
7071584253,5.3532984,-4.0741897,Kabadougou,bus_stop,platform,,,unofficial
7071584254,5.3598000,-4.0678546,Motar,bus_stop,platform,,,unofficial
7071584255,5.3572027,-4.0261916,Brigade d'Adjamé,bus_stop,platform,,,unofficial
7071584256,5.3574483,-4.0739858,Sicomex,bus_stop,platform,,,unofficial
7071584257,5.3533185,-4.0740462,Kabadougou,bus_stop,platform,,,unofficial
7071584258,5.3521848,-4.0737994,La Poste,bus_stop,platform,,,unofficial
7071584259,5.3454484,-4.0732348,Dialogue,bus_stop,platform,,,unofficial
7071584260,5.3438661,-4.0732549,William-Ponty,bus_stop,platform,,,unofficial
7071584263,5.3380482,-4.0732938,16ème,bus_stop,platform,,,unofficial
7071584264,5.3190728,-4.0802675,Yopougon IGES,bus_stop,platform,,,unofficial
7076835390,5.3166085,-4.0889874,Niangon Sud à Gauche,bus_stop,platform,,,unofficial
7076835391,5.3228805,-4.0877382,Église des Assemblés de Dieu de Niangon-Sud,bus_stop,platform,,,unofficial
7076835392,5.3249396,-4.0787803,Marché,bus_stop,platform,,,unofficial
7076835393,5.3415093,-4.0734118,Ancien Lavage,bus_stop,platform,,,unofficial
7076835394,5.3591428,-4.0290092,Adjamé Nouvelle Gare,bus_stop,platform,,,unofficial
7076835395,5.3593604,-4.0288610,Adjamé Nouvelle Gare,bus_stop,platform,,,unofficial
7076835397,5.3484186,-4.0732647,Cosmos Yopougon,bus_stop,platform,,,unofficial
7076835398,5.3266060,-4.0917099,Carrefour Texaco - Saguidiba,bus_stop,platform,,,unofficial
7076835399,5.3158780,-4.0949781,Centre Social,bus_stop,platform,,,unofficial
7076873474,5.3653489,-4.0934305,Église Évangélique la Victoire Gesco,bus_stop,platform,,,unofficial
7076873475,5.3551016,-4.1025641,Carrefour Ananeraie,bus_stop,platform,,,unofficial
7076873476,5.3534339,-4.1031395,Bonikro 1er,bus_stop,platform,,,unofficial
7076873477,5.3443912,-4.1074932,2ème,bus_stop,platform,,,unofficial
7076873478,5.3404104,-4.1097672,Yopougon marché Bagnon,bus_stop,platform,,,unofficial
7076873480,5.3442292,-4.1077065,2ème,bus_stop,platform,,,unofficial
7076873481,5.3425646,-4.1086396,Moayé,bus_stop,platform,,,unofficial
7076873482,5.3404397,-4.1098228,Yopougon marché Bagnon,bus_stop,platform,,,unofficial
7076873484,5.3483409,-4.1053376,Arouna Koné,bus_stop,platform,,,unofficial
7076942285,5.3539965,-4.1030616,Cité Nawa,bus_stop,platform,,,unofficial
7076942286,5.3585686,-4.1014342,Rond-point de Gesco,bus_stop,platform,,yes,unofficial
7076942288,5.3650284,-4.0958444,Gesco BATIM,bus_stop,platform,,,unofficial
7076942289,5.3668524,-4.0971507,Fourrière,bus_stop,platform,,,unofficial
7076942290,5.3634943,-4.0823543,En bas du Pont,bus_stop,platform,,,unofficial
7076942291,5.3623946,-4.0803605,Uniwax,bus_stop,platform,,,unofficial
7076942292,5.3618166,-4.0175125,Gare Kobenan Agban,bus_stop,platform,,,unofficial
7077860787,5.4421097,-4.0207091,BC (Belle Cité),bus_stop,platform,,no,unofficial
7077860789,5.4399903,-4.0204509,Station,bus_stop,platform,,no,unofficial
7077860790,5.4376433,-4.0124600,Carrefour Commissaire,bus_stop,platform,,no,unofficial
7077860791,5.4349504,-4.0123668,JAUG,bus_stop,platform,,no,unofficial
7077860792,5.4333677,-4.0123426,Carrefour Célibataire,bus_stop,platform,,no,unofficial
7077860793,5.4230761,-4.0186451,Pharmacie la Mé,bus_stop,platform,,no,unofficial
7077860796,5.3601659,-4.0287991,Adjamé Nouvelle Gare,bus_stop,platform,,no,unofficial
7077860797,5.3599225,-4.0286243,Adjamé Nouvelle Gare,bus_stop,platform,,no,unofficial
7077860798,5.3636722,-4.0293138,Après le Pont,bus_stop,platform,,no,unofficial
7077860799,5.3781117,-4.0254988,Macaci,bus_stop,platform,,no,unofficial
7077860800,5.4421376,-4.0205733,Carrefour BC,bus_stop,platform,,no,unofficial
7077917683,5.4155715,-4.0000655,Etage Noir,bus_stop,platform,,no,unofficial
7077917684,5.4219587,-3.9979130,À l'École,bus_stop,platform,,no,unofficial
7077935885,5.4232043,-3.9925513,Manioc,bus_stop,platform,,no,unofficial
7077935886,5.4315403,-3.9889867,Hôtel Elite,bus_stop,platform,,no,unofficial
7077935887,5.4334838,-3.9887386,Pharmacie Belle-Ville,bus_stop,platform,,no,unofficial
7077935888,5.4335440,-3.9886263,Pharmacie Belle-Ville,bus_stop,platform,,no,unofficial
7077935889,5.4327142,-3.9887479,Boulangerie,bus_stop,platform,,no,unofficial
7077935890,5.4315500,-3.9889403,Hôtel Elite,bus_stop,platform,,no,unofficial
7077935891,5.4301602,-3.9891375,Carrefour Mosquée,bus_stop,platform,,no,unofficial
7077935892,5.4261280,-3.9897366,Garage Fofana,bus_stop,platform,,no,unofficial
7077935893,5.4236689,-3.9901212,Conteneur,bus_stop,platform,,no,unofficial
7077935894,5.4224126,-3.9903116,Maternité,bus_stop,platform,,no,unofficial
7077935895,5.4154033,-3.9931306,Bienvenue Abobo Baoulé,bus_stop,platform,,no,unofficial
7077935896,5.4147386,-3.9960188,Carrefour Angré,bus_stop,platform,,no,unofficial
7077935897,5.4196467,-4.0156505,Abobo Gare Mairie,bus_stop,platform,,no,unofficial
7078020131,5.4488985,-4.0517014,Ecole Djessou,bus_stop,platform,,no,unofficial
7078020133,5.4595660,-4.0541670,Carrefour Marché,bus_stop,platform,,no,unofficial
7078020134,5.4806341,-4.0533408,Gare d'Anyama,bus_stop,platform,,no,unofficial
7078020135,5.4808672,-4.0531236,Gare d'Anyama,bus_stop,platform,,no,unofficial
7078020142,5.4795172,-4.0535717,Colatier,bus_stop,platform,,no,unofficial
7078020143,5.4671649,-4.0533181,Berthé,bus_stop,platform,,no,unofficial
7078020144,5.4613637,-4.0537700,Ancienne Gendarmerie,bus_stop,platform,,no,unofficial
7078020146,5.4223472,-4.0183461,Abobo Gare,bus_stop,platform,,no,unofficial
7078189936,5.4167304,-4.0098824,COOPEC,bus_stop,platform,,no,unofficial
7078189937,5.4046455,-3.9922716,Petro Ivoire Angré,bus_stop,platform,,no,unofficial
7078209296,5.4326879,-4.0131435,15e Arrondissement,bus_stop,platform,,,unofficial
7078209297,5.4272496,-4.0186773,Collège Elites,bus_stop,platform,,no,unofficial
7078209298,5.3599299,-4.0289535,Adjamé Nouvelle Gare,bus_stop,platform,,no,unofficial
7078209300,5.3595346,-4.0287870,Adjamé Nouvelle Gare,bus_stop,platform,,no,unofficial
7078209301,5.3791150,-4.0248987,Ancien Garage,bus_stop,platform,,no,unofficial
7078209302,5.3929515,-4.0210323,Filtisac,bus_stop,platform,,no,unofficial
7078209303,5.4109146,-4.0163626,Banco,bus_stop,platform,,no,unofficial
7078209304,5.4145101,-4.0162272,Mobil,bus_stop,platform,,no,unofficial
7078209306,5.4349342,-4.0124505,JAUG,bus_stop,platform,,no,unofficial
7078451669,5.3272386,-4.0927203,Bracodi,bus_stop,platform,,,unofficial
7078451670,5.3309578,-4.0908596,Station Shell,bus_stop,platform,,,unofficial
7078451671,5.3355299,-4.0894528,Bon Prix,bus_stop,platform,,,unofficial
7078451672,5.3354911,-4.0874378,Carrefour Canal,bus_stop,platform,,,unofficial
7078451673,5.3423158,-4.0768088,École,bus_stop,platform,,,unofficial
7078451674,5.3564776,-4.0665106,Sable,bus_stop,platform,,,unofficial
7078451675,5.3583062,-4.0669021,Première Station,bus_stop,platform,,,unofficial
7078451679,5.3393334,-4.0792798,Sicogi,bus_stop,platform,,,unofficial
7078451680,5.3269759,-4.0916267,Carrefour Texaco - Saguidiba,bus_stop,platform,,,unofficial
7078451681,5.3269512,-4.1053193,Carrefour Super marché,bus_stop,platform,,,unofficial
7079601690,5.3593995,-4.0656745,1er Pont,bus_stop,platform,,,unofficial
7079601691,5.3600535,-4.0749877,Siporex,bus_stop,platform,,,unofficial
7079601692,5.3647662,-4.0851595,Carrefour BAE,bus_stop,platform,,,unofficial
7079601693,5.3659980,-4.0898102,Yoplait,bus_stop,platform,,,unofficial
7079601694,5.3660404,-4.0955651,Bon Prix,bus_stop,platform,,,unofficial
7079693847,5.3110380,-4.0153262,Gare lagunaire Aqualines Treichville,,platform,,,
7079839319,5.2508678,-3.9561946,Terminus Port-Bouët Phare,bus_stop,platform,SOTRA,yes,official
7079839320,5.2548308,-3.9621142,Eglise Protestante,bus_stop,platform,SOTRA,yes,official
7082269144,5.4213115,-4.0153718,Abobo Gare Mairie,bus_stop,platform,,no,unofficial
7082269146,5.4044846,-3.9914757,Angré Petro Ivoire,bus_stop,platform,,no,unofficial
7082269147,5.4048277,-3.9944986,Star 8,bus_stop,platform,,no,unofficial
7082269148,5.4213352,-4.0154935,Abobo Gare Mairie,bus_stop,platform,,no,unofficial
7082416533,5.3582975,-4.0662497,1er Pont,bus_stop,platform,,,unofficial
7082416535,5.3471802,-4.0632664,Bel Air - Station Shell,bus_stop,platform,,,unofficial
7082416536,5.3331731,-4.0622297,Clinique les Oliviers,bus_stop,platform,,,unofficial
7082416538,5.3235975,-4.0582030,Ivoire Boutique Superette,bus_stop,platform,,,unofficial
7082416539,5.3222509,-4.0547088,Yopougon Kowëit,bus_stop,platform,,,unofficial
7082416540,5.3235281,-4.0569470,Ancienne Boulangerie,bus_stop,platform,,,unofficial
7082416541,5.3235115,-4.0594818,Carrefour Gandhi,bus_stop,platform,,,unofficial
7082416542,5.3382425,-4.0623269,Carrefour Bicici,bus_stop,platform,,,unofficial
7082416543,5.3516201,-4.0634710,Afriquia,bus_stop,platform,,,unofficial
7082468461,5.3621697,-4.0804191,Uniwax,bus_stop,platform,,,unofficial
7082468462,5.3632192,-4.0823784,En bas du Pont,bus_stop,platform,,,unofficial
7082468463,5.3511355,-4.1037675,Station Pétro Ivoire,bus_stop,platform,,,unofficial
7082468464,5.3511513,-4.1011566,SODECI,bus_stop,platform,,,unofficial
7082468466,5.3470734,-4.0993810,Carrefour Véritas,bus_stop,platform,,,unofficial
7082468467,5.3428005,-4.1003653,Resto chawamar pizza café,bus_stop,platform,,,unofficial
7082468468,5.3412710,-4.1003828,Carrefour Antenne,bus_stop,platform,,,unofficial
7082468470,5.3340530,-4.1027311,Société Ivoirienne de Banque,bus_stop,platform,,,unofficial
7082468471,5.3329928,-4.1032246,Pharmacie Maty,bus_stop,platform,,,unofficial
7082468472,5.3304224,-4.1039863,Lubafrique,bus_stop,platform,,,unofficial
7082468474,5.3328940,-4.1033627,Pharmacie Maty,bus_stop,platform,,,unofficial
7082468475,5.3355406,-4.1016743,Carrefour Anador,bus_stop,platform,,,unofficial
7082468476,5.3370835,-4.1005511,Maquis Ivoire,bus_stop,platform,,,unofficial
7082468477,5.3401753,-4.1004807,Pharmacie Cité Maroc,bus_stop,platform,,,unofficial
7082468478,5.3414439,-4.1004505,Carrefour Antenne,bus_stop,platform,,,unofficial
7082468479,5.3426857,-4.1004793,Resto chawamar pizza café,bus_stop,platform,,,unofficial
7082468480,5.3445200,-4.1004880,Carrefour Tiken Jah,bus_stop,platform,,,unofficial
7082468481,5.3469438,-4.0995016,Carrefour Véritas,bus_stop,platform,,,unofficial
7082468482,5.3509103,-4.0994455,Carrefour Sorbonne,bus_stop,platform,,,unofficial
7082468483,5.3510995,-4.1000053,SODECI,bus_stop,platform,,,unofficial
7082468484,5.3510954,-4.1037981,Station Pétro Ivoire,bus_stop,platform,,,unofficial
7082486685,5.3514410,-4.1040212,Pharmacie Alicia,bus_stop,platform,,,unofficial
7082486688,5.3658523,-4.0955642,Bon Prix,bus_stop,platform,,,unofficial
7082486689,5.3655906,-4.0862945,Après le 3ème Pont,bus_stop,platform,,,unofficial
7082486690,5.3662288,-4.0905055,Station Total,bus_stop,platform,,,unofficial
7083105177,5.3505424,-4.0229340,Gare en haut,bus_stop,platform,,,unofficial
7083105178,5.3460466,-3.9494898,Jacques Prévert / Synacassi 1,bus_stop,platform,,,unofficial
7083105179,5.3463377,-3.9456414,Carrefour Akouédo / Synacassi 2,bus_stop,platform,,,unofficial
7083105180,5.3632112,-3.9368927,Carrefour Decharge,bus_stop,platform,,,unofficial
7083105181,5.3635290,-3.9353223,Signature Immobilier,bus_stop,platform,,,unofficial
7083105182,5.3637680,-3.9328493,Laurier 9,bus_stop,platform,,,unofficial
7083105183,5.3616557,-3.9302824,Groupe scolaire Les Adorables,bus_stop,platform,,,unofficial
7083105184,5.3601923,-3.9286637,Quincaillerie Dieudonné,bus_stop,platform,,,unofficial
7083115485,5.3582588,-3.9263168,Arrêt SOTRA,bus_stop,platform,,,unofficial
7083115486,5.3717597,-3.9306999,Menuiserie,bus_stop,platform,,,unofficial
7083115487,5.3672576,-3.9455020,Nouveau Camp,bus_stop,platform,,,unofficial
7083115488,5.3596515,-3.9615650,Commissariat,bus_stop,platform,,,unofficial
7083115489,5.3584685,-3.9636008,9 Kilo,bus_stop,platform,,,unofficial
7083153372,5.3616957,-4.0175320,Gare Kobenan Agban,bus_stop,platform,,,unofficial
7083153373,5.3551183,-4.0104299,Carrefour Liberté,bus_stop,platform,,,unofficial
7083153374,5.3610121,-3.9596620,Après barrage,bus_stop,platform,,,unofficial
7083153375,5.3628707,-3.9563683,Socoprix,bus_stop,platform,,,unofficial
7083153376,5.3653997,-3.9496641,Deux Poteaux,bus_stop,platform,,,unofficial
7083153377,5.3663857,-3.9475834,Carrefour CFA,bus_stop,platform,,,unofficial
7083153378,5.3619921,-3.9070425,Carrefour Garage,bus_stop,platform,,,unofficial
7083153379,5.3577561,-3.8909854,Lycée Garçon de Bingerville,bus_stop,platform,,,unofficial
7083153380,5.3570451,-3.8832411,Ancien Marché,bus_stop,platform,,,unofficial
7083153381,5.3560129,-3.8818196,Escalier,bus_stop,platform,,,unofficial
7083153382,5.3532556,-3.8770667,Nouvelle Gare Bingerville,bus_stop,platform,,,unofficial
7083153383,5.3530727,-3.8767034,Nouvelle Gare Bingerville,bus_stop,platform,,,unofficial
7083153384,5.3545439,-3.8797811,Carrefour Sicogi 2,bus_stop,platform,,,unofficial
7083191185,5.3573930,-3.8872685,CIE,bus_stop,platform,,,unofficial
7083191187,5.3604019,-3.9027603,Ancien Barrage,bus_stop,platform,,,unofficial
7083191190,5.3652948,-3.9494079,Deux Poteaux,bus_stop,platform,,,unofficial
7083191191,5.3619274,-4.0173121,Gare Kobenan Agban,bus_stop,platform,,,unofficial
7083218788,5.3587733,-4.0309504,Adjamé Agban Village,bus_stop,platform,,,unofficial
7083218789,5.3589712,-4.0324257,Cité Fairmont,bus_stop,platform,,,unofficial
7083218790,5.3578956,-4.0451843,Carrefour Policier,bus_stop,platform,,,unofficial
7083218791,5.3528450,-4.0454954,1er Terrain,bus_stop,platform,,,unofficial
7083218792,5.3511353,-4.0453331,Depôt,bus_stop,platform,,,unofficial
7083218793,5.3495717,-4.0453640,Maquis,bus_stop,platform,,,unofficial
7083218794,5.3409202,-4.0467319,Mossikro,bus_stop,platform,,,unofficial
7083218795,5.3403169,-4.0479054,Pharmacie Notre Dame des Victoires,bus_stop,platform,,,unofficial
7083218796,5.3401850,-4.0495760,Dinamori Boutique,bus_stop,platform,,,unofficial
7083218797,5.3417076,-4.0548382,Hôtel,bus_stop,platform,,,unofficial
7083218798,5.3426750,-4.0594751,Au Tournant,bus_stop,platform,,,unofficial
7083218799,5.3407255,-4.0586637,Pharmacie les Béatitudes,bus_stop,platform,,,unofficial
7083218800,5.3398362,-4.0575117,Carrefour Marché,bus_stop,platform,,,unofficial
7083218801,5.3314746,-4.0519327,Offoumou Yapo,bus_stop,platform,,,unofficial
7083218802,5.3292033,-4.0496481,Collège Jeunnes Filles Singa,bus_stop,platform,,,unofficial
7083218805,5.3283693,-4.0495858,Boissy,bus_stop,platform,,,unofficial
7083218806,5.3268618,-4.0522599,Carrefour Gnawa,bus_stop,platform,,,unofficial
7083218807,5.3271455,-4.0552251,Gendarmerie,bus_stop,platform,,,unofficial
7083218808,5.3290977,-4.0561411,Caféier,bus_stop,platform,,,unofficial
7083218809,5.3333400,-4.0550990,La Poste,bus_stop,platform,,,unofficial
7083218810,5.3425227,-4.0601127,Au Tournant,bus_stop,platform,,,unofficial
7083218811,5.3426803,-4.0574493,Supermarché,bus_stop,platform,,,unofficial
7083218812,5.3423412,-4.0564294,Chantier,bus_stop,platform,,,unofficial
7083218813,5.3410727,-4.0530834,Collège Jean Baptiste de la Salle 2,bus_stop,platform,,,unofficial
7083218814,5.3402220,-4.0495240,Dinamori Boutique,bus_stop,platform,,,unofficial
7083218815,5.3469228,-4.0453191,Cirocco,bus_stop,platform,,,unofficial
7084838708,5.3154761,-4.0181476,Gare Sud,bus_stop,platform,SOTRA,yes,official
7084919708,5.3422130,-4.0563664,Chantier,bus_stop,platform,,,unofficial
7084919709,5.3318044,-4.0554665,Pharmacie Toits-Rouges,bus_stop,platform,,,unofficial
7084919710,5.3311274,-4.0561685,FSUCOM toît rouge,bus_stop,platform,,,
7084919711,5.3222943,-4.0624268,Terminus 37 Camp Militaire,bus_stop,platform,,,
7084919712,5.3317216,-4.0556503,Pharmacie Toits-Rouges,bus_stop,platform,,,unofficial
7084919714,5.3493727,-4.0454672,Maquis,bus_stop,platform,,,unofficial
7084943041,5.3242033,-4.0803718,Akadjoba,bus_stop,platform,,,unofficial
7084943042,5.3239361,-4.0857339,Garage,bus_stop,platform,,,unofficial
7084943043,5.3218056,-4.0878019,Timotel,bus_stop,platform,,,unofficial
7084943044,5.3176327,-4.0883571,Collège Gloris,bus_stop,platform,,,unofficial
7084943045,5.3159962,-4.0902976,Terminus 27 Niangon Sud à Gauche,bus_stop,platform,,,unofficial
7084943047,5.3175690,-4.0947580,Carrefour à gauche,bus_stop,platform,,,unofficial
7084943048,5.3219979,-4.0932548,Pharmacie Beyniouah,bus_stop,platform,,,unofficial
7084943049,5.3246304,-4.0926708,SODECI,bus_stop,platform,,,unofficial
7084943050,5.3254703,-4.0924869,Carrefour Bar Éclat,bus_stop,platform,,,unofficial
7084943051,5.3276462,-4.0913665,Super marché moins cher,bus_stop,platform,,,unofficial
7084943052,5.3290717,-4.0908273,Carrefour Menuiserie,bus_stop,platform,,,unofficial
7084943053,5.3351782,-4.0909012,Station Pétro Ivoire,bus_stop,platform,,,unofficial
7084943054,5.3356153,-4.0838134,Magasin,bus_stop,platform,,,unofficial
7084943055,5.3394637,-4.0838000,Carrefour Terminus 47,bus_stop,platform,,,unofficial
7084943056,5.3423185,-4.0804312,Pharmacie des 3 Ponts,bus_stop,platform,,,unofficial
7085040027,5.3586447,-4.0298058,Adjamé Agban,bus_stop,platform,,,unofficial
7085040028,5.3533955,-4.0330748,Attécoubé Garage,bus_stop,platform,,,unofficial
7085040029,5.3508722,-4.0318644,Pharmacie d'Attécoubé - Au feu,bus_stop,platform,,,unofficial
7085040030,5.3472503,-4.0307459,Carrefour ESF,bus_stop,platform,,,unofficial
7085040031,5.3413020,-4.0312974,Au feu,bus_stop,platform,,,unofficial
7085040032,5.3084008,-4.0188590,En bas du pont,bus_stop,platform,,,unofficial
7085040033,5.2978320,-4.0141390,Cimivoire,bus_stop,platform,,,unofficial
7085040034,5.2888022,-4.0082864,Pharmacie du Port,bus_stop,platform,,,unofficial
7085040035,5.2786537,-4.0083864,Movis,bus_stop,platform,,,unofficial
7085040036,5.2769013,-4.0083849,Feu de Comafrique,bus_stop,platform,,,unofficial
7085040037,5.2701303,-4.0060381,Pon de Vridi,bus_stop,platform,,,unofficial
7085040038,5.2702893,-4.0057598,Pon de Vridi,bus_stop,platform,,,unofficial
7085040040,5.2788641,-4.0085285,Movis,bus_stop,platform,,no,unofficial
7085040041,5.2889938,-4.0083850,Pharmacie du Port,bus_stop,platform,,,unofficial
7085040042,5.2976598,-4.0140975,Cimivoire,bus_stop,platform,,,unofficial
7085040043,5.2998665,-4.0166918,Après le feu,bus_stop,platform,,,unofficial
7085040044,5.3026687,-4.0205978,CDCI,bus_stop,platform,,,unofficial
7085040045,5.3039894,-4.0218256,Dinor,bus_stop,platform,,,unofficial
7085040046,5.3076990,-4.0202612,Après le Pont,bus_stop,platform,,,unofficial
7085040047,5.3264057,-4.0274254,Garage,bus_stop,platform,,,unofficial
7085040048,5.3402020,-4.0306695,Ancien ONUCI,bus_stop,platform,,,unofficial
7085040049,5.3588290,-4.0296637,Pharmacie d'Agban,bus_stop,platform,,,unofficial
7085152205,5.3511772,-4.0996081,Carrefour Sorbonne,bus_stop,platform,,,unofficial
7085152206,5.3446897,-4.1004079,Carrefour Tiken Jah,bus_stop,platform,,,unofficial
7085152207,5.3422618,-4.1003833,Banque Atlantique,bus_stop,platform,,,unofficial
7085152208,5.3369876,-4.1004606,Maquis Ivoire,bus_stop,platform,,,unofficial
7085152209,5.3282465,-4.1048736,Station First Petroleum,bus_stop,platform,,,unofficial
7085152210,5.3551229,-4.1026352,Carrefour Ananeraie,bus_stop,platform,,,unofficial
7085185967,5.3354311,-4.0838188,Magasin,bus_stop,platform,,,unofficial
7098748067,5.3588119,-4.0309438,Adjamé Agban Village,bus_stop,platform,,,unofficial
7098748068,5.3650785,-4.0287510,Pont Ferraille,bus_stop,platform,,,unofficial
7098748069,5.3637320,-4.0254573,Station Shell,bus_stop,platform,,,unofficial
7098748070,5.3615635,-4.0223479,Pont piéton,bus_stop,platform,,,unofficial
7098748071,5.3607831,-4.0179726,Carrefour Agban,bus_stop,platform,,,unofficial
7098748072,5.3592149,-3.9627157,Chic Shop,bus_stop,platform,,,unofficial
7098748074,5.3711625,-3.9350903,Petit portail Génie 2000,bus_stop,platform,,,unofficial
7098748075,5.3744832,-3.9216001,Panneau Orange,bus_stop,platform,,,unofficial
7098748076,5.3647120,-3.9084198,Nouveau Chantier,bus_stop,platform,,,unofficial
7098748077,5.3531046,-3.8775561,Nouvelle Gare Bingerville,bus_stop,platform,,,unofficial
7098748078,5.3530073,-3.8775542,Nouvelle Gare Bingerville,bus_stop,platform,,,unofficial
7098748079,5.3570578,-3.8833840,Ancien Marché,bus_stop,platform,,,unofficial
7098748080,5.3573389,-3.8863278,Carrefour Marché,bus_stop,platform,,,unofficial
7098748081,5.3616810,-3.9068560,Carrefour Garage,bus_stop,platform,,,unofficial
7098748082,5.3694948,-3.9102128,Adama,bus_stop,platform,,,unofficial
7098748083,5.3624675,-3.9566740,Socoprix,bus_stop,platform,,,unofficial
7098748084,5.3529693,-3.9792502,Riviera 2,bus_stop,platform,,,unofficial
7160556541,5.3360620,-4.0035772,Saint Jean,bus_stop,platform,,,unofficial
7160556542,5.3351493,-3.9961171,Feu PDCI,bus_stop,platform,,,unofficial
7160556543,5.3390831,-3.9787459,Feu Mosquée Golf,bus_stop,platform,,,unofficial
7160556544,5.3466577,-3.9752631,Gorille carrefour,bus_stop,platform,,,unofficial
7160556546,5.3527309,-3.9768831,Rond-point Riviera 2,bus_stop,platform,,,unofficial
7160556547,5.3527522,-3.9767919,Rond-point Riviera 2,bus_stop,platform,,,unofficial
7160556548,5.3510631,-3.9763856,Station First Petroleum,bus_stop,platform,,,unofficial
7160556549,5.3402488,-3.9747494,Carrefour Flambeau,bus_stop,platform,,,unofficial
7160556550,5.3381016,-3.9756735,Rond-point Axa,bus_stop,platform,,,unofficial
7160556551,5.3350058,-3.9966651,Feu PDCI,bus_stop,platform,,,unofficial
7160556553,5.3358477,-4.0036435,Saint Jean,bus_stop,platform,,,unofficial
7160672808,5.3365036,-4.0040321,Saint Jean,bus_stop,platform,,no,unofficial
7160672809,5.3491771,-4.0024371,Carrefour la Vie,bus_stop,platform,,no,unofficial
7160672810,5.3607992,-3.9978634,ENA,bus_stop,platform,,no,unofficial
7160672811,5.3693720,-3.9983663,2 Plateaux Mobil,bus_stop,platform,,no,unofficial
7160672812,5.3852048,-3.9931762,Opera,bus_stop,platform,,no,unofficial
7160672813,5.4087957,-3.9870139,Pharmacie des Allées,bus_stop,platform,,no,unofficial
7160672814,5.4098331,-3.9852141,Carrefour Batim,bus_stop,platform,,,unofficial
7160672815,5.4049398,-3.9905933,Angré Petro Ivoire,bus_stop,platform,,,unofficial
7160672816,5.3747302,-3.9983288,Carrefour 12ème arrondissement,bus_stop,platform,,,unofficial
7160672817,5.3690181,-3.9981115,2 Plateaux Mobil,bus_stop,platform,,no,unofficial
7160672818,5.3364806,-4.0038018,Eglise Saint Jean de Codody,bus_stop,platform,,,unofficial
7160738662,5.3446879,-4.0030441,Sodemi,bus_stop,platform,,no,unofficial
7160738664,5.4045593,-3.9906241,Angré Petro Ivoire,bus_stop,platform,,,
7160738665,5.3946168,-3.9918512,Les Oscars,bus_stop,platform,,no,unofficial
7160738666,5.3854838,-3.9929737,Opera,bus_stop,platform,,no,unofficial
7160738667,5.3771042,-3.9979123,Snedai,bus_stop,platform,,no,unofficial
7167642497,5.2623020,-3.9825600,Pharmacie Vridi SIR,bus_stop,platform,,,unofficial
7167642498,5.2568994,-3.9781907,Petit Bassam,bus_stop,platform,,,unofficial
7167642499,5.2617050,-3.9643841,Centre Pilote Des Jeunes de Port-Bouët,bus_stop,platform,,,unofficial
7167642500,5.2640221,-3.9844832,La Poste,bus_stop,platform,,,unofficial
7167642501,5.2666329,-3.9883375,Vridi Cité,bus_stop,platform,,,unofficial
7167642502,5.2666903,-3.9883503,Vridi Cité,bus_stop,platform,,,unofficial
7167642503,5.2656006,-3.9860174,Paroisse St Jean Marie Vianney,bus_stop,platform,,,unofficial
7167642504,5.2640154,-3.9842887,La Poste,bus_stop,platform,,,unofficial
7167642505,5.2623307,-3.9824635,Pharmacie Vridi SIR,bus_stop,platform,SOTRA,,official
7167642506,5.2569989,-3.9781136,Petit Bassam,bus_stop,platform,,,unofficial
7167642507,5.2572273,-3.9730664,Cimétière de Port-Bouët,bus_stop,platform,,,unofficial
7167642508,5.2569302,-3.9721115,Station OLA,bus_stop,platform,,,unofficial
7167642509,5.2576693,-3.9648185,Terminus Marché de Port-Bouët,bus_stop,platform,,,unofficial
7167707751,5.2557823,-3.9962353,Hôpital,bus_stop,platform,,,unofficial
7167707752,5.2630760,-4.0154124,Vridi Canal,bus_stop,platform,,,unofficial
7167707753,5.2630532,-4.0153587,Vridi Canal,bus_stop,platform,,,unofficial
7167707754,5.2556167,-3.9973108,Pharmacie Vridi Village,bus_stop,platform,,,unofficial
7167707755,5.2567278,-3.9652102,Terminus Marché de Port-Bouët,bus_stop,platform,,,unofficial
7167781666,5.2412963,-3.9096469,Jean folly,bus_stop,platform,,,unofficial
7167781667,5.2431914,-3.9216444,Marché Adjoufou,bus_stop,platform,,,unofficial
7167781668,5.2576045,-3.9648367,Terminus Marché de Port-Bouët,bus_stop,platform,,,unofficial
7167781670,5.2537430,-3.9622208,Eglise Méthodiste Unie Port-Bouët,bus_stop,platform,,,unofficial
7167781671,5.2433183,-3.9211374,Marché Adjoufou,bus_stop,platform,,,unofficial
7167781673,5.2404109,-3.9028153,Eglise Catholique,bus_stop,platform,,,unofficial
7167781674,5.2379175,-3.8865960,Carrefour Abraham,bus_stop,platform,,,unofficial
7167781676,5.2373733,-3.8734310,Anani - Rond-point,bus_stop,platform,,,unofficial
7170470245,5.4218592,-4.0180993,Abobo Gare,bus_stop,platform,,no,unofficial
7170470246,5.4225247,-4.0187028,Carrefour Mosquée,bus_stop,platform,,no,unofficial
7170470247,5.4277708,-4.0201936,Abobo Gendarmerie,bus_stop,platform,,no,unofficial
7170470249,5.4458699,-4.0206977,BC (Belle Cité),bus_stop,platform,,no,unofficial
7170470250,5.4461903,-4.0207118,Terminus BC/ Pharmacie Belle Cité,bus_stop,platform,,no,unofficial
7170470251,5.4426577,-4.0205347,Carrefour Ecole,bus_stop,platform,,no,unofficial
7170470252,5.4334418,-4.0202069,Sainte Marie,bus_stop,platform,,no,unofficial
7170470260,5.4220721,-4.0182079,Abobo Gare,bus_stop,platform,,no,unofficial
7170486849,5.4258758,-4.0200131,Abobo Gendarmerie,bus_stop,platform,,no,unofficial
7170486851,5.4438205,-4.0534042,Taxi Gare après pont,bus_stop,platform,,no,unofficial
7170486852,5.4437084,-4.0575090,Bon Prix,bus_stop,platform,,no,unofficial
7170486853,5.4433467,-4.0688568,Carrefour N'dotré,bus_stop,platform,,no,unofficial
7170486854,5.4434882,-4.0682969,Paris Baguette,bus_stop,platform,,no,unofficial
7170486856,5.4392306,-4.0420850,Nouvelle Gare,bus_stop,platform,,no,unofficial
7170486858,5.4261402,-4.0202571,Rond Point Gendarmerie,bus_stop,platform,,no,unofficial
7171335585,5.4178225,-4.0120778,Ciné Cool,bus_stop,platform,,no,unofficial
7171335586,5.4152691,-4.0062815,Samaké,bus_stop,platform,,no,unofficial
7171335587,5.4148052,-3.9955347,Carrefour Angré,bus_stop,platform,,no,unofficial
7171335588,5.4250875,-3.9899599,Carrefour Power,bus_stop,platform,,no,unofficial
7171335589,5.4415910,-3.9832601,Carrefour Mosquée,bus_stop,platform,,no,unofficial
7171335590,5.4424655,-3.9820893,Carrefour COSIM,bus_stop,platform,,no,unofficial
7171335591,5.4456736,-3.9781947,Biabou 2,bus_stop,platform,,no,unofficial
7171335593,5.4455855,-3.9781425,Biabou 2,bus_stop,platform,,no,unofficial
7171335594,5.4411378,-3.9837965,Carrefour Clinique,bus_stop,platform,,no,unofficial
7171335595,5.4384643,-3.9865337,Carrefour Cimetière,bus_stop,platform,,no,unofficial
7171370580,5.4230841,-4.0188704,Pharmacie la Mé,bus_stop,platform,SOTRA,no,official
7171370581,5.4269906,-4.0202639,Abobo Gendarmerie,bus_stop,platform,,no,unofficial
7171370582,5.4351053,-4.0203416,Camp Commando,bus_stop,platform,,no,unofficial
7171370583,5.4383119,-4.0166669,Complexe sportif d’Abobo,bus_stop,platform,,no,unofficial
7171370584,5.4411260,-4.0087237,Carrefour Bassolé,bus_stop,platform,,no,unofficial
7171384785,5.4434935,-4.0088370,Houphouët-Boigny,bus_stop,platform,,no,unofficial
7171384786,5.4435552,-4.0087707,Houphouët-Boigny,bus_stop,platform,,no,unofficial
7171384787,5.4396993,-4.0086123,Carrefour Zouglou,bus_stop,platform,,no,unofficial
7171384788,5.4383909,-4.0122722,Carrefour Commissaire,bus_stop,platform,,no,unofficial
7171384789,5.4214927,-4.0176574,Abobo Gare,bus_stop,platform,,no,unofficial
7171428176,5.4214097,-4.0153776,Abobo Gare Mairie,bus_stop,platform,,no,unofficial
7171428177,5.4207791,-4.0147077,Centre d'action Culturelle d'abobo,bus_stop,platform,,no,unofficial
7171428179,5.4047816,-3.9909969,Angré Petro Ivoire,bus_stop,platform,,no,unofficial
7171428180,5.4214106,-4.0154231,Abobo Gare Mairie,bus_stop,platform,,no,unofficial
7171567234,5.3600674,-3.9617317,Warren Palmeraie,bus_stop,platform,,no,unofficial
7171567235,5.3736801,-3.9616545,Pharmacie Rosiers,bus_stop,platform,,no,unofficial
7171567236,5.3883795,-3.9750646,CIE 8e Tranche Djibi,bus_stop,platform,,no,unofficial
7171567237,5.4006344,-3.9802931,Marché,bus_stop,platform,,no,unofficial
7171567239,5.3982668,-3.9911894,22e Arrondissement,bus_stop,platform,,no,unofficial
7171567240,5.3910869,-3.9756567,Soleil 3,bus_stop,platform,,no,unofficial
7183549114,5.3600120,-3.9617759,Warren Palmeraie,bus_stop,platform,,no,unofficial
7183549115,5.3676412,-3.9638372,Garage,bus_stop,platform,,,unofficial
7183549116,5.4009885,-3.9782187,Pharmacie 8e Tranche/ Marché Cocovico,bus_stop,platform,,,unofficial
7183549119,5.3868604,-3.9744987,CNPS,bus_stop,platform,,,unofficial
7183549120,5.3829463,-3.9690886,Groupe Scolaire les Petites Abeilles,bus_stop,platform,,,unofficial
7184140909,5.2828730,-4.0084568,Unilever,bus_stop,platform,,,unofficial
7184140912,5.2832736,-4.0082999,Unilever,bus_stop,platform,,,unofficial
7184140913,5.2560547,-3.9968066,Terminus 19,bus_stop,platform,,,unofficial
7184140914,5.2583544,-3.9819203,Pharmacie Vridi,bus_stop,platform,,,unofficial
7184140915,5.2575398,-3.9791577,Terre rouge,bus_stop,platform,,,unofficial
7184140917,5.2568921,-3.9648025,Terminus Marché de Port-Bouët,bus_stop,platform,,,unofficial
7184205208,5.2475404,-3.9438638,Carrefour Aéroport,bus_stop,platform,,,unofficial
7184205209,5.2497072,-3.9429840,Carrefour Portail Cité,bus_stop,platform,,,unofficial
7184205210,5.2507516,-3.9425462,Depôt SOTRA,bus_stop,platform,,,unofficial
7184205211,5.2547807,-3.9396112,Boutique,bus_stop,platform,,,unofficial
7184205212,5.2539140,-3.9340845,Aéroport,bus_stop,platform,,,unofficial
7184205213,5.2581781,-3.9322968,Aéroport - Aeria Maintenance,bus_stop,platform,,,unofficial
7184205214,5.2581568,-3.9322217,Aéroport - Aeria Maintenance,bus_stop,platform,,,unofficial
7184205215,5.2566764,-3.9328433,OLA,bus_stop,platform,,,unofficial
7184205216,5.2553683,-3.9341147,P1,bus_stop,platform,,,unofficial
7184205217,5.2536415,-3.9341455,Aéroport,bus_stop,platform,,,unofficial
7184205218,5.2527722,-3.9416523,Garage,bus_stop,platform,,,unofficial
7184205220,5.2475124,-3.9437988,Carrefour Aéroport,bus_stop,platform,,,unofficial
7187396845,5.2932083,-3.9591739,Grand Marché de Koumassi,bus_stop,platform,,,unofficial
7187396848,5.2942051,-3.9550298,Cimétière de Koumassi,bus_stop,platform,,,unofficial
7187396849,5.3045089,-3.9453270,Pharmacie Campement,bus_stop,platform,,,unofficial
7187396850,5.3120416,-3.9452391,Lycée municipal de Koumassi,bus_stop,platform,,,unofficial
7187396852,5.3096393,-3.9481969,Centre Médical Social,bus_stop,platform,,,unofficial
7187396853,5.2987428,-3.9552297,Inchallah,bus_stop,platform,,,unofficial
7187396854,5.2949657,-3.9559197,Cimétière de Koumassi,bus_stop,platform,,,unofficial
7187396856,5.2935121,-3.9575793,Grand Marché de Koumassi,bus_stop,platform,,,unofficial
7190927829,5.2933198,-3.9577335,Grand Marché de Koumassi,bus_stop,platform,,,unofficial
7190927830,5.2900534,-3.9620680,Foyer Des Jeunes de Koumassi,bus_stop,platform,,,unofficial
7190927831,5.2875642,-3.9703600,Grand Carrefour de Koumassi - Avant le feu,bus_stop,platform,,,unofficial
7190927832,5.2772175,-3.9670019,Le Réservoir,bus_stop,platform,,,unofficial
7190927833,5.2765939,-3.9664668,Carrefour Ancien Koumassi,bus_stop,platform,,,unofficial
7190927834,5.2754601,-3.9658794,Ancien Koumassi - Terminus,bus_stop,platform,,,unofficial
7190927835,5.2766833,-3.9669308,Carrefour Ancien Koumassi,bus_stop,platform,,,unofficial
7190927836,5.2903926,-3.9612848,Centre Matthew Ray,bus_stop,platform,,,unofficial
7190927837,5.2916652,-3.9574338,Carrefour Ecole Methodiste,bus_stop,platform,,,unofficial
7190927838,5.2939274,-3.9562100,Grand Marché de Koumassi,bus_stop,platform,,,unofficial
7190993874,5.3068711,-3.9639898,Gare de Wôrô-Wôrô d'Anoumabo,bus_stop,platform,,,unofficial
7190993875,5.3029264,-3.9636565,Carrefour Sans fil,bus_stop,platform,,,unofficial
7190993876,5.3016105,-3.9617830,Carrefour Entente,bus_stop,platform,,,unofficial
7190993877,5.2995360,-3.9609515,Carrefour Ecole,bus_stop,platform,,,unofficial
7190993879,5.2938646,-3.9596432,Grand Marché de Koumassi,bus_stop,platform,,,unofficial
7190993880,5.2936743,-3.9596734,Terminus Grand Marché de Koumassi,bus_stop,platform,,,unofficial
7190993881,5.2951479,-3.9600456,Pharmacie Saint François,bus_stop,platform,,,unofficial
7190993882,5.2972365,-3.9623845,Trois Ampoules,bus_stop,platform,,,unofficial
7190993883,5.3029972,-3.9637269,Carrefour Sans fil,bus_stop,platform,,,unofficial
7190993884,5.3068745,-3.9640515,Gare de Wôrô-Wôrô d'Anoumabo,bus_stop,platform,,,unofficial
7191121578,5.2935832,-3.9576034,Grand Marché de Koumassi,bus_stop,platform,,,unofficial
7191121579,5.3076256,-3.9406237,Mosquée Sangaré,bus_stop,platform,,,unofficial
7191121580,5.3092200,-3.9380045,Pharmacie Le Roc,bus_stop,platform,,,unofficial
7191121581,5.3105527,-3.9363013,Koumassi Campement,bus_stop,platform,,,unofficial
7191121582,5.3104966,-3.9362437,Koumassi Campement,bus_stop,platform,,,unofficial
7191121583,5.3099892,-3.9369008,Boulangerie la Baguette,bus_stop,platform,,,unofficial
7191121584,5.3054249,-3.9433891,Commissariat 20ᵉ arrondissement,bus_stop,platform,,,unofficial
7191135685,5.3001916,-3.9487756,Lycée Ste Therèse Mesano,bus_stop,platform,,,unofficial
7191135686,5.2971323,-3.9564461,Maison Blanche Koumasssi,bus_stop,platform,,,unofficial
7191232911,5.2937545,-3.9566687,Grand Marché de Koumassi,bus_stop,platform,,,unofficial
7191232912,5.2921420,-3.9574733,Pharmacie Saint Albert,bus_stop,platform,,,unofficial
7191232913,5.2925506,-3.9552954,Cimétière de Koumassi,bus_stop,platform,,,unofficial
7191232914,5.2901810,-3.9547254,Site des garagistes Koumassi,bus_stop,platform,,,unofficial
7191232915,5.2865914,-3.9523537,Lycée Professionnel des Métiers du Bâtiment (LPMBAT),bus_stop,platform,,,unofficial
7191232917,5.2860091,-3.9513089,Gare de Wôrô-Wôrô Soweto,bus_stop,platform,,,unofficial
7191232918,5.2856199,-3.9516382,Nouveau marché Soweto,bus_stop,platform,,,unofficial
7191232919,5.2940783,-3.9552807,Cimétière de Koumassi,bus_stop,platform,,,unofficial
7191438553,5.2971043,-3.9621967,Trois Ampoules,bus_stop,platform,,,unofficial
7191438554,5.2903325,-3.9623979,Paroisse Saint Etienne de Koumassi,bus_stop,platform,,,unofficial
7191438555,5.2869253,-3.9687426,Hôpital General de Koumassi,bus_stop,platform,,,unofficial
7191438557,5.2869099,-3.9688338,Hôpital General de Koumassi,bus_stop,platform,,,unofficial
7191438558,5.2905448,-3.9625025,Paroisse Saint Etienne de Koumassi,bus_stop,platform,,,unofficial
7643846396,5.3697271,-3.9807818,Église Saint Bernard,bus_stop,platform,,,unofficial
7833549603,5.2964820,-3.9546812,Gare communale Bacongo,bus_stop,platform,,,unofficial
7833549604,5.2860179,-3.9514276,Gare de Wôrô-Wôrô Soweto,bus_stop,platform,,,unofficial
7833549607,5.2964646,-3.9547938,Gare communale Bacongo,bus_stop,platform,,,unofficial
7833694092,5.2968231,-3.9550613,Gare communale Bacongo,bus_stop,platform,,,unofficial
7833694093,5.2880261,-3.9654825,Gelti,bus_stop,platform,,,unofficial
7833694095,5.2882335,-3.9654467,Gelti,bus_stop,platform,,,unofficial
7833694096,5.2846993,-3.9640746,Groupe Scolaire Pépinière,bus_stop,platform,,,unofficial
7833694097,5.2846659,-3.9588629,Carrefour Pharmacie Bethanie,bus_stop,platform,,,unofficial
7834704383,5.3121998,-3.9528392,Akromiambla,bus_stop,platform,,,unofficial
7834704384,5.2882360,-3.9655320,Gelti,bus_stop,platform,,,unofficial
7834718785,5.3122339,-3.9528760,Akromiambla,bus_stop,platform,,,unofficial
7834718787,5.2889063,-3.9656199,Sicogi,bus_stop,platform,,,unofficial
7834785518,5.2900598,-3.9626563,Pharmacie Aniel,bus_stop,platform,,,unofficial
7834816424,5.2880570,-3.9653523,Gelti,bus_stop,platform,,,unofficial
7834816425,5.2861193,-3.9527781,Marché de Bois,bus_stop,platform,,,unofficial
7834816426,5.2860299,-3.9527433,Marché de Bois,bus_stop,platform,,,unofficial
7834873583,5.3572661,-3.9638463,Gare Wôro-Wôrô 9 Kilo,bus_stop,platform,,,unofficial
7834873584,5.3484199,-3.9409359,Akouédo basket,bus_stop,platform,,,unofficial
7834978086,5.3574230,-3.9640300,Gare Wôro-Wôrô 9 Kilo,bus_stop,platform,,,unofficial
7835761635,5.3552398,-3.9607993,Pharmacie St Agathe,bus_stop,platform,,,unofficial
7835761636,5.3291560,-3.9517823,DC10,bus_stop,platform,,,unofficial
7835761638,5.3290243,-3.9515631,DC10,bus_stop,platform,,,unofficial
7835761640,5.3283474,-3.9405218,Mosquée Cité Eden,bus_stop,platform,,,unofficial
7835761641,5.3283446,-3.9478462,Rue Filaho,bus_stop,platform,,,unofficial
7835761642,5.3328980,-3.9574948,Institut Britanique,bus_stop,platform,,,unofficial
7835784410,5.3245403,-3.9602816,Sol Beni au Bateau,bus_stop,platform,,,unofficial
7835784411,5.3245510,-3.9604077,Sol Beni au Bateau,bus_stop,platform,,,unofficial
7835784412,5.3538525,-3.9578924,Pharmacie Saint-Pierre des Rosées,bus_stop,platform,,,unofficial
7835819027,5.3584858,-3.9652075,Gare de taxi Riviera Bonoumin,bus_stop,platform,,,unofficial
7835819028,5.3653770,-3.9691316,Pharmacie Saint Jean Paul II,bus_stop,platform,,,unofficial
7835819029,5.3747889,-3.9705129,Abri 2000,bus_stop,platform,,,unofficial
7835819030,5.3748563,-3.9703144,Abri 2000,bus_stop,platform,,,unofficial
7835819031,5.3704748,-3.9684811,Église des Assemblées de Dieu,bus_stop,platform,,,unofficial
7835819032,5.3678324,-3.9677060,Paul Ndré,bus_stop,platform,,,unofficial
7835819033,5.3584965,-3.9651505,Gare de taxi Riviera Bonoumin,bus_stop,platform,,,unofficial
7835899826,5.3633147,-3.9597063,O'Burger,bus_stop,platform,,no,unofficial
7835899827,5.3942199,-3.9569932,Institut de beauté Spa,bus_stop,platform,,no,unofficial
7835899828,5.3997031,-3.9565035,CHU Angré,bus_stop,platform,,no,unofficial
7835899829,5.3628888,-3.9593676,Station,bus_stop,platform,,,unofficial
7835899830,5.3790142,-3.9531127,Enica,bus_stop,platform,,no,unofficial
7835899831,5.3975251,-3.9566445,Pharmacie Val D'Oise,bus_stop,platform,,no,unofficial
7835899832,5.3996713,-3.9563301,CHU Angré,bus_stop,platform,,no,unofficial
7835947934,5.4024899,-3.9615704,Feu Gestoci,bus_stop,platform,,,unofficial
7835947935,5.3997274,-3.9650653,Cité Diaspora,bus_stop,platform,,,unofficial
7835947937,5.3962654,-3.9691731,Rosier Programme 6,bus_stop,platform,,,unofficial
7835947938,5.3696036,-3.9602534,Chez Miss Zahui,bus_stop,platform,,,unofficial
7835947939,5.3627385,-3.9597807,Station,bus_stop,platform,,,unofficial
7836077585,5.3630169,-3.9597137,Station,bus_stop,platform,,,unofficial
7836077586,5.3715403,-3.9577341,Carrefour Guiraud,bus_stop,platform,,no,unofficial
7836077587,5.3830843,-3.9681855,Carrefour Belle Côte,bus_stop,platform,,no,unofficial
7836077589,5.3874012,-3.9747937,SGBCI,bus_stop,platform,,,
7836077590,5.3925937,-3.9762086,Immeuble Sylla,bus_stop,platform,,,
7836077591,5.4043150,-3.9901440,Angré Petro Ivoire,bus_stop,platform,,,
7836077592,5.4044465,-3.9905114,Angré Petro Ivoire,bus_stop,platform,,,
7836077593,5.3630911,-3.9594112,Station,bus_stop,platform,,,unofficial
7836121074,5.3396092,-3.9751464,Leader price,bus_stop,platform,,,unofficial
7836121075,5.3406787,-3.9746837,Carrefour Flambeau,bus_stop,platform,,,unofficial
7836121076,5.3454243,-3.9748970,Carrefour marché,bus_stop,platform,,,unofficial
7836121077,5.3477904,-3.9755957,Carrefour garage,bus_stop,platform,,,unofficial
7836121079,5.3453402,-3.9747844,Carrefour marché,bus_stop,platform,,,unofficial
7836121081,5.3395678,-3.9750579,Feu de Leader price,bus_stop,platform,,,unofficial
7837854395,5.3070794,-3.9639549,Rue 12,bus_stop,platform,,,unofficial
7837854396,5.3016045,-4.0105623,Rue 12,bus_stop,platform,,,unofficial
7837854397,5.3016739,-4.0105274,Rue 12,bus_stop,platform,,,unofficial
7837854398,5.2997777,-4.0073812,Marché Samsung,bus_stop,platform,,,unofficial
7837854399,5.2947647,-3.9785112,Boulevard,bus_stop,platform,,,unofficial
7837854401,5.3070821,-3.9640468,Anoumabo sans fil,bus_stop,platform,,,unofficial
7839982486,5.3117709,-3.9607728,Maison Blanche,bus_stop,platform,,no,unofficial
7839982587,5.3116330,-3.9687983,Carrefour Milieu,bus_stop,platform,,no,unofficial
7839982685,5.3034246,-3.9761717,Carrefour Lycée,bus_stop,platform,,no,unofficial
7839982686,5.3117442,-3.9663823,Au Bambou,bus_stop,platform,,no,unofficial
7839982785,5.3116811,-3.9688080,Carrefour Milieu,bus_stop,platform,,no,unofficial
7839982885,5.3032314,-3.9759833,Carrefour Lycée,bus_stop,platform,,no,unofficial
7840094085,5.3083247,-3.9835699,Gare Sotra Marcory,bus_stop,platform,,no,unofficial
7840094185,5.3117295,-3.9607805,Maison Blanche,bus_stop,platform,,no,unofficial
7840094285,5.3088982,-3.9772231,Pharmacie Roma,bus_stop,platform,,no,unofficial
7840094286,5.3084368,-3.9839226,Gare Sotra Marcory,bus_stop,platform,,no,unofficial
7840247685,5.3082486,-3.9566176,CTAO,bus_stop,platform,,no,unofficial
7840247785,5.3086859,-3.9640535,Ferraille,bus_stop,platform,,no,unofficial
7840247786,5.3117605,-3.9641654,Gare d'Adjamé,bus_stop,platform,,no,unofficial
7840676797,5.3116507,-3.9737027,Institut Froebel,bus_stop,platform,,no,unofficial
7840676798,5.3082779,-3.9614738,Carrefour Diabaté,bus_stop,platform,,no,unofficial
7840676799,5.3116247,-3.9707039,Carrefour Amangou,bus_stop,platform,,no,unofficial
7840690990,5.3082903,-3.9639437,Carrefour Marché,bus_stop,platform,,no,unofficial
7840690991,5.3083041,-3.9836619,Gare Sotra Marcory,bus_stop,platform,,no,unofficial
7840697489,5.3033070,-3.9761672,En bas du pont,bus_stop,platform,,no,unofficial
7840697490,5.3083149,-3.9566179,CTAO,bus_stop,platform,,no,unofficial
7840790185,5.2994889,-3.9796793,Hibiscus,bus_stop,platform,,,unofficial
7840790285,5.2911823,-3.9901100,Mairie de Marcory,bus_stop,platform,,,unofficial
7840790286,5.2995687,-3.9797324,Hibiscus,bus_stop,platform,,,unofficial
7840790387,5.2908229,-3.9902304,Mairie de Marcory,bus_stop,platform,,,unofficial
7840850687,5.3519217,-3.9717467,Elysée Viera,bus_stop,platform,,,unofficial
7840850688,5.3534973,-3.9697257,Carrefour Alpha,bus_stop,platform,,,unofficial
7840850689,5.3514088,-3.9763415,Station Riviera 2,bus_stop,platform,,,unofficial
7840862585,5.3513028,-3.9762374,Station Riviera 2,bus_stop,platform,,,unofficial
7840862887,5.3573796,-3.9643740,9 Kilo,bus_stop,platform,,,unofficial
7841011316,5.3356527,-4.0038849,Saint Jean,bus_stop,platform,,,unofficial
7841011317,5.3314599,-4.0044012,Lycée Classique d'Abidjan,bus_stop,platform,,no,unofficial
7841011318,5.3282618,-4.0048103,Hôtel Ivoire,bus_stop,platform,,no,unofficial
7841011319,5.3250928,-4.0015390,Gare Blockauss,bus_stop,platform,,no,unofficial
7841011322,5.3278396,-4.0044140,Hôtel Ivoire,bus_stop,platform,,no,unofficial
7841011323,5.3317777,-4.0045944,Lycée Classique d'Abidjan,bus_stop,platform,,no,unofficial
7841011324,5.3356721,-4.0041317,Petite gare Blockhaus / Saint Jean,bus_stop,platform,,,unofficial
7842766285,5.3250459,-4.0015463,Gare Blockauss,bus_stop,platform,,no,unofficial
7842766286,5.3467182,-3.9945931,CHU de Cocody,bus_stop,platform,,no,unofficial
7842766287,5.3464711,-3.9946666,CHU de Cocody,bus_stop,platform,,no,unofficial
7842766486,5.3445739,-3.9979867,Cocotier,bus_stop,platform,,no,unofficial
7842766585,5.3454350,-3.9971446,INSAAC,bus_stop,platform,,no,unofficial
7842767185,5.3419503,-3.9993044,Sup Elite,bus_stop,platform,,no,unofficial
7842767186,5.3381180,-3.9998201,Allocodrome,bus_stop,platform,,no,unofficial
7842852286,5.3385483,-4.0037783,CIE Cocody St-Jean,bus_stop,platform,,no,unofficial
7842905485,5.3312950,-4.0009084,Carrefour 1ère Dame,bus_stop,platform,,no,unofficial
7842905486,5.3326787,-4.0004633,Carrefour pilote,bus_stop,platform,,no,unofficial
7842905585,5.3351879,-4.0002299,Feu du 8ème,bus_stop,platform,,no,unofficial
7842905586,5.3337059,-4.0003269,PMI Cocody,bus_stop,platform,,no,unofficial
7842905685,5.3351830,-4.0001548,Feu du 8ème,bus_stop,platform,,no,unofficial
7843264988,5.3462155,-3.9459970,Carrefour Akouédo / Synacassi 2,bus_stop,platform,,,unofficial
7843272185,5.3532937,-3.9741714,Cité Universitaire,bus_stop,platform,,,unofficial
7843272685,5.3459542,-3.9495562,Jacques Prévert / Synacassi 1,bus_stop,platform,,,unofficial
7843524985,5.3512227,-3.9763494,Station Riviera 2,bus_stop,platform,,,unofficial
7843524986,5.3530206,-3.9765190,Pharmacie de la 2,bus_stop,platform,,,unofficial
7843525285,5.3463684,-3.9526092,Cité Belles Fleurs Riviera 3,bus_stop,platform,,,unofficial
7843525386,5.3284276,-3.9450645,Ecole Libanaise,bus_stop,platform,,,unofficial
7843525886,5.3359572,-3.9581345,Lamiyia,bus_stop,platform,,,unofficial
7843927985,5.3557302,-4.0745615,Siporex - Gare SBTA,bus_stop,platform,,,unofficial
7843927986,5.3467175,-4.0722625,Poisson d’Afrique,bus_stop,platform,,,unofficial
7843927987,5.3556865,-4.0745444,Siporex - Pharmacie,bus_stop,platform,,,unofficial
7843928085,5.3306520,-4.0473904,Toit Rouge Jean-Paul 2,bus_stop,platform,,,unofficial
7843928086,5.3288320,-4.0491566,Collège Jeunnes Filles Singa,bus_stop,platform,,,unofficial
7843928185,5.3306046,-4.0473468,Toit Rouge Jean-Paul 2,bus_stop,platform,,,unofficial
7843928285,5.3309398,-4.0515082,Auchan,bus_stop,platform,,,unofficial
7843928385,5.3317363,-4.0523297,Offoumou Yapo,bus_stop,platform,,,unofficial
7844053285,5.3366368,-4.0622411,5 étoiles,bus_stop,platform,,,unofficial
7844053286,5.3221935,-4.0540805,Carrefour Koweit,bus_stop,platform,,,unofficial
7844054485,5.3221434,-4.0540886,Carrefour Koweit,bus_stop,platform,,,unofficial
7847553385,5.3557098,-4.0735976,Siporex,bus_stop,platform,,,unofficial
7847553386,5.3690635,-4.0806779,Carrefour Zone,bus_stop,platform,,,unofficial
7847553387,5.3559923,-4.0732898,Siporex,bus_stop,platform,,,unofficial
7847553485,5.3691797,-4.0801911,Carrefour Zone,bus_stop,platform,,,unofficial
7847553585,5.3618693,-4.0688038,Mosquée,bus_stop,platform,,,unofficial
7855287155,5.3283115,-4.0611394,Carrefour sapeur-pompier,bus_stop,platform,,,unofficial
7855287156,5.3278994,-4.0627540,Cité Gem2,bus_stop,platform,,,unofficial
7855287157,5.3256788,-4.0623867,Marché,bus_stop,platform,,,unofficial
7855287158,5.3246178,-4.0623360,Carrefour Hôtel Lagunaire,bus_stop,platform,,,unofficial
7855287159,5.3223027,-4.0623353,Terminus 37 Camp Militaire,bus_stop,platform,,,unofficial
7855287160,5.3189849,-4.0615875,Yopougon camp militaire - King Cash,bus_stop,platform,,,unofficial
7855287161,5.3247987,-4.0624180,Carrefour Hôtel Lagunaire,bus_stop,platform,,,unofficial
7855287162,5.3233680,-4.0624285,Carrefour Camp militaire,bus_stop,platform,,,unofficial
7855287164,5.3189860,-4.0616871,Yopougon camp militaire - King Cash,bus_stop,platform,,,unofficial
7855287166,5.3283527,-4.0611894,Carrefour sapeur-pompier,bus_stop,platform,,,unofficial
7855330728,5.3289869,-4.0709496,Carrefour,bus_stop,platform,,,unofficial
7855330729,5.3281345,-4.0654311,CNPS,bus_stop,platform,,,unofficial
7855330730,5.3302866,-4.0741618,Kouté Terminus 40,bus_stop,platform,,,unofficial
7855330732,5.3303458,-4.0741175,Kouté Terminus 40,bus_stop,platform,,,unofficial
7855330733,5.3290522,-4.0693829,Carrefour Kouté,bus_stop,platform,,,unofficial
7855330734,5.3282352,-4.0657525,CNPS,bus_stop,platform,,,unofficial
7855330735,5.3280605,-4.0631877,Pharmacie Nankoko,bus_stop,platform,,,unofficial
7866306285,5.3563634,-4.0725998,Gabriel Gare,bus_stop,platform,,,unofficial
7866306286,5.3923934,-4.0835211,Prison Civil,bus_stop,platform,,,unofficial
7866306485,5.3922892,-4.0835378,Prison Civil,bus_stop,platform,,,unofficial
7866306685,5.3563969,-4.0726025,Gabriel Gare,bus_stop,platform,,,unofficial
7866467385,5.3437542,-4.0692453,Lavage le Sticker,bus_stop,platform,,,unofficial
7866467486,5.3555510,-4.0745620,Siporex - Pharmacie,bus_stop,platform,,,unofficial
7869419886,5.3409377,-4.0466524,Mossikro,bus_stop,platform,,,unofficial
7869419985,5.3466995,-4.0677269,Ô Blé Doré,bus_stop,platform,,,unofficial
7869420085,5.3466788,-4.0655751,Ciné Cool,bus_stop,platform,,,unofficial
7869420086,5.3466344,-4.0661276,Café Jackpot,bus_stop,platform,,,unofficial
7869420285,5.3509890,-4.0687424,carrefour Marché Wassakara,bus_stop,platform,,,unofficial
7869930486,5.4150481,-4.0335280,Derrière Rail,bus_stop,platform,,,unofficial
7869930487,5.4149460,-4.0301672,Gare des Taxis,bus_stop,platform,,,unofficial
7869930985,5.4149947,-4.0315439,1er Carrefour,bus_stop,platform,,,unofficial
7869930986,5.4148759,-4.0290166,Petit Carrefour,bus_stop,platform,,,unofficial
7869930987,5.4209025,-4.0190016,Abobo Gare Mairie,bus_stop,platform,,,unofficial
7873450686,5.3404965,-4.0622572,Complexe,bus_stop,platform,,,unofficial
7873450785,5.3357048,-4.0622424,Brésil,bus_stop,platform,,,unofficial
7873450786,5.3332265,-4.0623491,Pharmacie Laoulo,bus_stop,platform,,,unofficial
7875553955,5.3408149,-4.0730457,Ancien Lavage,bus_stop,platform,,,unofficial
7875553956,5.3408336,-4.0680018,Carrefour marché de Selmer,bus_stop,platform,,,unofficial
7875553957,5.3408219,-4.0625083,Complexe,bus_stop,platform,,,unofficial
7875553958,5.3378940,-4.0550119,Carrefour Lama Fofana,bus_stop,platform,,,unofficial
7875553959,5.3407428,-4.0667083,Coopec Selmer,bus_stop,platform,,,unofficial
7875553960,5.3407328,-4.0730511,Ancien Lavage,bus_stop,platform,,,unofficial
7875631029,5.3408000,-4.0657982,Espace Karamel,bus_stop,platform,,,unofficial
7875631032,5.3407215,-4.0677845,Carrefour marché de Selmer,bus_stop,platform,,,unofficial
7876023212,5.3389696,-4.0621626,Picasso,bus_stop,platform,,,unofficial
7876023214,5.3312476,-4.0620419,Collège Sôna,bus_stop,platform,,,unofficial
7876023217,5.3312196,-4.0621828,Collège Sôna,bus_stop,platform,,,unofficial
7876057936,5.3254540,-4.0769248,Rond-point du Palais de justice,bus_stop,platform,,,unofficial
7876057937,5.3260553,-4.0739022,Carrefour Lycée,bus_stop,platform,,,unofficial
7876057940,5.3264337,-4.0599683,Passeport,bus_stop,platform,,,unofficial
7876057941,5.3251856,-4.0770448,Rond-point du Palais de justice,bus_stop,platform,,,unofficial
7876367205,5.3324640,-4.0670992,Carrefour Asanvon,bus_stop,platform,,,unofficial
7876367206,5.3321289,-4.0731530,Saguidiba,bus_stop,platform,,,unofficial
7876367208,5.3322464,-4.0731516,Saguidiba,bus_stop,platform,,,unofficial
7876367209,5.3324186,-4.0686053,Carrefour Lonaci,bus_stop,platform,,,unofficial
7876367210,5.3321916,-4.0654081,Harmonie,bus_stop,platform,,,unofficial
7876448804,5.3236844,-4.0603106,Carrefour Gandhi,bus_stop,platform,,,unofficial
7876448805,5.3096260,-4.0439772,carrefour Santé Village,bus_stop,platform,,,unofficial
7876448806,5.3113566,-4.0359709,Abobo Doumé Bateau-bus,bus_stop,platform,,,unofficial
7876448807,5.3113192,-4.0358596,Abobo Doumé Bateau-bus,bus_stop,platform,,,unofficial
7876448808,5.3078359,-4.0385008,Marché Abobo Doumé,bus_stop,platform,,,unofficial
7876565391,5.3782458,-4.0063150,"Gare de Woro Woro, Deux Plateau - Vallon",bus_stop,platform,,no,unofficial
7876565392,5.3851073,-3.9912142,Cash Ivoire,bus_stop,platform,,no,unofficial
7876565393,5.3852795,-3.9927735,Opera,bus_stop,platform,,no,unofficial
7876565394,5.3849912,-3.9830348,Termunis Pont Soro,bus_stop,platform,,no,unofficial
7876565395,5.3909614,-3.9864593,Restaurant Rehobaoth,bus_stop,platform,,no,unofficial
7876580786,5.3466294,-4.0604427,Carrefour Pitch,bus_stop,platform,,,unofficial
7876580885,5.3466064,-4.0593580,Ancien Bel Air,bus_stop,platform,,,unofficial
7876590801,5.3844744,-3.9944623,Allocodrome Chez Rose,bus_stop,platform,,no,unofficial
7876590802,5.3806037,-3.9854421,Cascades,bus_stop,platform,,no,unofficial
7876590804,5.3805984,-3.9853267,Cascades,bus_stop,platform,,no,unofficial
7876590805,5.3851948,-3.9927806,Opera,bus_stop,platform,,no,unofficial
7876590806,5.3807853,-3.9950672,Station Service Total Las Palmas,bus_stop,platform,,no,unofficial
7876590807,5.3799935,-3.9962286,Lavage Professionel,bus_stop,platform,,no,unofficial
7876590808,5.3781830,-4.0061947,"Gare de Woro Woro, Deux Plateau - Vallon",bus_stop,platform,,no,unofficial
7876632886,5.3474352,-4.0571120,Carrefour Gecos-Formation,bus_stop,platform,,,unofficial
7876632887,5.3482564,-4.0504588,Millionnaire Antenne,bus_stop,platform,,,unofficial
7876632985,5.3467262,-4.0629204,Bel Air,bus_stop,platform,,,unofficial
7876633085,5.3467182,-4.0604380,Carrefour Pitch,bus_stop,platform,,,unofficial
7876633086,5.3473044,-4.0570879,Carrefour Gecos-Formation,bus_stop,platform,,,unofficial
7876633185,5.3481897,-4.0505487,Millionnaire Antenne,bus_stop,platform,,,unofficial
7876641853,5.3790835,-3.9996066,Carrefour Gadji,bus_stop,platform,,no,unofficial
7876641854,5.3845559,-3.9875127,Station Service Shell,bus_stop,platform,,no,unofficial
7876641855,5.3838615,-3.9931762,Organisation Mondiale de la Santé,bus_stop,platform,,no,unofficial
7878290488,5.3308723,-4.0637840,Carrefour CFOMIS,bus_stop,platform,,,unofficial
7878315786,5.3323445,-4.0686475,Carrefour Lonaci,bus_stop,platform,,,unofficial
7878317585,5.3322643,-4.0724613,Carrefour Sicogi 10,bus_stop,platform,,,unofficial
7878317586,5.3324160,-4.0662792,Canaan,bus_stop,platform,,,unofficial
7878317785,5.3295183,-4.0635265,Carrefour Marché,bus_stop,platform,,,unofficial
7878317885,5.3321769,-4.0704614,Saint Mathias,bus_stop,platform,,,unofficial
7878348685,5.3251045,-4.0699256,Carrefour Saint Laurent,bus_stop,platform,,,unofficial
7878348686,5.3250637,-4.0707015,Carrefour Saint Laurent,bus_stop,platform,,,unofficial
7878348885,5.3235868,-4.0623282,Carrefour Camp militaire,bus_stop,platform,,,unofficial
7878384486,5.3260005,-4.0491989,Carrefour Sebgé,bus_stop,platform,,,unofficial
7878395385,5.3245723,-4.0496635,Carrefour le Boss,bus_stop,platform,,,unofficial
7878395585,5.3300959,-4.0467238,Immeuble Elite,bus_stop,platform,,,unofficial
7878395586,5.3276162,-4.0471885,Ciollège OSCAD,bus_stop,platform,,,unofficial
7878395785,5.3221388,-4.0540657,Carrefour Koweit,bus_stop,platform,,,unofficial
7878542186,5.3235689,-4.0565870,Boulagerie Blé Doré,bus_stop,platform,,,unofficial
7878542187,5.3233512,-4.0562242,Collège Saint Augustin,bus_stop,platform,,,unofficial
7881213785,5.3254203,-4.0701476,Carrefour Saint Laurent,bus_stop,platform,,,unofficial
7881213885,5.3284541,-4.0694314,Garage,bus_stop,platform,,,unofficial
7881213886,5.3288574,-4.0692852,Carrefour Kouté,bus_stop,platform,,,unofficial
7881343885,5.3407958,-4.0715762,Carrefour CP1,bus_stop,platform,,,unofficial
7881343886,5.3406921,-4.0625569,Complexe,bus_stop,platform,,,unofficial
7881344086,5.3407308,-4.0642869,Carrefour Complexe,bus_stop,platform,,,unofficial
7881452485,5.3466493,-4.0736678,Keneya,bus_stop,platform,,,unofficial
7881452486,5.3477820,-4.0761478,Marché Gouro,bus_stop,platform,,,unofficial
7881452487,5.3553044,-4.0793105,Nouveau Goudron,bus_stop,platform,,,unofficial
7881452686,5.3553026,-4.0793834,Nouveau Goudron,bus_stop,platform,,,unofficial
7881452786,5.3535344,-4.0793096,Pharmacie de l'Amitié,bus_stop,platform,,,unofficial
7881452787,5.3521277,-4.0792825,CDCI,bus_stop,platform,,,unofficial
7881452788,5.3466974,-4.0738378,Keneya,bus_stop,platform,,,unofficial
7881639185,5.3619334,-4.0667988,Gare CTE,bus_stop,platform,,,unofficial
7881639186,5.3687764,-4.0794294,Pharmacie La Délivrance,bus_stop,platform,,,unofficial
7881639187,5.3707562,-4.0759019,Huake Automobile,bus_stop,platform,,,unofficial
7881639285,5.3649484,-4.0681420,Carrefour harriste,bus_stop,platform,,,unofficial
7881639385,5.3664905,-4.0709361,Carrefour Château,bus_stop,platform,,,unofficial
7881639485,5.3664498,-4.0711594,Carrefour Château,bus_stop,platform,,,unofficial
7881639585,5.3691143,-4.0802320,Carrefour Zone,bus_stop,platform,,,unofficial
7884163082,5.3648622,-4.0156022,Gare Carrefour Deux Plateaux,bus_stop,platform,,no,unofficial
7884163083,5.3684166,-4.0041619,Cratos,bus_stop,platform,,no,unofficial
7884163084,5.3618046,-3.9899864,2 Plateaux Vallon,bus_stop,platform,,no,unofficial
7884215688,5.3623954,-3.9967865,ENA,bus_stop,platform,,no,unofficial
7884215689,5.3648656,-4.0155056,Gare Carrefour Deux Plateaux,bus_stop,platform,,no,unofficial
7884296055,5.3653496,-4.0136643,Escaliers,bus_stop,platform,,no,unofficial
7884296056,5.3706237,-3.9998737,Eglise,bus_stop,platform,,no,unofficial
7884296057,5.3731206,-3.9999401,SOCOCE,bus_stop,platform,,no,unofficial
7884296058,5.3743827,-3.9954360,Pizzaria,bus_stop,platform,,no,unofficial
7884296059,5.3739558,-3.9920966,Commissariat du 12è,bus_stop,platform,,no,unofficial
7884296060,5.3739958,-3.9951704,Grand Portail,bus_stop,platform,,no,unofficial
7884296061,5.3738963,-3.9921040,Commissariat du 12è,bus_stop,platform,,no,unofficial
7884296062,5.3748443,-3.9981464,Boulangerie le Roi du Pain,bus_stop,platform,,no,unofficial
7884343660,5.3539980,-4.0165155,Adjamé Liberté,bus_stop,platform,,no,unofficial
7884343661,5.3483299,-4.0189844,Somafix,bus_stop,platform,,no,unofficial
7884343662,5.3465433,-4.0225840,Gare Saint Michel,bus_stop,platform,,no,unofficial
7884343663,5.3465940,-4.0225464,Gare Saint Michel,bus_stop,platform,,no,unofficial
7884343665,5.3542023,-4.0165651,Adjamé Liberté,bus_stop,platform,,no,unofficial
7884348009,5.3805116,-3.9945120,Las Palmas,bus_stop,platform,,no,unofficial
7884438888,5.3552719,-4.0889686,Carrefour CHU,bus_stop,platform,,,unofficial
7884438889,5.3553373,-4.0865962,Carrefour Marché,bus_stop,platform,,,unofficial
7884438890,5.3560143,-4.0670068,Sable,bus_stop,platform,,,unofficial
7884438891,5.3558728,-4.0701033,Bon Prix,bus_stop,platform,,,unofficial
7884438892,5.3558028,-4.0716020,Carrefour Gabriel Gare,bus_stop,platform,,,unofficial
7884438893,5.3556429,-4.0756224,Marché Siporex,bus_stop,platform,,,unofficial
7884438894,5.3554922,-4.0792564,Carrefour Marché Siporex,bus_stop,platform,,,unofficial
7884438895,5.3553086,-4.0851887,Carrefour Zone,bus_stop,platform,,,unofficial
7884438897,5.3551898,-4.0889680,Carrefour CHU,bus_stop,platform,,,unofficial
7884491886,5.4147571,-4.0287128,Petit Carrefour,bus_stop,platform,,,unofficial
7884491887,5.4149794,-4.0332518,Terminus 51-52,bus_stop,platform,,,unofficial
7884492185,5.4257984,-4.0210823,Abobo Gendarmerie,bus_stop,platform,,no,unofficial
7884492285,5.4145286,-4.0242070,Carrefour 21ème,bus_stop,platform,,,unofficial
7884492286,5.4151109,-4.0332719,Terminus 51-52,bus_stop,platform,,,unofficial
7884492385,5.4257829,-4.0211243,Abobo Gendarmerie,bus_stop,platform,,no,unofficial
7884545387,5.3645077,-4.0827928,Après le Pont,bus_stop,platform,,,unofficial
7884545388,5.3556551,-4.0848340,Carrefour Zone,bus_stop,platform,,,unofficial
7884552460,5.3698986,-4.0817677,Sotaci,bus_stop,platform,,,unofficial
7884552461,5.3777210,-4.0963514,Micao - Fin goudron,bus_stop,platform,,,unofficial
7884552462,5.3778165,-4.0963045,Micao - Fin goudron,bus_stop,platform,,,unofficial
7884616329,5.3469626,-4.0857071,Au Mouton,bus_stop,platform,,,unofficial
7884616330,5.3469666,-4.0873016,Carrefour Koudous,bus_stop,platform,,,unofficial
7884616331,5.3549795,-4.0892825,Carrefour CHU,bus_stop,platform,,,unofficial
7884616333,5.3549741,-4.0891524,Carrefour CHU,bus_stop,platform,,,unofficial
7884616334,5.3470280,-4.0857513,Au Mouton,bus_stop,platform,,,unofficial
7884616335,5.3479239,-4.0789492,Au feu du Phoenix,bus_stop,platform,,,unofficial
7884632289,5.4239373,-4.0152481,Abobo Marché,bus_stop,platform,,no,unofficial
7884635486,5.4235888,-3.9979184,Terminus 1 Mosquée Ado Kennedy,bus_stop,platform,,no,unofficial
7884635587,5.4235007,-4.0143898,Carrefour 14ème,bus_stop,platform,,no,unofficial
7884635588,5.4225454,-4.0028007,Carrefour Express,bus_stop,platform,,no,unofficial
7884640186,5.4236516,-3.9977042,Terminus 1 Mosquée Ado Kennedy,bus_stop,platform,,no,unofficial
7884683655,5.3556885,-4.0715349,Carrefour Gabriel Gare,bus_stop,platform,,,unofficial
7884683656,5.3439422,-4.0678959,Mairie de Yopougon,bus_stop,platform,,,unofficial
7884683657,5.3484554,-4.0679267,Carrefour Jean Baptiste de la Salle,bus_stop,platform,,,unofficial
7884683658,5.3509777,-4.0704990,Carrefour SODECI,bus_stop,platform,,,unofficial
7884683659,5.3542063,-4.0715960,Lavage Auto,bus_stop,platform,,,unofficial
7884683661,5.3556952,-4.0715994,Carrefour Gabriel Gare,bus_stop,platform,,,unofficial
7884683662,5.3504389,-4.0678000,Collège Moderne Amadou Hampaté Ba,bus_stop,platform,,,unofficial
7884683663,5.3439355,-4.0677913,Mairie de Yopougon,bus_stop,platform,,,unofficial
7884688605,5.3465900,-4.0638658,Bel Air,bus_stop,platform,,,unofficial
7884688606,5.3475100,-4.0678865,Restaurant Wamh,bus_stop,platform,,,unofficial
7884688607,5.3510725,-4.0706770,Carrefour SODECI,bus_stop,platform,,,unofficial
7884688610,5.3467222,-4.0639651,Bel Air,bus_stop,platform,,,unofficial
7884719686,5.4236900,-4.0155796,Pharmacie Santé,bus_stop,platform,,no,unofficial
7884720085,5.3958635,-4.0009902,Marché du Dokui,bus_stop,platform,,no,unofficial
7884720185,5.3957891,-4.0010896,Marché du Dokui,bus_stop,platform,,no,unofficial
7884720285,5.3965110,-4.0029140,Rond Point,bus_stop,platform,,no,unofficial
7884722630,5.3479787,-4.0953496,Parc auto,bus_stop,platform,,,unofficial
7884722631,5.3489601,-4.0953469,Pharmacie Bethesda,bus_stop,platform,,,unofficial
7884722632,5.3473431,-4.0953362,Coopec Ananeraie,bus_stop,platform,,,unofficial
7884722633,5.3505023,-4.0953040,Supermarché Nasr,bus_stop,platform,,,unofficial
7884722634,5.3548900,-4.0953362,Station Total Ananeraie,bus_stop,platform,,,unofficial
7884722635,5.3548806,-4.0952021,Station Total Ananeraie,bus_stop,platform,,,unofficial
7884722637,5.3473384,-4.0952309,Coopec Ananeraie,bus_stop,platform,,,unofficial
7884794185,5.4354484,-4.0067402,Plaque 1,bus_stop,platform,,no,unofficial
7884794285,5.4240728,-4.0153943,Abobo Marché,bus_stop,platform,,no,unofficial
7884829885,5.4237948,-4.0151221,Abobo Marché,bus_stop,platform,,no,unofficial
7885028586,5.4877199,-4.0515527,Carrefour Perception,bus_stop,platform,,no,unofficial
7885028587,5.4965414,-4.0516535,Carrefour marché,bus_stop,platform,,no,unofficial
7885028588,5.5011979,-4.0521667,Carrefour Terrain,bus_stop,platform,,no,unofficial
7885028589,5.5128381,-4.0597819,Carrefour Garage,bus_stop,platform,,no,unofficial
7885028590,5.4863724,-4.0513861,Carrefour Sylla,bus_stop,platform,,no,unofficial
7885028591,5.4834795,-4.0512810,Carrefour Policier,bus_stop,platform,,no,unofficial
7885028987,5.4985011,-4.0512984,Carrefour Maternité,bus_stop,platform,,no,unofficial
7885028988,5.4871743,-4.0514090,Carrefour Garage,bus_stop,platform,,no,unofficial
7885073685,5.5133344,-4.0597084,Carrefour Garage,bus_stop,platform,,no,unofficial
7885074885,5.4618976,-4.0537521,Ancienne Gendarmerie,bus_stop,platform,,no,unofficial
7887860476,5.3478318,-4.0789533,Au feu du Phoenix,bus_stop,platform,,,unofficial
7887860477,5.3469572,-4.0952142,Coopec Ananeraie,bus_stop,platform,,,unofficial
7887860478,5.3470373,-4.0952235,Coopec Ananeraie,bus_stop,platform,,,unofficial
7887860479,5.3470439,-4.0893470,Carrefour Niangon,bus_stop,platform,,,unofficial
7887876462,5.3466234,-4.0679010,Ô Blé Doré,bus_stop,platform,,,unofficial
7887876463,5.3465887,-4.0705030,KS,bus_stop,platform,,,unofficial
7887876464,5.3466060,-4.0729371,Pharmacie Keneya,bus_stop,platform,,,unofficial
7887876466,5.3467062,-4.0729250,Pharmacie Keneya,bus_stop,platform,,,unofficial
7888055021,5.3466248,-4.0627748,Bel Air - Station,bus_stop,platform,,,unofficial
7888087745,5.3272337,-4.0508772,Pharmacie du Cinéma Boissy,bus_stop,platform,,,unofficial
7888087746,5.3288267,-4.0606271,Carrefour sapeur-pompier,bus_stop,platform,,,unofficial
7888129900,5.3205744,-4.0439666,Station Service Shell,bus_stop,platform,,,unofficial
7888143686,5.4827269,-4.0513681,Carrefour Cissé,bus_stop,platform,,no,unofficial
7888143986,5.4809714,-4.0529385,Gare d'Anyama,bus_stop,platform,,no,unofficial
7888144686,5.4871256,-4.0515089,Carrefour Garage,bus_stop,platform,,no,unofficial
7888144687,5.5069600,-4.0536709,Mairie d'Anyama,bus_stop,platform,,no,unofficial
7888144688,5.4963362,-4.0515545,Carrefour marché,bus_stop,platform,,no,unofficial
7888144689,5.4878197,-4.0514177,Carrefour Perception,bus_stop,platform,,no,unofficial
7888144786,5.4864074,-4.0514774,Carrefour Sylla,bus_stop,platform,,no,unofficial
7888144885,5.4836214,-4.0513996,Carrefour Policier,bus_stop,platform,,no,unofficial
7888144985,5.4890099,-4.0515874,Carrefour Poteaux,bus_stop,platform,,no,unofficial
7888144986,5.4952200,-4.0517934,La Poste,bus_stop,platform,,no,unofficial
7888144987,5.4983565,-4.0514003,Carrefour Maternité,bus_stop,platform,,no,unofficial
7888144989,5.4807017,-4.0530103,Gare d'Anyama,bus_stop,platform,,no,unofficial
7888145085,5.5071610,-4.0538237,Mairie d'Anyama,bus_stop,platform,,no,unofficial
7888145285,5.5004937,-4.0517811,Ecole Plateau,bus_stop,platform,,no,unofficial
7888148152,5.3552725,-4.0656804,Sable-SGBCI,bus_stop,platform,,,unofficial
7888217787,5.4410755,-4.0086811,Carrefour Bassolé,bus_stop,platform,,no,unofficial
7888218088,5.4429528,-4.0088304,Houphouët-Boigny,bus_stop,platform,,no,unofficial
7888218089,5.4386075,-4.0078209,4 Etages,bus_stop,platform,,no,unofficial
7888218090,5.4387030,-4.0058866,Plaque 2,bus_stop,platform,,no,unofficial
7888218686,5.4354247,-4.0066666,Plaque 1,bus_stop,platform,,no,unofficial
7888223366,5.3409859,-4.0463497,Mossikro,bus_stop,platform,,,unofficial
7888223367,5.3316535,-4.0395972,Collège privé Oscad,bus_stop,platform,,,unofficial
7888223368,5.3159408,-4.0354981,Maternité,bus_stop,platform,,,unofficial
7888223369,5.3095539,-4.0440953,carrefour Santé Village,bus_stop,platform,,,unofficial
7888223371,5.3159381,-4.0355726,Maternité,bus_stop,platform,,,unofficial
7888223372,5.3251586,-4.0372275,Carrefour Eglise,bus_stop,platform,,,unofficial
7888223373,5.3409151,-4.0463470,Mossikro,bus_stop,platform,,,unofficial
7888224385,5.4429873,-4.0087401,Houphouët-Boigny,bus_stop,platform,,no,unofficial
7888224485,5.4276392,-4.0145706,Au Lycée,bus_stop,platform,,no,unofficial
7888269186,5.4259072,-4.0205985,Gendarmerie Bandji,bus_stop,platform,,no,unofficial
7888269187,5.4437109,-4.0267102,BC Carrefour Niamkey,bus_stop,platform,,no,unofficial
7888284985,5.4436183,-4.0266352,BC Carrefour Niamkey,bus_stop,platform,,no,unofficial
7888285085,5.4259967,-4.0197636,Abobo Gendarmerie,bus_stop,platform,,no,unofficial
7888312787,5.4410690,-4.0204892,Gros Pneu,bus_stop,platform,,no,unofficial
7888315788,5.4458966,-4.0206387,BC (Belle Cité),bus_stop,platform,,no,unofficial
7888321685,5.4279201,-4.0200323,Abobo Gendarmerie,bus_stop,platform,,no,unofficial
7888340985,5.4351095,-4.0119393,Lavage,bus_stop,platform,,no,unofficial
7888340986,5.4355545,-4.0028133,Habitat Grâce,bus_stop,platform,,no,unofficial
7888341085,5.4353675,-4.0072833,Boulangerie,bus_stop,platform,,no,unofficial
7888341086,5.4353009,-4.0072159,Boulangerie,bus_stop,platform,,no,unofficial
7888341087,5.4352314,-4.0088454,Pharmacie,bus_stop,platform,,no,unofficial
7888341185,5.4354440,-4.0027991,Habitat Grâce,bus_stop,platform,,no,unofficial
7888341285,5.4353169,-4.0067215,Plaque 1,bus_stop,platform,,no,unofficial
7888341685,5.4261747,-4.0146574,Abobo Marché,bus_stop,platform,,no,unofficial
7888460985,5.4234646,-4.0028452,Pharmacie Clotcha,bus_stop,platform,,no,unofficial
7888460986,5.4249236,-3.9902497,Terminus 2 Carrefour Power,bus_stop,platform,,no,unofficial
7888460988,5.4206030,-3.9905722,Commissariat 34e,bus_stop,platform,,no,unofficial
7888461085,5.4211080,-3.9905249,Station Shell Abobo Baoulé,bus_stop,platform,,no,unofficial
7888461185,5.4201316,-4.0166390,Abobo Gare Mairie,bus_stop,platform,,no,unofficial
7891132286,5.4265617,-4.0199200,Abobo Gendarmerie,bus_stop,platform,,no,unofficial
7891134485,5.4349889,-4.0186305,Camp Commando,bus_stop,platform,,no,unofficial
7891134585,5.4381948,-4.0164064,Complexe sportif d’Abobo,bus_stop,platform,,no,unofficial
7891134586,5.4381206,-4.0189253,Avenue Kaza,bus_stop,platform,,no,unofficial
7891172191,5.4181065,-3.9910798,Carrefour Diamant,bus_stop,platform,,no,unofficial
7891177185,5.4211662,-3.9905884,Station Shell Abobo Baoulé,bus_stop,platform,,no,unofficial
7891177186,5.4154309,-4.0060163,Samaké,bus_stop,platform,,no,unofficial
7891432685,5.4150836,-4.0334253,Derrière Rail,bus_stop,platform,,,unofficial
7891521786,5.4017155,-4.0064494,SGBCI,bus_stop,platform,,no,unofficial
7891521787,5.4106591,-4.0063920,Menuiserie,bus_stop,platform,,no,unofficial
7891521788,5.4154867,-4.0063706,Samaké,bus_stop,platform,,no,unofficial
7891523887,5.3987447,-4.0065442,Carrefour Policier,bus_stop,platform,,no,unofficial
7891523888,5.4184893,-4.0060904,Carrefour Kennedy,bus_stop,platform,,no,unofficial
7891527285,5.3998315,-4.0065976,Azur Mobil,bus_stop,platform,,no,unofficial
7891527286,5.4072200,-4.0064467,1ère Boutique,bus_stop,platform,,no,unofficial
7891527385,5.4270520,-4.0146076,Au Lycée,bus_stop,platform,,no,unofficial
7894268185,5.4205734,-3.9907071,Commissariat 34eme,bus_stop,platform,,no,unofficial
7894268186,5.4401491,-3.9850020,Lavage,bus_stop,platform,,no,unofficial
7894269685,5.4415198,-3.9832038,Carrefour Mosquée,bus_stop,platform,,no,unofficial
7894269785,5.4251284,-3.9898872,Carrefour Power,bus_stop,platform,,no,unofficial
7894269885,5.4152680,-4.0061692,Samaké,bus_stop,platform,,no,unofficial
7902826896,5.3552785,-4.0862086,Carrefour Marché,bus_stop,platform,,,unofficial
7902826897,5.3550115,-4.0954489,A l'antenne,bus_stop,platform,,,unofficial
7902826898,5.3547404,-4.1026117,Carrefour Ananeraie,bus_stop,platform,,,unofficial
7902826899,5.3489187,-4.1048969,Bonikro,bus_stop,platform,,,unofficial
7902826900,5.3377754,-4.1131485,Pharmacie Inox,bus_stop,platform,,,unofficial
7902826901,5.3383847,-4.1407728,Institut Pasteur,bus_stop,platform,,,unofficial
7902826902,5.3409284,-4.1665462,1er Campement,bus_stop,platform,,,unofficial
7902826903,5.3390030,-4.1730425,Carrefour SAPH,bus_stop,platform,,,unofficial
7902826904,5.3187971,-4.2017770,Centre de Santé Urbain de Songon,bus_stop,platform,,,unofficial
7902826905,5.3186246,-4.2113629,Pharmacie Eliora,bus_stop,platform,,,unofficial
7902826912,5.3194928,-4.2153499,CP1,bus_stop,platform,,,unofficial
7902826913,5.3212714,-4.2280781,Cité la Grâce,bus_stop,platform,,,unofficial
7902826914,5.3210410,-4.2314721,Carrefour Jacqueville,bus_stop,platform,,,unofficial
7902826920,5.3210826,-4.2314899,Carrefour Jacqueville,bus_stop,platform,,,unofficial
7902826921,5.3195178,-4.2149762,CP1,bus_stop,platform,,,unofficial
7902826922,5.3187385,-4.2117267,Kassamblé,bus_stop,platform,,,unofficial
7902826923,5.3193372,-4.2055099,Carrefour PFO,bus_stop,platform,,,unofficial
7902826924,5.3188972,-4.2016992,Centre de Santé Urbain de Songon,bus_stop,platform,,,unofficial
7902826925,5.3191443,-4.1938645,Adiapoto 1,bus_stop,platform,,,unofficial
7902826926,5.3315213,-4.1857803,Maison Blanche,bus_stop,platform,,,unofficial
7902826927,5.3379715,-4.1768271,Nouveau Goudron,bus_stop,platform,,,unofficial
7902826928,5.3410167,-4.1666875,1er Campement,bus_stop,platform,,,unofficial
7902826929,5.3376295,-4.1273146,Marché Km 17,bus_stop,platform,,,unofficial
7902826930,5.3378473,-4.1131260,Pharmacie Inox,bus_stop,platform,,,unofficial
7902877638,5.3553440,-4.0656059,Sable-SGBCI,bus_stop,platform,,,unofficial
7902959148,5.3354458,-4.0874585,Carrefour Canal,bus_stop,platform,,,unofficial
7902959149,5.3293087,-4.1025755,Pharmacie Niangon Nord,bus_stop,platform,,,unofficial
7902959150,5.3423025,-4.0747690,Pharmacie Saint André,bus_stop,platform,,,unofficial
7902973078,5.3395411,-4.0827969,Terminus bus 47,bus_stop,platform,,,unofficial
7902973079,5.3354417,-4.0905686,Station Pétro Ivoire,bus_stop,platform,,,unofficial
7902973080,5.3324273,-4.0907697,Carrefour Boby,bus_stop,platform,,,unofficial
7902973081,5.3275715,-4.0968141,Église Sainte-Rita,bus_stop,platform,,,unofficial
7903002099,5.3551584,-4.0904137,CEMA,bus_stop,platform,,,unofficial
7903002100,5.3584551,-4.0949889,Arrêt Annaneraie 2e,bus_stop,platform,,,official
7903002102,5.3670934,-4.1019043,Gare Gesco,bus_stop,platform,,,unofficial
7903535327,5.3238606,-4.1069488,Carrefour Académie,bus_stop,platform,,,unofficial
7903535328,5.3237525,-4.1093025,Carrefour Chambéry,bus_stop,platform,,,unofficial
7903535329,5.3190974,-4.1123645,À l'école,bus_stop,platform,,,unofficial
7903535330,5.3133707,-4.1114532,Yopougon Diop,bus_stop,platform,,,unofficial
7903535331,5.3133753,-4.1115303,Yopougon Diop,bus_stop,platform,,,unofficial
7903535332,5.3145559,-4.1109541,Carrefour Bawin,bus_stop,platform,,,unofficial
7903535333,5.3151560,-4.1106179,À l'église,bus_stop,platform,,,unofficial
7903535334,5.3156589,-4.1103794,Carrefour Diop,bus_stop,platform,,,unofficial
7903535335,5.3163336,-4.1103451,À l'école,bus_stop,platform,,,unofficial
7903535336,5.3239435,-4.1069152,Carrefour Académie,bus_stop,platform,,,unofficial
7903583520,5.3368959,-4.0732710,Après le pont,bus_stop,platform,,,unofficial
7966220394,5.2402653,-3.8996677,Terre rouge,bus_stop,platform,,,unofficial
7966220395,5.2458620,-3.8996999,Delice Market,bus_stop,platform,,,unofficial
7966220396,5.2483690,-3.8997200,Marché,bus_stop,platform,,,unofficial
7966220397,5.2499236,-3.8997267,Pharmacie St Louis Gonzague,bus_stop,platform,,,unofficial
7966220398,5.2524543,-3.8997442,Boulangerie,bus_stop,platform,,,unofficial
7966220399,5.2547473,-3.8997475,Carrefour Market,bus_stop,platform,,,unofficial
7966220400,5.2634965,-3.8998401,Carrefour deux poteaux,bus_stop,platform,,,unofficial
7966220401,5.2634625,-3.8997388,Carrefour deux poteaux,bus_stop,platform,,,unofficial
7966220402,5.2522740,-3.8996261,Carrefour Garage,bus_stop,platform,,,unofficial
7966220403,5.2402627,-3.8995885,Terre rouge,bus_stop,platform,,,unofficial
7966266330,5.2435573,-3.8997053,Carrefour Peti Tonton,bus_stop,platform,,,unofficial
7966266331,5.2754921,-3.8907923,Benogosso,bus_stop,platform,,,unofficial
7966266332,5.2755322,-3.8907386,Benogosso,bus_stop,platform,,,unofficial
7966266333,5.2644087,-3.8967548,Groupe Scolaire Nyl's,bus_stop,platform,,,unofficial
7966272062,5.3677530,-4.0776463,Direction de la Sotra,bus_stop,platform,,,unofficial
7966272063,5.3618513,-4.0720580,Carrefour Marché,bus_stop,platform,,,unofficial
7966272064,5.3617999,-4.0720566,Carrefour Marché,bus_stop,platform,,,unofficial
7966272065,5.3618292,-4.0734313,Carrefour Andokoi,bus_stop,platform,,,unofficial
7966272066,5.3642207,-4.0749742,La Prudence,bus_stop,platform,,,unofficial
7966345985,5.4263057,-4.0710676,Bangui,bus_stop,platform,,no,unofficial
7966345986,5.4429301,-4.0695213,Carrefou N'dotré,bus_stop,platform,,no,unofficial
7966345987,5.4012685,-4.0842383,Cité Ado,bus_stop,platform,,no,unofficial
7966345988,5.3890766,-4.0783595,MACA,bus_stop,platform,,no,unofficial
7966346085,5.4430690,-4.0693992,N'dotré,bus_stop,platform,,no,unofficial
7966538189,5.4304569,-4.0691669,Première Porte,bus_stop,platform,,no,unofficial
7966538190,5.4441490,-4.0489883,Agripac,bus_stop,platform,,no,unofficial
7966560585,5.3606195,-4.0850285,BAE,bus_stop,platform,,yes,
7966666988,5.4412441,-3.9838059,Carrefour Clinique,bus_stop,platform,,no,unofficial
7966666990,5.4439839,-3.9798025,Carrefour Boulangerie,bus_stop,platform,,no,unofficial
7966666991,5.4431629,-3.9809147,Au Kiosque,bus_stop,platform,,no,unofficial
7966666992,5.4287315,-3.9893585,Carrefour Colombe,bus_stop,platform,,no,unofficial
7966688489,5.4155488,-3.9993821,Étage Noir,bus_stop,platform,,no,unofficial
7966688490,5.4264159,-3.9898099,Garage Fofana,bus_stop,platform,,no,unofficial
7966688694,5.4218318,-3.9904862,Foyer des Jeunes,bus_stop,platform,,no,unofficial
7966701585,5.4422167,-3.9822543,Carrefour Ecole,bus_stop,platform,,no,unofficial
7966767630,5.3185746,-4.0779347,42,bus_stop,platform,,,unofficial
7966767631,5.3148642,-4.0786163,Savant 2,bus_stop,platform,,,unofficial
7966767633,5.3098150,-4.0761371,Gare Marché / Oulaï,bus_stop,platform,,,unofficial
7966767634,5.3102972,-4.0770377,Ferronnerie,bus_stop,platform,,,unofficial
7966767635,5.3109371,-4.0785980,Boutique,bus_stop,platform,,,unofficial
7966780489,5.3244333,-4.0775645,Palais de justice,bus_stop,platform,,,unofficial
7966780597,5.3130809,-4.0787054,Taille Basse,bus_stop,platform,,,unofficial
7966780701,5.3244188,-4.0774641,Palais de justice,bus_stop,platform,,,unofficial
7966781186,5.3148688,-4.0787247,Savant 2,bus_stop,platform,,,unofficial
7966786685,5.3131796,-4.0785750,Taille Basse,bus_stop,platform,,,unofficial
7966786785,5.3102486,-4.0769078,Ferronnerie,bus_stop,platform,,,unofficial
7966877485,5.3690422,-4.0788151,Zone Industrielle,bus_stop,platform,,,unofficial
7966877785,5.3691690,-4.0789747,Zone Industrielle,bus_stop,platform,,,unofficial
7966968957,5.2426692,-3.9159822,Casier,bus_stop,platform,,,unofficial
7966968958,5.2582850,-3.9157932,Belleville,bus_stop,platform,,,unofficial
7966968959,5.2582836,-3.9157006,Belleville,bus_stop,platform,,,unofficial
7966968960,5.2559108,-3.9157298,Boutique Rouge,bus_stop,platform,,,unofficial
7966968961,5.2551453,-3.9157301,Carrefour Collège Simone Gbagbo,bus_stop,platform,,,unofficial
7966968962,5.2546839,-3.9157194,Groupe Scolaire Les Caïmans,bus_stop,platform,,,unofficial
7966968963,5.2526026,-3.9157221,Pharmacie,bus_stop,platform,,,unofficial
7966968964,5.2428682,-3.9158803,Casier,bus_stop,platform,,,unofficial
7966993885,5.3688105,-4.0789687,Zone Industrielle,bus_stop,platform,,,unofficial
7966994385,5.3685014,-4.0789063,Zone Industrielle,bus_stop,platform,,,unofficial
7967051296,5.2423250,-3.9100016,Mobiobo,bus_stop,platform,,,unofficial
7967051297,5.2439269,-3.9097934,Garba Choco,bus_stop,platform,,,unofficial
7967051298,5.2545730,-3.9075792,Carrefour Garage,bus_stop,platform,,,unofficial
7967051299,5.2545169,-3.9075739,Carrefour Garage,bus_stop,platform,,,unofficial
7967051300,5.2515141,-3.9078759,Carrefour des Ecoles,bus_stop,platform,,,unofficial
7967051301,5.2484692,-3.9081824,Carrefour la Joie,bus_stop,platform,,,unofficial
7967051302,5.2423203,-3.9099590,Mobiobo,bus_stop,platform,,,unofficial
7967074786,5.3145307,-4.0353889,Gare Locodjro,bus_stop,platform,,,unofficial
7967074787,5.3166071,-4.0355028,Carrefour Jérusalem,bus_stop,platform,,,unofficial
7967074788,5.3229052,-4.0359729,Boutique,bus_stop,platform,,,unofficial
7967074789,5.3323472,-4.0414822,Jean-Paul 2,bus_stop,platform,,,unofficial
7967074790,5.3409358,-4.0459772,Garage,bus_stop,platform,,,unofficial
7967074791,5.3536028,-4.0328018,Attécoubé Garage,bus_stop,platform,,,unofficial
7967074792,5.3470039,-4.0452164,Cirocco,bus_stop,platform,,,unofficial
7967074793,5.3582930,-4.0304318,Pharmacie Agban,bus_stop,platform,,,unofficial
7967074794,5.3229379,-4.0358756,Boutique,bus_stop,platform,,,unofficial
7967074886,5.3251711,-4.0370677,Carrefour Eglise,bus_stop,platform,,,unofficial
7967074887,5.3145737,-4.0352325,Gare Locodjro,bus_stop,platform,,,unofficial
7967074987,5.3257301,-4.0371618,Marché,bus_stop,platform,,,unofficial
7967075485,5.3324230,-4.0413485,Jean-Paul 2,bus_stop,platform,,,unofficial
7967102342,5.2395398,-3.8963190,Corridor,bus_stop,platform,,,unofficial
7967102343,5.2480366,-3.8939720,Boulangerie G&Z,bus_stop,platform,,,unofficial
7967102344,5.2525518,-3.8930386,Ancien terminus,bus_stop,platform,,,unofficial
7967102345,5.2554444,-3.8928764,Eléphant,bus_stop,platform,,,unofficial
7967102346,5.2554444,-3.8927932,Terminus Eléphant,bus_stop,platform,,,unofficial
7967102347,5.2527127,-3.8929763,Ancien terminus,bus_stop,platform,,,unofficial
7967102348,5.2518293,-3.8930554,Aya Débout,bus_stop,platform,,,unofficial
7967102349,5.2484679,-3.8938118,Boutique Rouge,bus_stop,platform,,,unofficial
7967102350,5.2480245,-3.8939117,Boulangerie G&Z,bus_stop,platform,,,unofficial
7967102360,5.2396063,-3.8963082,Corridor,bus_stop,platform,,,unofficial
7967112827,5.2412309,-3.8961755,Carrefour Hôpital,bus_stop,platform,,,unofficial
7967112828,5.2425677,-3.8959569,Ecole,bus_stop,platform,,,unofficial
7967112829,5.2439633,-3.8957490,Lavage,bus_stop,platform,,,unofficial
7967112830,5.2528803,-3.8882348,A l'Antenne,bus_stop,platform,,,unofficial
7967112831,5.2524129,-3.8840036,Carrefour Boutique Bleue,bus_stop,platform,,,unofficial
7967112832,5.2506888,-3.8842108,Boulangerie,bus_stop,platform,,,unofficial
7967112833,5.2487904,-3.8848170,Collège Abraham,bus_stop,platform,,,unofficial
7967112834,5.2477307,-3.8850966,Connexion,bus_stop,platform,,,unofficial
7967112835,5.2462791,-3.8853621,Bouquet,bus_stop,platform,,,unofficial
7967112836,5.2441984,-3.8903698,Ayamonnaie,bus_stop,platform,,,unofficial
7967175249,5.2495670,-3.8916757,Usine,bus_stop,platform,,,unofficial
8010519328,5.3661901,-4.0881881,Yoplait,bus_stop,platform,,,unofficial
8296653793,5.3225168,-4.0343324,Gare lagunaire de SIDIBE,,platform,,,
8712688632,5.4957840,-4.0669450,Arrêt Garage,bus_stop,platform,SOTRA,no,official
8712688633,5.5001253,-4.0752679,Hôtel Olympique,bus_stop,platform,SOTRA,no,official
8712688634,5.5000585,-4.0793502,EPP Ebimpé,bus_stop,platform,SOTRA,no,official
8713393439,5.4950899,-4.0516953,La Poste Anyama,bus_stop,platform,SOTRA,no,official
8713393440,5.4909569,-4.0515438,Carrefour Château,bus_stop,platform,SOTRA,no,official
8713393441,5.4724809,-4.0541616,IVOSEP Anyama,bus_stop,platform,SOTRA,no,official
8713393442,5.4653934,-4.0540691,Arrêt Abossia,bus_stop,platform,SOTRA,no,official
8713393443,5.4569908,-4.0543668,Arrêt Unicafé,bus_stop,platform,SOTRA,no,official
8713405118,5.4610426,-4.0539712,Ancienne Gendarmerie,bus_stop,platform,SOTRA,no,official
8713405119,5.4695025,-4.0529935,Arrêt Kedjenou,bus_stop,platform,SOTRA,no,official
8713405120,5.4722406,-4.0542528,IVOSEP Anyama,bus_stop,platform,SOTRA,no,official
8713405121,5.4749693,-4.0551084,Carrefour Ecole,bus_stop,platform,SOTRA,no,official
8713405122,5.4784189,-4.0550387,Arrêt Apres Colatier,bus_stop,platform,SOTRA,no,official
8752967324,5.4074072,-3.9889343,Cité Angré Star 2,bus_stop,platform,,no,
8753174077,5.3079247,-4.0052100,St Jean Bosco,bus_stop,platform,SOTRA,,official
8753174081,5.3848730,-3.9930629,CERAO,bus_stop,platform,SOTRA,no,official
8753174084,5.3931691,-3.9919880,Résidences Stars,bus_stop,platform,SOTRA,no,official
8753174089,5.4089343,-3.9865555,Pharmacie des Allées,bus_stop,platform,,no,official
8753174090,5.4095501,-3.9855722,Boulangerie Jour du Pain,bus_stop,platform,,no,official
8755979947,5.3018457,-4.0138160,Ancien BRACODI,bus_stop,platform,SOTRA,no,official
8755979948,5.2933816,-3.9860955,ECG,bus_stop,platform,SOTRA,no,official
8756011060,5.3575482,-4.0340568,Gendarmerie Cité Fairmont,bus_stop,platform,SOTRA,no,official
8756011061,5.3574440,-4.0338595,Gendarmerie Cité Fairmont,bus_stop,platform,SOTRA,no,
8756011062,5.3580761,-4.0361727,1er Arrêt Cité Fairmont,bus_stop,platform,SOTRA,no,official
8756011063,5.2956748,-3.9887810,Carrefour Rally,bus_stop,platform,SOTRA,no,official
8756011064,5.2955819,-3.9891172,Carrefour Rally,bus_stop,platform,SOTRA,no,official
8756046927,5.2968868,-3.9898799,Arrêt CIE,bus_stop,platform,SOTRA,no,official
8756046928,5.3020385,-3.9884810,Station Corlay,bus_stop,platform,SOTRA,no,official
8756053025,5.2965301,-4.0063963,Parc des Sports,bus_stop,platform,SOTRA,no,official
8756053026,5.2902617,-3.9863602,CETI,bus_stop,platform,SOTRA,no,official
8756053027,5.2898373,-3.9862622,CETI,bus_stop,platform,SOTRA,no,official
8756053028,5.2947531,-3.9861854,ECG,bus_stop,platform,SOTRA,no,official
8756053029,5.2967085,-3.9900034,Arrêt CIE,bus_stop,platform,SOTRA,no,official
8756558454,5.3023803,-3.9661020,Carrefour la Colombe,bus_stop,platform,SOTRA,no,official
8756558455,5.3017313,-3.9692241,Petroci,bus_stop,platform,SOTRA,no,official
8756558456,5.3054392,-3.9844858,Arrêt Benson,bus_stop,platform,SOTRA,,official
8756558457,5.3035808,-3.9812766,Quartier Mockey,bus_stop,platform,SOTRA,,official
8756686276,5.3486904,-4.0345305,Marché Attécoubé,bus_stop,platform,SOTRA,,official
8756686277,5.3083080,-4.0089691,Arret Texaco,bus_stop,platform,SOTRA,,official
8756686278,5.3446378,-4.0345741,Arrêt avant terminus,bus_stop,platform,SOTRA,,official
8756686279,5.3504917,-4.0326704,Station AFRIQUIA,bus_stop,platform,SOTRA,,official
8756722644,5.3055465,-3.9987579,Arret Belleville,bus_stop,platform,SOTRA,,official
8757681550,5.3050550,-3.9452338,Résidence Agouti,bus_stop,platform,SOTRA,no,official
8757681551,5.2962703,-3.9664426,Koumassi Port-Bouët 2,bus_stop,platform,SOTRA,,official
8758117810,5.3523503,-3.8767228,Bingerville,bus_stop,platform,SOTRA,,official
8758117811,5.3532163,-3.8779291,Lavage Bingerville,bus_stop,platform,SOTRA,,official
8758117812,5.3564255,-3.8824734,Marche Bingerville,bus_stop,platform,SOTRA,,official
8758117813,5.3572320,-3.8853957,Paroisse St Augustin,bus_stop,platform,SOTRA,,official
8758117814,5.3612631,-3.9060742,Hotel Free world Bingerville,bus_stop,platform,SOTRA,,official
8758117815,5.3573322,-3.8855097,Paroisse St Augustin,bus_stop,platform,SOTRA,,official
8758117816,5.3562366,-3.8820959,Marche Bingerville,bus_stop,platform,SOTRA,,official
8758126217,5.3548119,-3.8800520,Carrefour SICOGI 2 Bingerville,bus_stop,platform,SOTRA,,official
8758126218,5.3530273,-3.8767328,Terminus 610 Platforme Bingerville,bus_stop,platform,SOTRA,,official
8758570235,5.4048143,-4.0173751,Arrêt Mouton ANADOR,bus_stop,platform,SOTRA,,official
8758570236,5.3852862,-4.0212026,Entrée Principale Préfecture,bus_stop,platform,SOTRA,no,official
8758570237,5.3687724,-4.0291661,Future Gare Routière (HUMUCI),bus_stop,platform,SOTRA,,official
8758570238,5.4205248,-4.0178069,Rond Point Mairie Abobo,bus_stop,platform,SOTRA,no,official
8758570239,5.3957153,-4.0207078,Arrêt Château FILTISAC,bus_stop,platform,SOTRA,no,official
8758570240,5.3710971,-4.0291366,Future Gare Routière (HUMUCI),bus_stop,platform,SOTRA,,official
8758570241,5.3810777,-4.0234785,SONITRA,bus_stop,platform,SOTRA,no,official
8758570242,5.3810724,-4.0237212,SONITRA,bus_stop,platform,SOTRA,no,official
8758570243,5.4317843,-4.0147206,EPP Anges Noirs,bus_stop,platform,SOTRA,no,official
8758570244,5.3737021,-4.0281039,SODECI,bus_stop,platform,SOTRA,,official
8758570245,5.4061014,-4.0169956,Mouton Anador,bus_stop,platform,SOTRA,,official
8758570246,5.3739571,-4.0276440,SODECI,bus_stop,platform,SOTRA,,official
8759129358,5.3436404,-4.0372986,Boribana,bus_stop,platform,SOTRA,yes,official
8759129364,5.3418106,-4.0660633,Pharmacie Mairie,bus_stop,platform,SOTRA,no,official
8759129365,5.3233780,-4.1056110,EPP Laurier 2,bus_stop,platform,SOTRA,,official
8759217734,5.3251265,-4.1061857,Groupe Scolaire St Chalmel,bus_stop,platform,SOTRA,,official
8759217735,5.3261073,-4.0772112,Palais de Justice Yopougon 1,bus_stop,platform,SOTRA,no,official
8759217736,5.2918702,-4.0082248,Outillage Port,bus_stop,platform,SOTRA,no,official
8759270980,5.3628996,-3.9594606,Station Petroci,bus_stop,platform,SOTRA,,official
8759270981,5.3593911,-3.9619801,Carrefour Commissariat RIV3,bus_stop,platform,SOTRA,,official
8759319029,5.3606184,-3.9603423,Arrêt Barrage Palmeraie,bus_stop,platform,SOTRA,,official
8759319030,5.3634910,-3.9597139,Ogood Food,bus_stop,platform,SOTRA,,official
8764478344,5.4354831,-4.0151200,Gare Sotra Abobo,bus_stop,platform,SOTRA,yes,official
8765327229,5.3551103,-4.0912069,Eglise Protestante CEMA PB2,bus_stop,platform,SOTRA,yes,official
8765327230,5.3543826,-4.0993971,Shell Carrefour Oasis,bus_stop,platform,SOTRA,yes,official
8765327231,5.3522502,-4.0993729,Groupe Médical Promethee,bus_stop,platform,SOTRA,yes,official
8765327232,5.3330329,-4.1032104,Hôtel Zenith,bus_stop,platform,SOTRA,,official
8766076811,5.3466360,-3.9972744,Bibliothèque Cité des Arts,bus_stop,platform,SOTRA,no,official
8766664105,5.4058095,-3.9852036,Commandant Cousteau,bus_stop,platform,SOTRA,no,official
8767929118,5.2460640,-3.9383478,Arrêt Djeddah,bus_stop,platform,SOTRA,no,official
8767929119,5.2422891,-3.9144489,Arrêt Centre Medical,bus_stop,platform,SOTRA,no,official
8770558989,5.3155529,-4.0186854,Arrêt Place Nelson Mandela,bus_stop,platform,SOTRA,no,official
8772261120,5.3827427,-4.0064169,HMA,bus_stop,platform,SOTRA,,official
8772261121,5.3829203,-4.0062828,HMA,bus_stop,platform,SOTRA,,official
8772261122,5.4157864,-4.0080404,Carrefour Samaké,bus_stop,platform,SOTRA,no,official
8772261123,5.4155782,-4.0078399,Carrefour Samaké,bus_stop,platform,SOTRA,no,official
8772261124,5.3924698,-4.0058141,Collège Larousse,bus_stop,platform,SOTRA,,official
8772261125,5.3994644,-4.0064646,Pharmacie Azur,bus_stop,platform,SOTRA,no,official
8772261126,5.3991420,-4.0065504,Pharmacie Azur,bus_stop,platform,SOTRA,no,official
8772261127,5.4108752,-4.0063948,Carrefour Aboboté,bus_stop,platform,SOTRA,no,official
8772261128,5.4186276,-4.0138413,Ciné Cool,bus_stop,platform,SOTRA,no,official
8772261129,5.4020359,-4.0064572,SGBCI Dokui,bus_stop,platform,SOTRA,no,official
8772261130,5.4081842,-4.0064263,Carrefour Mauritanien,bus_stop,platform,SOTRA,no,official
8772261131,5.4201075,-4.0163203,Nouvelle Mairie Abobo,bus_stop,platform,SOTRA,no,official
8772261132,5.3870774,-4.0058336,Carrefour Bandji,bus_stop,platform,SOTRA,,official
8772261133,5.4136876,-4.0063445,ANADER Abobo,bus_stop,platform,SOTRA,no,official
8773259650,5.4208292,-4.0102217,Station SHELL,bus_stop,platform,SOTRA,no,official
8773259651,5.3683398,-4.0008286,BNI 2 Pltx,bus_stop,platform,SOTRA,yes,official
8773259652,5.3684680,-4.0005134,BNI 2 Pltx,bus_stop,platform,SOTRA,yes,official
8773259653,5.4224019,-4.0097389,Station SHELL,bus_stop,platform,SOTRA,no,official
8773259654,5.3683251,-4.0069480,Pharmacie des Grâces,bus_stop,platform,SOTRA,yes,official
8773259656,5.4190137,-4.0110961,Collège Nouvel Horizon,bus_stop,platform,SOTRA,no,official
8773259657,5.3650525,-4.0148820,Carrefour 2pltx,bus_stop,platform,SOTRA,no,official
8773259658,5.4192017,-4.0110686,Collège Nouvel Horizon,bus_stop,platform,SOTRA,no,official
8773259659,5.4269279,-4.0139191,Eglise Universelle Abobo,bus_stop,platform,SOTRA,no,official
8773259660,5.4268411,-4.0138936,Eglise Universelle Abobo,bus_stop,platform,SOTRA,no,official
8773259661,5.4256863,-4.0120858,AGEPE Abobo,bus_stop,platform,SOTRA,no,official
8773259662,5.4254860,-4.0120026,AGEPE Abobo,bus_stop,platform,SOTRA,no,official
8773259663,5.3684240,-4.0073497,Pharmacie des Grâces,bus_stop,platform,SOTRA,yes,official
8778707405,5.3651554,-3.9271462,Superette El Shaddai,bus_stop,platform,SOTRA,no,official
8778707406,5.3612852,-3.9261375,Amsa Assurance,bus_stop,platform,SOTRA,no,official
8778707407,5.3322209,-3.9223599,Ecole Etimoe,bus_stop,platform,SOTRA,no,official
8778707408,5.3285577,-3.9220371,Carrefour Miami Beach,bus_stop,platform,SOTRA,no,official
8778707409,5.3264561,-3.9160580,Terminus Abatta Village,bus_stop,platform,SOTRA,no,official
8778707411,5.3279930,-3.9212933,Carrefour Miami Beach,bus_stop,platform,SOTRA,no,official
8778707412,5.3382263,-3.9231473,Oribat,bus_stop,platform,SOTRA,no,official
8778707413,5.3426149,-3.9219352,Mission Catholique,bus_stop,platform,SOTRA,no,official
8778707414,5.3506661,-3.9237099,Ecoforp,bus_stop,platform,SOTRA,no,official
8778707415,5.3705977,-3.9287399,Quincaillerie ASM,bus_stop,platform,SOTRA,no,official
8778794843,5.3450050,-4.0029867,Carrefour RTI,bus_stop,platform,SOTRA,no,official
8780645617,5.4560396,-3.9731884,Arrêt Djibi Village,bus_stop,platform,SOTRA,no,official
8780645618,5.4388735,-3.9863882,Cimetière Abobo Baoule,bus_stop,platform,SOTRA,no,official
8780729972,5.3369707,-4.0037672,Terminus 704 St-Jean,bus_stop,platform,SOTRA,no,official
8780729973,5.3421827,-4.0030540,Arrêt Nid de Cocody,bus_stop,platform,SOTRA,no,official
8780729974,5.3210250,-4.0156368,Versus Bank,bus_stop,platform,SOTRA,yes,official
8780729976,5.3168157,-4.0172259,Qualitex Plateau,bus_stop,platform,SOTRA,yes,official
8780764389,5.3517401,-4.0171176,220 Lgts Adjamé,bus_stop,platform,SOTRA,,official
8780764390,5.3444002,-4.0181154,Fraternité Matin,bus_stop,platform,SOTRA,yes,official
8780764391,5.3515372,-4.0169828,220 Lgts Adjamé,bus_stop,platform,SOTRA,,official
8785109178,5.4114860,-3.9945146,Arrêt Victor Lobad,bus_stop,platform,SOTRA,no,official
8785109179,5.4113779,-3.9943577,Arrêt Victor Lobad,bus_stop,platform,SOTRA,no,official
8785109180,5.4021694,-3.9613920,Pharmacie Analya,bus_stop,platform,SOTRA,no,official
8785109181,5.3960918,-3.9697713,Arrêt Programme 6,bus_stop,platform,SOTRA,no,official
8785109182,5.4054031,-3.9907354,Ecole Flamboyant,bus_stop,platform,SOTRA,no,official
8785109183,5.3930810,-3.9763400,Eglise El Bethel,bus_stop,platform,SOTRA,no,official
8785439641,5.3283437,-3.9437137,Faculté de Théologie Evangelique,bus_stop,platform,SOTRA,no,official
8785439642,5.3283228,-3.9489692,Pharmacie Mpouto,bus_stop,platform,,,
8785439643,5.3287741,-3.9507652,Mosquee Blanche,bus_stop,platform,,,
8785439644,5.3294008,-3.9528381,Lavage,bus_stop,platform,,,unofficial
8785439645,5.3309244,-3.9574842,Ancien Terminus M'pouto,bus_stop,platform,SOTRA,no,official
8785439646,5.3316686,-3.9624134,Sol Beni,bus_stop,platform,,,
8785439647,5.3316484,-3.9652693,Riviera Beach,bus_stop,platform,,,
8785439648,5.3317037,-3.9685708,Siege Orange,bus_stop,platform,,,
8785439649,5.3325855,-3.9815207,Carrefour Policier,bus_stop,platform,,no,official
8785439650,5.3363311,-3.9766240,Ambassade de Russie,bus_stop,platform,,,official
8785439651,5.3382321,-3.9775123,Mosquee du Golf,bus_stop,platform,,no,
8785439652,5.3370200,-3.9854843,Brigarde de Gendarmerie,bus_stop,platform,SOTRA,no,official
8785459385,5.3360028,-4.0031813,Eglise St-Jean,bus_stop,platform,,no,
8785459386,5.3355060,-3.9994776,PMI Cocody 1,bus_stop,platform,,no,official
8785459387,5.3350810,-3.9956871,Lycée Moderne Cocody,bus_stop,platform,SOTRA,no,official
8785459388,5.3375777,-3.9852342,Entrée Sud Universite FHB 1,bus_stop,platform,SOTRA,no,official
8785459389,5.3384364,-3.9772958,Mosquee du Golf 1,bus_stop,platform,,no,
8785459390,5.3362801,-3.9764992,Ambassade de Russie,bus_stop,platform,,,official
8785459391,5.3318170,-3.9687890,Siege Orange,bus_stop,platform,,,
8785459392,5.3317980,-3.9645200,Riviera Beach,bus_stop,platform,,,
8785459393,5.3315786,-3.9591733,Sol Beni,bus_stop,platform,,,
8785459394,5.3309479,-3.9572896,Ancien Terminus M'pouto,bus_stop,platform,SOTRA,no,official
8785459395,5.3300201,-3.9544236,Carrefour Assurance SAHAM,bus_stop,platform,,,unofficial
8785459396,5.3294602,-3.9527568,Lavage,bus_stop,platform,,,unofficial
8785459397,5.3289427,-3.9510032,Mosquee Blanche,bus_stop,platform,,,
8785459398,5.3284201,-3.9489408,Pharmacie Mpouto,bus_stop,platform,,,
8785459399,5.3284253,-3.9477434,Cité Filao,bus_stop,platform,SOTRA,no,official
8785459400,5.3284702,-3.9438535,Faculté de Théologie Evangelique,bus_stop,platform,SOTRA,no,official
8785622599,5.4119117,-3.9820207,Kairos,bus_stop,platform,,no,
8785622600,5.3832378,-3.9720490,Groupe Scolaire St Marc,bus_stop,platform,,,official
8785622601,5.3829586,-3.9690223,Groupe Scolaire les Petites Abeilles,bus_stop,platform,,,official
8785622602,5.3829904,-3.9680667,Carrefour Belle Cote,bus_stop,platform,,,official
8785622603,5.3807524,-3.9674159,Pharmacie Val de Grace,bus_stop,platform,,,official
8785622604,5.3794960,-3.9645614,Appolos Sport,bus_stop,platform,,,official
8785622605,5.3780985,-3.9635296,Arrêt 35e Arrondissement,bus_stop,platform,SOTRA,,official
8785622606,5.3768407,-3.9632034,Pharmacie St Marie Béatitude,bus_stop,platform,SOTRA,,official
8785622607,5.3717507,-3.9578936,Carrefour Guiraud,bus_stop,platform,SOTRA,,official
8785622608,5.3706020,-3.9581192,Lavage Coco Chicken,bus_stop,platform,SOTRA,,official
8785622609,5.3652556,-3.9601523,SODECI Palmeraie,bus_stop,platform,SOTRA,,official
8785622610,5.3636001,-3.9621915,Centre Hospitalier Palmeraie,bus_stop,platform,,,official
8785622611,5.3621950,-3.9660108,Abidjan Mail,bus_stop,platform,,,official
8785622612,5.3586861,-3.9649546,Orange Abidjan mall,bus_stop,platform,,,
8785676971,5.3652352,-3.9602340,SODECI Palmeraie,bus_stop,platform,SOTRA,,official
8785676972,5.3670591,-3.9601199,Coquivoire,bus_stop,platform,SOTRA,,official
8785676973,5.3690108,-3.9590812,Carrefour Marché,bus_stop,platform,SOTRA,,official
8785676974,5.3705625,-3.9582654,Studio Photo Jumeaux,bus_stop,platform,SOTRA,,official
8785676975,5.3719795,-3.9585145,Maibato Service,bus_stop,platform,SOTRA,,official
8785676976,5.3724037,-3.9593033,Cité Zinsou,bus_stop,platform,SOTRA,,official
8785676977,5.3728249,-3.9600479,Restaurant Da Carmen,bus_stop,platform,SOTRA,,official
8785676978,5.3734724,-3.9612827,Agence Moov,bus_stop,platform,SOTRA,,official
8785676979,5.3786666,-3.9638722,Station Total Rosiers,bus_stop,platform,SOTRA,,official
8785676980,5.3794442,-3.9643582,Appolos Sport,bus_stop,platform,,,official
8785676981,5.3789154,-3.9661415,Carrefour Figuier,bus_stop,platform,,,official
8785676983,5.3829916,-3.9706218,Marry Coffa,bus_stop,platform,,,
8785676984,5.3829104,-3.9688333,Supermarce Belle Cote,bus_stop,platform,,,official
8785676985,5.3851152,-3.9742084,Pharmacie Hermes,bus_stop,platform,,,official
8785676986,5.3887248,-3.9751656,CIE 8e Tranche Djibi,bus_stop,platform,,no,official
8785676987,5.3920890,-3.9760785,Résidence Hortensia,bus_stop,platform,,no,official
8785676988,5.4055371,-3.9907293,Bel Horizon,bus_stop,platform,,,official
8785676989,5.4116174,-3.9827691,Pressing Canaan,bus_stop,platform,,no,
8786435868,5.2608998,-3.9638402,Centre Pilote,bus_stop,platform,SOTRA,yes,official
8786435869,5.2548682,-3.9619902,Eglise Protestante,bus_stop,platform,SOTRA,yes,official
8786557997,5.2561034,-3.9957022,Arrêt SIR,bus_stop,platform,SOTRA,no,official
8786557998,5.2567552,-3.9773277,EPP Petit Bassam,bus_stop,platform,SOTRA,no,official
8786557999,5.2575144,-3.9975710,Vridi Iran,bus_stop,platform,SOTRA,no,official
8786558000,5.2571512,-3.9976287,Vridi Iran,bus_stop,platform,SOTRA,no,official
8788475985,5.3217335,-4.1034443,Terminus 212 Jatak,bus_stop,platform,SOTRA,,official
8788623532,5.2544619,-3.9641118,Marché de Nuit,bus_stop,platform,SOTRA,yes,official
8788924316,5.3051044,-4.0070359,Continental (Cartoucherie Treichville),bus_stop,platform,SOTRA,no,official
8789048417,5.3214969,-4.0159174,BCEAO,bus_stop,platform,SOTRA,no,official
8789262460,5.3509883,-4.0065420,Pharmacie Palm Club,bus_stop,platform,SOTRA,no,official
8789262461,5.3417854,-4.0149981,Nestle Cocody,bus_stop,platform,SOTRA,no,official
8789262683,5.3510953,-4.0067418,Pharmacie Palm Club,bus_stop,platform,SOTRA,no,official
8789680465,5.2941023,-3.9551277,Gare Koumassi,bus_stop,platform,SOTRA,yes,official
8789680466,5.2531608,-4.0047019,Terminus Vridi Canal,bus_stop,platform,SOTRA,no,official
8789680467,5.2683549,-4.0063445,Arrêt Chocodie,bus_stop,platform,SOTRA,no,official
8789680468,5.2687188,-4.0061735,Arrêt Chocodie,bus_stop,platform,SOTRA,no,official
8789680469,5.2590675,-4.0114541,Arrêt CIPREL,bus_stop,platform,SOTRA,no,official
8789680470,5.2650370,-4.0113522,Arrêt Touton,bus_stop,platform,SOTRA,no,official
8789680471,5.2608818,-4.0135972,Arrêt Corlay,bus_stop,platform,SOTRA,no,official
8789680472,5.2657541,-4.0088390,Arrêt Movis,bus_stop,platform,SOTRA,no,official
8790059024,5.2984944,-3.9482868,2e Entrée Sogefia,bus_stop,platform,SOTRA,no,official
8790203477,5.3634102,-4.0743010,Ecole D BAZ,bus_stop,platform,SOTRA,,official
8790203478,5.3618146,-4.0668941,Ivoire Couture,bus_stop,platform,SOTRA,,official
8790203479,5.3719410,-4.0856743,Ancien Terminus 20,bus_stop,platform,SOTRA,,official
8790203480,5.3636265,-4.0744069,Ecole D BAZ,bus_stop,platform,SOTRA,,official
8797619131,5.2927411,-3.9732764,Shell Blvd Gabon,bus_stop,platform,SOTRA,no,official
8797619132,5.2974657,-3.9818291,Quartier Hibiscus,bus_stop,platform,SOTRA,no,official
8797656638,5.2977727,-3.9821853,Quartier Hibiscus,bus_stop,platform,SOTRA,no,official
8797711936,5.3335041,-4.0041640,Hôtel de ville Cocody,bus_stop,platform,SOTRA,yes,official
8797837221,5.4018317,-3.9743765,Cite les Arcades,bus_stop,platform,,,official
8797837222,5.4019640,-3.9746424,Cite les Arcades,bus_stop,platform,,,official
8798214954,5.3606685,-3.8840462,Terminus Hopital Mere-Enfant,bus_stop,platform,,,
8804598032,5.3646413,-3.9481030,Rond Point Ancien Camp Akouedo,bus_stop,platform,SOTRA,no,official
8804863188,5.3299052,-3.9543346,Carrefour Assurance SAHAM,bus_stop,platform,,,unofficial
8804863189,5.3321519,-3.9576679,Carrefour UNICEF,bus_stop,platform,SOTRA,no,official
8804863190,5.3374391,-3.9534823,Carrefour AFFI,bus_stop,platform,SOTRA,no,official
8804863191,5.3466037,-3.9527334,Ecole Américaine,bus_stop,platform,SOTRA,,official
8804892036,5.3546064,-3.9597646,Station Corlay,bus_stop,platform,SOTRA,,official
8804892037,5.3468498,-3.9526355,Ecole Américaine,bus_stop,platform,SOTRA,,official
8804892038,5.3374638,-3.9532006,Carrefour AFFI,bus_stop,platform,SOTRA,no,official
8804892039,5.3323013,-3.9574755,Carrefour UNICEF,bus_stop,platform,SOTRA,no,official
8804892040,5.3319811,-3.9410971,Ambassade de Chine,bus_stop,platform,,,unofficial
8805016665,5.3342235,-4.0003927,PMI Cocody,bus_stop,platform,SOTRA,no,official
8805441392,5.3078767,-3.9889541,PTT Marcory,bus_stop,platform,SOTRA,,official
8807162727,5.3075920,-4.0407366,Cité Douane,bus_stop,platform,SOTRA,no,official
8807193249,5.3075343,-4.0405512,Cité Douane,bus_stop,platform,SOTRA,no,official
8807208605,5.3186413,-4.0803522,Terminus 42 SIDECI,bus_stop,platform,SOTRA,,official
8807218404,5.3186471,-4.0802864,Terminus 42 SIDECI,bus_stop,platform,SOTRA,,official
8807318336,5.3233866,-4.0629143,Arret Camp Militaire,bus_stop,platform,,no,official
8807318337,5.3314971,-4.1099958,Cite Verte,bus_stop,platform,,no,official
8808912283,5.3543653,-4.0874135,Ancienne Mosquée PB2,bus_stop,platform,SOTRA,,official
8808912284,5.3516251,-4.0874109,Pharmacie Gnimah PB2,bus_stop,platform,SOTRA,,official
8808912285,5.3464028,-4.0891758,Carrefour Niangon,bus_stop,platform,SOTRA,,official
8808912286,5.3412790,-4.0891480,Boulangerie CIE,bus_stop,platform,SOTRA,,official
8808912287,5.3395124,-4.0918257,Carrefour Obama,bus_stop,platform,SOTRA,,official
8808912713,5.3519680,-4.0875262,Pharmacie Gnimah PB2,bus_stop,platform,SOTRA,,official
8808962069,5.3291127,-4.0604717,Arrêt Sapeur Pompier,bus_stop,platform,SOTRA,,official
8809017705,5.3296265,-4.0597936,Arrêt Sapeur Pompier,bus_stop,platform,SOTRA,,official
8812556953,5.3767031,-3.9927511,Terminus 35 Gobelet,bus_stop,platform,SOTRA,no,official
8812569167,5.3767053,-3.9928302,Terminus 35 Gobelet,bus_stop,platform,SOTRA,no,official
8812622953,5.3585287,-4.0951469,Arrêt Annaneraie 2e,bus_stop,platform,SOTRA,yes,official
8812622954,5.3554968,-4.0817402,Lycée Professionnel,bus_stop,platform,SOTRA,,official
8812622955,5.3556938,-4.0759169,SIB Siporex,bus_stop,platform,SOTRA,,official
8812651184,5.3556505,-4.0753361,SIB Siporex,bus_stop,platform,SOTRA,,official
8812651185,5.3554263,-4.0806815,Lycée Professionnel,bus_stop,platform,SOTRA,,official
8812651186,5.3578316,-4.0935255,Collège Mamie Adjoua,bus_stop,platform,SOTRA,yes,official
8812651188,5.3658908,-4.0981117,Collège Roi David,bus_stop,platform,SOTRA,yes,official
8813012833,5.3082132,-4.0095927,Arret Texaco,bus_stop,platform,SOTRA,,official
8813012834,5.2838799,-3.9626306,Garage Sodeci Koumassi,bus_stop,platform,SOTRA,yes,official
8813012835,5.2875983,-3.9650734,Pharmacie St Auguste,bus_stop,platform,SOTRA,yes,official
8813170790,5.2868309,-3.9738859,SIGA Securité,bus_stop,platform,SOTRA,no,official
8813170791,5.2882323,-3.9764463,Jardin Gourmand,bus_stop,platform,SOTRA,no,official
8813170792,5.2903960,-3.9802834,SMO,bus_stop,platform,SOTRA,no,official
8813170793,5.2905224,-3.9824715,NSIA Banque,bus_stop,platform,SOTRA,no,official
8813195084,5.2852197,-3.9834866,Arrêt SACO,bus_stop,platform,SOTRA,no,official
8813195085,5.2879209,-3.9826728,Arrêt Mercedes,bus_stop,platform,SOTRA,no,official
8813195086,5.2902688,-3.9825865,NSIA Banque,bus_stop,platform,SOTRA,no,official
8813195087,5.2905635,-3.9803540,SMO,bus_stop,platform,SOTRA,no,official
8813195088,5.2884562,-3.9765707,Jardin Gourmand,bus_stop,platform,SOTRA,no,official
8813195089,5.2871137,-3.9741278,SIGA Securité,bus_stop,platform,SOTRA,no,official
8814315096,5.2519348,-3.9428952,DRB Port-Bouët,bus_stop,platform,SOTRA,yes,official
8814315097,5.2519528,-3.9428660,DRB Port-Bouët,bus_stop,platform,SOTRA,yes,official
8814367991,5.3163756,-4.0892087,Terminus 27 Niangon Sud à Gauche,bus_stop,platform,SOTRA,no,official
8814735536,5.2870127,-3.9688607,Hôpital General de Koumassi,bus_stop,platform,SOTRA,yes,official
8815578118,5.2867904,-4.0082931,Ecobank SOTRA,bus_stop,platform,,no,official
8815763925,5.3101034,-4.0150520,Terminus Marche Treichville,bus_stop,platform,,no,
8818987500,5.3008967,-3.9476685,Terminus Mesano,bus_stop,platform,SOTRA,,official
8819212895,5.3503972,-3.9761745,SIB Anono,bus_stop,platform,SOTRA,no,official
8819212896,5.3367394,-3.9762862,Notre Dame de la Tendresse,bus_stop,platform,SOTRA,,official
8819212897,5.3329697,-3.9804513,Riviera Golf,bus_stop,platform,SOTRA,no,official
8819250160,5.3501846,-3.9762593,SIB Anono,bus_stop,platform,SOTRA,no,official
8821232097,5.3586133,-3.9783866,Doraville,bus_stop,platform,,no,official
8821232098,5.3606830,-3.9786986,Clim Auto,bus_stop,platform,,no,official
8821232099,5.3643888,-3.9792276,Jules Ferry,bus_stop,platform,,,official
8821232100,5.3676902,-3.9797179,Mini Pressing,bus_stop,platform,,,official
8821232101,5.3712222,-3.9821371,SARITEL,bus_stop,platform,,,
8821232102,5.3744897,-3.9851775,Pharmacie Dunia,bus_stop,platform,,,
8821232103,5.3775865,-3.9864625,SODECI,bus_stop,platform,,,
8821232104,5.3777234,-3.9875915,AIMAS,bus_stop,platform,,,
8821232105,5.3827761,-3.9878510,Business School,bus_stop,platform,,no,
8821232106,5.3843706,-3.9876579,Pharmacie 7 Lys,bus_stop,platform,,no,
8821232107,5.3875027,-3.9872702,CI telecom,bus_stop,platform,,,
8821232108,5.3903458,-3.9869397,COOPEC 7e tranche,bus_stop,platform,,,
8821232109,5.3940145,-3.9864934,Carrefour Bluetooth,bus_stop,platform,,,
8821232110,5.3953607,-3.9863135,Residence Rose Hermine,bus_stop,platform,,,
8821232111,5.3998312,-3.9857644,Nescafe Boutique,bus_stop,platform,,,
8821263508,5.3554528,-3.9775846,André Malraux,bus_stop,platform,,,official
8821263509,5.3572290,-3.9780885,Pharmacie St Ange,bus_stop,platform,,,official
8821263511,5.3675114,-3.9796306,Pharmacie St Bernard,bus_stop,platform,,,official
8821263512,5.3696651,-3.9807395,Paroisse St Bernard,bus_stop,platform,,,
8821263513,5.3713461,-3.9821313,SARITEL,bus_stop,platform,,,
8821263514,5.3734742,-3.9841443,Commissariat 30e Arrondissement,bus_stop,platform,,,
8821263515,5.3742782,-3.9848796,Pharmacie Dunia,bus_stop,platform,,,
8821263516,5.3766376,-3.9855449,Résidences Odelia,bus_stop,platform,,,
8821296317,5.3776944,-3.9863148,SODECI,bus_stop,platform,,,
8821296318,5.3799586,-3.9880650,ESIT,bus_stop,platform,,no,
8821296319,5.3825123,-3.9877339,JHPIEGO,bus_stop,platform,,no,
8821296320,5.3850260,-3.9874414,Station Shell 7e Tranche,bus_stop,platform,,no,
8821296321,5.3882565,-3.9870428,Noces de Canaan,bus_stop,platform,,,
8821296322,5.3914551,-3.9866490,Conseil National de la Presse,bus_stop,platform,,,
8821296323,5.3925511,-3.9865783,DGI,bus_stop,platform,,,
8821296324,5.3942999,-3.9863517,Carrefour Bluetooth,bus_stop,platform,,,
8821296325,5.3993097,-3.9856944,All for Good,bus_stop,platform,,,
8821319228,5.3799695,-3.9953012,Station Total Aghien,bus_stop,platform,,yes,official
8821319229,5.3768545,-3.9980310,CESAM,bus_stop,platform,,,official
8821319230,5.3913333,-3.9924467,Ancienne Ambassade de Chine,bus_stop,platform,,no,
8821319231,5.3972000,-3.9917144,SIB Angre,bus_stop,platform,,yes,official
8821319232,5.3594232,-3.9992447,VIPnet,bus_stop,platform,,yes,official
8822337056,5.3988195,-4.0861926,Terminus Cité ADO,bus_stop,platform,SOTRA,,official
8822337057,5.3988329,-4.0863830,Terminus Cité ADO,bus_stop,platform,SOTRA,,official
8863568319,5.2623915,-3.9825158,Pharmacie Vridi SIR,bus_stop,platform,,,unofficial
8866958390,5.4380773,-4.0384481,Anokoi Kouté,bus_stop,platform,,no,unofficial
8866958391,5.4230311,-4.0188673,Pharmacie la Mé,bus_stop,platform,,no,unofficial
9229594145,5.3632120,-4.0332482,Garage,bus_stop,platform,,,unofficial
9229594147,5.3459157,-4.0999538,Ferrari,bus_stop,platform,,,unofficial
9229594148,5.3434904,-4.0892456,Patisserie Flora Port-Bouet 2,bus_stop,platform,,,unofficial
9229594149,5.3477091,-4.0874806,Pharmacie Port-Bouët 2,bus_stop,platform,,,unofficial
9229594150,5.3556421,-4.0850771,Carrefour Zone,bus_stop,platform,,,unofficial
9229653483,5.3781576,-4.0849681,Industrap,bus_stop,platform,,,unofficial
9229653484,5.3819242,-4.0916743,Boutique,bus_stop,platform,,,unofficial
9229653485,5.3826880,-4.0931924,2 Poteaux,bus_stop,platform,,,unofficial
9229653486,5.3832366,-4.0943384,Micao,bus_stop,platform,,,unofficial
9229653487,5.3565423,-4.0734252,Gare Siporex,bus_stop,platform,,,unofficial
9229653488,5.3564856,-4.0734373,Gare Siporex,bus_stop,platform,,,unofficial
9229653494,5.3831995,-4.0943824,Micao,bus_stop,platform,,,unofficial
9237456490,5.4461122,-4.0220187,Arrêt,bus_stop,platform,,no,unofficial
9237456491,5.4463131,-4.0223727,Sainte Foi,bus_stop,platform,,no,unofficial
9237456492,5.4479599,-4.0224220,Au carrefour,bus_stop,platform,,no,unofficial
9237456493,5.4533828,-4.0252816,Arret,bus_stop,platform,,no,unofficial
9237456494,5.4540998,-4.0264510,BC (Belle Cité) en bas,bus_stop,platform,,no,unofficial
9237456495,5.4541578,-4.0264021,BC (Belle Cité) en bas,bus_stop,platform,,no,unofficial
9237456496,5.4462591,-4.0206813,BC (Belle Cité),bus_stop,platform,,no,unofficial
9237613500,5.4397314,-4.0244890,Marché,bus_stop,platform,,no,unofficial
9237613501,5.4383114,-4.0140956,Carrefour Akéikoi,bus_stop,platform,,no,unofficial
9237613503,5.4398057,-4.0244098,Marché,bus_stop,platform,,no,unofficial
9237613504,5.4272971,-4.0198204,Abobo Gendarmerie,bus_stop,platform,,no,unofficial
9237613505,5.4274164,-4.0165487,Ecole Konaté Freinet,bus_stop,platform,,no,unofficial
9237613506,5.4274626,-4.0151186,Au Lycée,bus_stop,platform,,no,unofficial
9238976231,5.4461998,-4.0206646,Terminus BC/ Pharmacie Belle Cité,bus_stop,platform,,no,unofficial
9239014075,5.4204307,-4.0169282,Abobo Gare Mairie,bus_stop,platform,,no,unofficial
9239014076,5.4155915,-4.0034649,Cocotiers,bus_stop,platform,,no,unofficial
9239014077,5.4148219,-3.9957983,Carrefour Angré,bus_stop,platform,,no,unofficial
9239014079,5.4151854,-3.9978442,Troisième panneau,bus_stop,platform,,no,unofficial
9239014080,5.4155233,-4.0039546,Cocotiers,bus_stop,platform,,no,unofficial
9250076881,5.3860791,-4.0769815,Cimaf,bus_stop,platform,,no,unofficial
9250076882,5.4034914,-4.0836810,Astra,bus_stop,platform,,no,unofficial
9250076884,5.4613742,-4.0539225,Ancienne Gendarmerie,bus_stop,platform,,no,unofficial
9250076885,5.4563300,-4.0543898,Unicafé,bus_stop,platform,,no,unofficial
9250076888,5.3549052,-4.0185814,Adjamé Texaco,bus_stop,platform,,,unofficial
9250161448,5.3431955,-4.1081833,Carrefour Gravier,bus_stop,platform,,,unofficial
9250161449,5.3405428,-4.1096671,Yopougon Gare marché Bagnon,bus_stop,platform,,,unofficial
9250161450,5.3405910,-4.1097634,Yopougon Gare marché Bagnon,bus_stop,platform,,,unofficial
9250161451,5.3430859,-4.1083314,Carrefour Gravier,bus_stop,platform,,,unofficial
9250161452,5.3497748,-4.1046307,Sacko,bus_stop,platform,,,unofficial
9271804739,5.3016372,-4.0031856,Clinique la Rosette,bus_stop,platform,,,unofficial
9271804742,5.3532183,-4.0145628,Adjamé Liberté,bus_stop,platform,,,unofficial
9271876730,5.2896889,-3.9709058,Grand Carrefour Koumassi,bus_stop,platform,,,unofficial
9271876733,5.2923459,-3.9751711,SICOMEX Marcory,bus_stop,platform,,,unofficial
9271876734,5.2942029,-3.9785587,Pharmacie Elite,bus_stop,platform,,,unofficial
9271876735,5.2954809,-3.9810536,Echangeur Marcory,bus_stop,platform,,,unofficial
9271876736,5.2984899,-4.0016070,Grand Carrefour de Treichville,bus_stop,platform,,,unofficial
9272827000,5.3594178,-4.0450294,Abeille beton,bus_stop,platform,,,unofficial
9272827001,5.4425052,-4.0693987,Carrefou N'dotré,bus_stop,platform,,no,unofficial
9272827002,5.4266145,-4.0707981,Bangui,bus_stop,platform,,no,unofficial
9275332375,5.3364125,-4.0549744,Pharmacie Sacre Cœur,bus_stop,platform,,,unofficial
9275332376,5.3307815,-4.0512420,Auchan,bus_stop,platform,,,unofficial
9275332378,5.3273658,-4.0505741,19 ème,bus_stop,platform,,,unofficial
9275332379,5.3266154,-4.0536828,Mairie Annexe,bus_stop,platform,,,unofficial
9275549234,5.3741907,-4.0898377,Sonaco,bus_stop,platform,,,unofficial
9275549235,5.3768158,-4.0947139,Carrefour Gargill,bus_stop,platform,,,unofficial
9275549236,5.3802506,-4.0943364,Gare Yopougon Micao,bus_stop,platform,,,unofficial
9275549237,5.3803086,-4.0943035,Gare Yopougon Micao,bus_stop,platform,,,unofficial
9275549238,5.3797839,-4.0934989,A la boutique,bus_stop,platform,,,unofficial
9275549239,5.3778933,-4.0944739,Commissariat du 38ème,bus_stop,platform,,,unofficial
9275549240,5.3730158,-4.0963810,Au Marché,bus_stop,platform,,,unofficial
9275549241,5.3687217,-4.0894273,Acipac,bus_stop,platform,,,unofficial
9289149081,5.3299724,-4.1044398,Lubafrique,bus_stop,platform,,,unofficial
9289149082,5.3303758,-4.1054054,Au marché,bus_stop,platform,,,unofficial
9289149083,5.3314650,-4.1096263,Collège Sebaco,bus_stop,platform,,,unofficial
9289149084,5.3320636,-4.1123995,Cité Verte,bus_stop,platform,,,unofficial
9289149086,5.3320776,-4.1123498,Cité Verte,bus_stop,platform,,,unofficial
9289149087,5.3305126,-4.1055013,Au marché,bus_stop,platform,,,unofficial
9289149088,5.3300642,-4.1044031,Lubafrique,bus_stop,platform,,,unofficial
9289193509,5.3684560,-3.9986980,Gare 2 Plateaux Mobil,bus_stop,platform,,no,unofficial
9289193510,5.3616855,-3.9900953,2 Plateaux Vallon,bus_stop,platform,,no,unofficial
9289193512,5.3684102,-3.9986980,Gare 2 Plateaux Mobil,bus_stop,platform,,no,unofficial
9289210040,5.3691249,-3.9984199,2 Plateaux Mobil,bus_stop,platform,,no,unofficial
9289210041,5.3833175,-3.9736229,Immeuble CGK,bus_stop,platform,,no,unofficial
9289210042,5.3834277,-3.9737644,Immeuble CGK,bus_stop,platform,,no,unofficial
9289220169,5.3779360,-3.9972988,Carrefour Duncan,bus_stop,platform,,no,unofficial
9289220170,5.3806138,-3.9946481,Las Palmas,bus_stop,platform,,no,unofficial
9289220171,5.3945176,-3.9920269,Les Oscars,bus_stop,platform,,no,unofficial
9289220172,5.3999250,-4.0014066,Sainte Monique,bus_stop,platform,,no,unofficial
9289220173,5.3990064,-3.9942223,Carrefour rue des bars,bus_stop,platform,,no,unofficial
9289258034,5.3682514,-3.9983220,2 Plateaux Mobil,bus_stop,platform,,no,unofficial
9289258035,5.3884065,-3.9927967,Ancien SONATT,bus_stop,platform,,no,unofficial
9289258036,5.4014264,-3.9912288,Carrefour Adama Sanogo,bus_stop,platform,,no,unofficial
9289258038,5.4058638,-3.9842740,Au portail,bus_stop,platform,,no,unofficial
9289258039,5.4129493,-3.9805886,Sococé,bus_stop,platform,,,unofficial
9289258040,5.4106075,-3.9840581,Eva Mama,bus_stop,platform,,,unofficial
9289258041,5.4086675,-3.9869294,Pharmacie des Allées,bus_stop,platform,,no,unofficial
9289276507,5.3878364,-3.9874376,Puissance 6,bus_stop,platform,,,unofficial
9289796141,5.4313292,-3.9889422,Belle-Ville,bus_stop,platform,,no,unofficial
9289796142,5.4052988,-3.9902421,Angré Petro Ivoire,bus_stop,platform,,no,unofficial
9289796144,5.4050499,-3.9907320,Angré Petro Ivoire,bus_stop,platform,,no,unofficial
9289796145,5.4082559,-3.9922603,Carrefour Batim,bus_stop,platform,,no,unofficial
9289819787,5.4052423,-4.0063781,Pharmacie Dokui,bus_stop,platform,,no,unofficial
9289819790,5.3951460,-4.0061875,A l'école,bus_stop,platform,,no,unofficial
9290026347,5.3987835,-4.0064672,Carrefour Policier,bus_stop,platform,,no,unofficial
9290026348,5.3954135,-4.0061273,A l'Ecole,bus_stop,platform,,no,unofficial
9290026349,5.3895119,-4.0052082,Eglise,bus_stop,platform,,no,unofficial
9290026350,5.3786637,-4.0068226,ZOO,bus_stop,platform,,no,unofficial
9290026351,5.3764466,-4.0092708,CIE,bus_stop,platform,,no,unofficial
9290026352,5.3736974,-4.0112147,Nouveau Pont,bus_stop,platform,,no,unofficial
9290026353,5.3560755,-4.0160462,Lavage,bus_stop,platform,,no,unofficial
9291194738,5.4059232,-4.0063801,Station SHELL,bus_stop,platform,,no,unofficial
9291194739,5.3567166,-4.0159320,Institut Carine'N,bus_stop,platform,,no,unofficial
9291194740,5.3907905,-4.0056237,MTN,bus_stop,platform,,no,unofficial
9291194741,5.4218812,-4.0165195,Abobo Gare Mairie,bus_stop,platform,,no,unofficial
9293117896,5.4191189,-4.0172960,Abobo Gare Mairie,bus_stop,platform,,,unofficial
9293117898,5.4068090,-4.0164658,Plaque Anador,bus_stop,platform,,,unofficial
9293117899,5.4042096,-4.0177828,Coco Service,bus_stop,platform,,,unofficial
9293428944,5.3721185,-4.0860611,Ivograin,bus_stop,platform,,,unofficial
9293428945,5.3794020,-4.0963662,Superette Bon Prix,bus_stop,platform,,,unofficial
9293428946,5.3807559,-4.0986601,A l'entenne,bus_stop,platform,,,unofficial
9293428947,5.3805209,-4.1022885,A l'école,bus_stop,platform,,,unofficial
9293428948,5.3802272,-4.1047856,Yopougon Mênekré,bus_stop,platform,,,unofficial
9293428949,5.3801881,-4.1038110,Boulangerie,bus_stop,platform,,,unofficial
9293428950,5.3802643,-4.1047823,Yopougon Mênekré,bus_stop,platform,,,unofficial
9293428951,5.3802212,-4.1037337,Boulangerie,bus_stop,platform,,,unofficial
9293428952,5.3809589,-4.1018553,Menuiserie,bus_stop,platform,,,unofficial
9293428953,5.3803641,-4.1025124,A l'école,bus_stop,platform,,,unofficial
9293428954,5.3813427,-4.0996680,Au Terrain,bus_stop,platform,,,unofficial
9293428963,5.3809115,-4.0988878,Escalier,bus_stop,platform,,,unofficial
9293428964,5.3801311,-4.0974800,Carreaux Cassé,bus_stop,platform,,,unofficial
9293428965,5.3794227,-4.0963186,Superette Bon Prix,bus_stop,platform,,,unofficial
9293428966,5.3786557,-4.0958036,Conteneur,bus_stop,platform,,,unofficial
9293428967,5.3778452,-4.0961771,Micao - Fin goudron,bus_stop,platform,,,unofficial
9293675332,5.4434414,-4.0696983,Gare N'dotré,bus_stop,platform,,no,unofficial
9293675334,5.4434474,-4.0696554,Gare N'dotré,bus_stop,platform,,no,unofficial
9293675336,5.4406205,-4.0688494,Carrefour Marché,bus_stop,platform,,no,unofficial
9293675337,5.4030893,-4.0837826,Bel Air,bus_stop,platform,,no,unofficial
9293711889,5.3553734,-3.9671368,Cap Nord,bus_stop,platform,,,unofficial
9293711890,5.3573228,-3.9641105,9 Kilo,bus_stop,platform,,,unofficial
9293711892,5.3492806,-3.9539355,Mosquée de la Riviera 3,bus_stop,platform,,,unofficial
9293711894,5.3492325,-3.9540254,Mosquée de la Riviera 3,bus_stop,platform,,,unofficial
9294738196,5.4443666,-4.0485504,Agripac,bus_stop,platform,,no,unofficial
9294738197,5.4124086,-4.0159907,Banco,bus_stop,platform,,no,unofficial
9294738200,5.4001146,-4.0201378,Express,bus_stop,platform,,,unofficial
9294738201,5.3882263,-4.0207359,Université Première Porte,bus_stop,platform,,no,unofficial
9294738203,5.3640464,-4.0292100,Après le Pont,bus_stop,platform,,no,unofficial
9294738206,5.3640845,-4.0294933,Après le Pont,bus_stop,platform,,no,unofficial
9294738207,5.3667135,-4.0295014,Garage en Haut,bus_stop,platform,,,unofficial
9294738208,5.4019865,-4.0194753,Garage Machine,bus_stop,platform,,,unofficial
9294738209,5.4115548,-4.0161970,Banco,bus_stop,platform,,no,unofficial
9294738210,5.4194153,-4.0176085,Saint Joseph,bus_stop,platform,,,unofficial
9295537576,5.4267183,-4.0207453,Gendarmerie,bus_stop,platform,,no,unofficial
9295677644,5.4208393,-4.0143541,Centre d'action Culturelle d'abobo,bus_stop,platform,,no,unofficial
9295677645,5.4191493,-3.9908842,Wottro Gare,bus_stop,platform,,no,unofficial
9295677646,5.4273938,-3.9896277,Arrêt,bus_stop,platform,,no,unofficial
9295677647,5.4566610,-3.9729282,Paris Village,bus_stop,platform,,no,unofficial
9295677648,5.4805695,-3.9683953,Arrêt,bus_stop,platform,,no,unofficial
9295677649,5.4797839,-3.9829959,Quatre Croix,bus_stop,platform,,no,unofficial
9295677650,5.4799074,-3.9830033,Quatre Croix,bus_stop,platform,,no,unofficial
9295677651,5.4798847,-3.9824568,Arrët,bus_stop,platform,,no,unofficial
9295677652,5.4833770,-3.9809346,Arrêt,bus_stop,platform,,no,unofficial
9295677653,5.4866303,-3.9763735,Arrêt,bus_stop,platform,,no,unofficial
9295677654,5.4817844,-3.9712626,Arrêt,bus_stop,platform,,no,unofficial
9295677655,5.4566423,-3.9728250,Paris Village,bus_stop,platform,,no,unofficial
9295677656,5.4458271,-3.9779495,Au portail,bus_stop,platform,,no,unofficial
9295677657,5.4208826,-4.0143865,Centre d'action Culturelle d'abobo,bus_stop,platform,,no,unofficial
9295712853,5.3558667,-3.8819651,Escalier,bus_stop,platform,,,unofficial
9295712854,5.3510721,-3.8750854,Bon Prix,bus_stop,platform,,,unofficial
9295712855,5.3221434,-3.8706516,Manguier,bus_stop,platform,,,unofficial
9295712856,5.3266855,-3.8786399,Anan,bus_stop,platform,,,unofficial
9295712857,5.3265760,-3.8783824,Anan,bus_stop,platform,,,unofficial
9295712858,5.3230414,-3.8717727,Carrefour Logement,bus_stop,platform,,,unofficial
9295712859,5.3222088,-3.8707307,Manguier,bus_stop,platform,,,unofficial
9295712860,5.3266254,-3.8678527,Carrefour Fromager,bus_stop,platform,,,unofficial
9295712861,5.3294489,-3.8661616,Django,bus_stop,platform,,,unofficial
9295712862,5.3350879,-3.8623421,Après le pont,bus_stop,platform,,,unofficial
9295712866,5.3558487,-3.8819101,Escalier,bus_stop,platform,,,unofficial
9295724420,5.4435082,-4.0665172,Carrefour Koné,bus_stop,platform,,no,unofficial
9295724421,5.4436157,-4.0639295,Bleu Blanc,bus_stop,platform,,no,unofficial
9295724422,5.4440983,-4.0494114,Agripac,bus_stop,platform,,no,unofficial
9295791924,5.3438507,-3.8848156,Marché Berlin,bus_stop,platform,,,unofficial
9295791925,5.3324974,-3.8893975,Marchoux,bus_stop,platform,,,unofficial
9295791926,5.3325375,-3.8894404,Marchoux,bus_stop,platform,,,unofficial
9295791928,5.3345832,-3.8869457,Jumeaux,bus_stop,platform,,,unofficial
9295791929,5.3357502,-3.8858610,Carrefour Ecole,bus_stop,platform,,,unofficial
9295830190,5.4239059,-4.0499680,Anonkoi Sodeci,bus_stop,platform,,no,unofficial
9295830191,5.4238779,-4.0500189,Anonkoi Sodeci,bus_stop,platform,,no,unofficial
9295830192,5.4255454,-4.0511515,Deuxième,bus_stop,platform,,no,unofficial
9295830193,5.4273358,-4.0523364,Pasteur,bus_stop,platform,,no,unofficial
9295830194,5.4284339,-4.0528017,Onuci,bus_stop,platform,,no,unofficial
9295830195,5.4284152,-4.0526341,Onuci,bus_stop,platform,,no,unofficial
9295830196,5.4293958,-4.0510958,,bus_stop,platform,,no,unofficial
9295830197,5.4321861,-4.0483526,Scierie,bus_stop,platform,,no,unofficial
9295830198,5.4372134,-4.0459641,Marché,bus_stop,platform,,no,unofficial
9295830199,5.4376573,-4.0448094,Gare Anokoi,bus_stop,platform,,no,unofficial
9295830200,5.4377394,-4.0449429,Gare Anokoi,bus_stop,platform,,no,unofficial
9295913588,5.3511780,-3.8719712,Pharmacie St André - Marché,bus_stop,platform,,,unofficial
9295913589,5.3472654,-3.8475038,Nouvelle Ecole,bus_stop,platform,,,unofficial
9295913590,5.3460996,-3.8355428,2 panneaux,bus_stop,platform,,,unofficial
9295913592,5.3460933,-3.8355934,2 panneaux,bus_stop,platform,,,unofficial
9295913593,5.3463353,-3.8383823,Baside,bus_stop,platform,,,unofficial
9295913594,5.3469252,-3.8453278,Cefal,bus_stop,platform,,,unofficial
9295913595,5.3471590,-3.8477537,Nouvelle Ecole,bus_stop,platform,,,unofficial
9295913596,5.3473079,-3.8494693,Panneau Orange,bus_stop,platform,,,unofficial
9295913597,5.3476909,-3.8524763,Haute tension,bus_stop,platform,,,unofficial
9295913598,5.3478781,-3.8543770,Maison Blanche,bus_stop,platform,,,unofficial
9295913599,5.3484665,-3.8590730,Ital,bus_stop,platform,,,unofficial
9296225023,5.3789013,-3.9669496,Carrefour Figuier,bus_stop,platform,,,unofficial
9296225024,5.3831438,-3.9682104,Carrefour Belle Côte,bus_stop,platform,,no,unofficial
9296225025,5.3872757,-3.9691436,Hôtel Belle Côte,bus_stop,platform,,,unofficial
9296225027,5.3872937,-3.9690772,Hôtel Belle Côte,bus_stop,platform,,,unofficial
9296225028,5.3750813,-3.9657600,La Poubelle,bus_stop,platform,,,unofficial
9296285892,5.3647995,-3.9601367,Rond-Point de la Palmeraie,bus_stop,platform,,,unofficial
9296285893,5.3960751,-3.9568568,Sococé,bus_stop,platform,,,
9296285894,5.3788884,-3.9588654,1ère barrière Programme 4,bus_stop,platform,,,
9296302621,5.3960494,-4.0210972,Château,bus_stop,platform,,no,unofficial
9296302623,5.4246379,-4.0194297,Marché de Poulet,bus_stop,platform,,no,unofficial
9296302624,5.4564456,-4.0545580,Unicafé,bus_stop,platform,,no,unofficial
9296302625,5.4807629,-4.0530484,Gare d'Anyama,bus_stop,platform,,no,unofficial
9296302626,5.4949124,-4.0517113,La Poste,bus_stop,platform,,no,unofficial
9296302627,5.4927755,-4.0515818,Escalier,bus_stop,platform,,no,unofficial
9296302628,5.4889439,-4.0515027,Carrefour Poteaux,bus_stop,platform,,no,unofficial
9296302629,5.4826038,-4.0512887,Carrefour Cissé,bus_stop,platform,,no,unofficial
9296302630,5.4806474,-4.0524586,Deuxième Porte,bus_stop,platform,,,unofficial
9296302631,5.4722806,-4.0540215,Morgue,bus_stop,platform,,,unofficial
9296302632,5.4552123,-4.0544761,Koffi Jean,bus_stop,platform,,,unofficial
9296302633,5.3570260,-4.0261667,Mirador,bus_stop,platform,,,unofficial
9296587950,5.4147275,-4.0278502,Céleste,bus_stop,platform,,no,unofficial
9296587951,5.4150452,-4.0319409,1ère Boutique,bus_stop,platform,,no,unofficial
9296587952,5.4148167,-4.0279452,Carrefour Kiosque,bus_stop,platform,,no,unofficial
9296587953,5.4145999,-4.0235496,Pharmacie,bus_stop,platform,,no,unofficial
9297351452,5.4200997,-4.0240081,21ème Arrondissement,bus_stop,platform,,no,unofficial
9297351453,5.4244356,-4.0239055,Pharmacie Divine Esperance,bus_stop,platform,,no,unofficial
9297351454,5.4116132,-4.0194691,Banco,bus_stop,platform,,no,unofficial
9297351455,5.4201667,-4.0238987,21ème Arrondissement,bus_stop,platform,,no,unofficial
9297351456,5.4223993,-4.0238788,Deuxième,bus_stop,platform,,no,unofficial
9297351457,5.4243735,-4.0238222,Pharmacie Divine Esperance,bus_stop,platform,,no,unofficial
9297351458,5.4286952,-4.0241866,Arrêt,bus_stop,platform,,no,unofficial
9297351459,5.4320702,-4.0274745,Boulangerie Solibra,bus_stop,platform,,no,unofficial
9297351460,5.4294941,-4.0302194,Bangui,bus_stop,platform,,no,unofficial
9297351461,5.4278945,-4.0315125,Bocabo,bus_stop,platform,,no,unofficial
9297351462,5.4278393,-4.0314933,Bocabo,bus_stop,platform,,no,unofficial
9297674845,5.4208970,-4.0145145,Centre d'action Culturelle d'abobo,bus_stop,platform,,no,unofficial
9297674846,5.4252078,-3.9900170,Carrefour Power,bus_stop,platform,,no,unofficial
9297674847,5.4387284,-3.9865060,Carrefour Cimetière,bus_stop,platform,,no,unofficial
9297674848,5.4426472,-3.9818112,Carrefour Garage,bus_stop,platform,,no,unofficial
9297674849,5.4433172,-3.9809098,Au Kiosque,bus_stop,platform,,no,unofficial
9297674850,5.4564641,-3.9729974,Paris Village,bus_stop,platform,,no,unofficial
9297674851,5.4564193,-3.9729086,Paris Village,bus_stop,platform,,no,unofficial
9297674852,5.4536855,-3.9738926,Carrefour Soro,bus_stop,platform,,no,unofficial
9297674854,5.4425378,-3.9817773,Carrefour Garage,bus_stop,platform,,no,unofficial
9297674855,5.4208387,-4.0145391,Centre d'action Culturelle d'abobo,bus_stop,platform,,no,unofficial
9297833144,5.4125091,-3.9952838,Hôpital d'Aboboté,bus_stop,platform,,,unofficial
9297852824,5.4295269,-4.0099832,Carrefour Agbekoi,bus_stop,platform,,no,unofficial
9297852825,5.4295421,-4.0088272,Carrefour Séraphin,bus_stop,platform,,no,unofficial
9297852826,5.4277343,-4.0068833,Gare Agbekoi,bus_stop,platform,,no,unofficial
9297852827,5.4277461,-4.0069330,Gare Agbekoi,bus_stop,platform,,no,unofficial
9297852828,5.4295285,-4.0071149,Carrefour Eglise,bus_stop,platform,,no,unofficial
9297852829,5.4295394,-4.0075297,Carrefour Deux Boutiques Collé,bus_stop,platform,,no,unofficial
9297852830,5.4295186,-4.0080174,Petit Carrefour,bus_stop,platform,,no,unofficial
9297852831,5.4294720,-4.0094219,2e Boutique,bus_stop,platform,,no,unofficial
9297852832,5.4294060,-4.0108270,A la Boutique,bus_stop,platform,,no,unofficial
9297852833,5.4281100,-4.0113204,Arrêt,bus_stop,platform,,no,unofficial
9297894624,5.4085146,-4.0063309,Carrefour Mauritanien,bus_stop,platform,,no,unofficial
9297894625,5.4017317,-4.0065766,SGBCI,bus_stop,platform,,no,unofficial
9297894626,5.4084863,-4.0064243,Carrefour Mauritanien,bus_stop,platform,,no,unofficial
9297894627,5.4125487,-4.0063786,Sodepalm,bus_stop,platform,,no,unofficial
9299955047,5.4042216,-4.0180409,Coco Service,bus_stop,platform,,,unofficial
9299955048,5.4498499,-4.0524300,PK 18 ancien marché,bus_stop,platform,,no,unofficial
9299955049,5.4405733,-4.0464658,Ancien Garage,bus_stop,platform,,no,unofficial
9299955050,5.4385219,-4.0398065,Au Feu,bus_stop,platform,,no,unofficial
9299955051,5.4177531,-4.0168384,A l'Arrêt,bus_stop,platform,,,unofficial
9300351932,5.2557513,-3.9970077,Vridi Canal,bus_stop,platform,,,unofficial
9300351935,5.2652707,-4.0005134,Guichet Unique Automobile,bus_stop,platform,,,unofficial
9300351936,5.2668764,-4.0022430,Sania,bus_stop,platform,,,unofficial
9300351937,5.2678722,-4.0034062,SIMAT,bus_stop,platform,,,unofficial
9300351938,5.2770172,-4.0085426,Feu de Comafrique,bus_stop,platform,,,unofficial
9300351940,5.2897129,-4.0083911,Arrêt,bus_stop,platform,,no,unofficial
9300351946,5.2954764,-4.0048392,CHU de Treicvhille,bus_stop,platform,,no,unofficial
9300351947,5.2964610,-4.0062366,Palais,bus_stop,platform,,no,unofficial
9300351948,5.2987556,-4.0110302,Deuxième Station,bus_stop,platform,,no,unofficial
9300351949,5.3013615,-4.0137082,Sitarail,bus_stop,platform,,no,unofficial
9300351950,5.3045406,-4.0148271,ITS,bus_stop,platform,,no,unofficial
9300351951,5.3080055,-4.0160502,Cité Policière,bus_stop,platform,,no,unofficial
9300351952,5.3099737,-4.0128037,Mairie de Treichville,bus_stop,platform,,no,unofficial
9300351953,5.3105408,-4.0111688,A la Station,bus_stop,platform,,no,unofficial
9300351954,5.3219679,-4.0127256,Djekanou,bus_stop,platform,,no,unofficial
9300351955,5.4446035,-4.0484077,Agripac,bus_stop,platform,,no,unofficial
9300351956,5.4254904,-4.0196841,Abobo Gendarmerie,bus_stop,platform,,no,unofficial
9300351957,5.3661572,-4.0292178,Garage en Haut,bus_stop,platform,,,unofficial
9300351958,5.3110286,-4.0112299,CIE,bus_stop,platform,,,unofficial
9300351959,5.3087232,-4.0179108,Dispensaire du Pont FHB,bus_stop,platform,,,unofficial
9300351960,5.3051301,-4.0227205,Direction Generale du Port,bus_stop,platform,,,unofficial
9300351961,5.3000915,-4.0168025,Au Feu,bus_stop,platform,,,unofficial
9300351962,5.2938378,-4.0085003,Arrêt,bus_stop,platform,,,unofficial
9300351963,5.2865831,-4.0083152,Siège SOTRA,bus_stop,platform,,,unofficial
9300351965,5.2680204,-4.0033705,SIMAT,bus_stop,platform,,,unofficial
9300351966,5.2670072,-4.0023053,Sania,bus_stop,platform,,,unofficial
9300530485,5.2643069,-3.9991980,Carrefour Château,bus_stop,platform,,no,unofficial
9300530486,5.2596019,-3.9978699,Gestoci,bus_stop,platform,,,unofficial
9300530488,5.2561418,-3.9971274,Terminus 19,bus_stop,platform,,,unofficial
9300530489,5.2640767,-3.9992360,Carrefour Château,bus_stop,platform,,no,unofficial
9300530490,5.2856608,-4.0084155,Copharmed,bus_stop,platform,,no,unofficial
9300530491,5.2991309,-4.0117287,Deuxième Station,bus_stop,platform,,no,unofficial
9300530492,5.3078974,-4.0194034,Moulin,bus_stop,platform,,no,unofficial
9300530493,5.3095559,-4.0156605,FIF,bus_stop,platform,,no,unofficial
9300530494,5.3269076,-4.0167859,À la Station,bus_stop,platform,,no,unofficial
9300530495,5.4256147,-4.0203455,Abobo Gendarmerie,bus_stop,platform,,no,unofficial
9300679484,5.4615789,-4.0536815,Ancienne Gendarmerie,bus_stop,platform,,no,unofficial
9300679485,5.4722345,-4.0324762,Belle-Ville,bus_stop,platform,,no,unofficial
9300679487,5.4721951,-4.0324599,Belle-Ville,bus_stop,platform,,no,unofficial
9300679488,5.4696327,-4.0351355,Koné,bus_stop,platform,,no,unofficial
9300679489,5.4680117,-4.0368467,Sylla,bus_stop,platform,,no,unofficial
9300679490,5.4669626,-4.0380336,Patate,bus_stop,platform,,no,unofficial
9300679491,5.4661945,-4.0387950,Chao,bus_stop,platform,,no,unofficial
9300679492,5.4605893,-4.0424909,Adja,bus_stop,platform,,no,unofficial
9300679493,5.4606491,-4.0423698,Adja,bus_stop,platform,,no,unofficial
9300679494,5.4603420,-4.0426564,Arrêt,bus_stop,platform,,no,unofficial
9300679495,5.4609326,-4.0482420,Batogoman,bus_stop,platform,,no,unofficial
9300679496,5.4614469,-4.0524694,Ancienne Gendarmerie,bus_stop,platform,,no,unofficial
9300723294,5.3553262,-4.0161720,Feu de Liberté,bus_stop,platform,,no,unofficial
9300723296,5.4146210,-4.0063889,Boulangerie Samaké,bus_stop,platform,,no,unofficial
9300723298,5.3627810,-4.0167842,Willy Agban,bus_stop,platform,,no,unofficial
9323576037,5.3531825,-3.8785119,Gare nouveau marché,bus_stop,platform,,,unofficial
9323576038,5.3678295,-3.8972109,Église Catholique de Santai,bus_stop,platform,,,unofficial
9323576039,5.3686835,-3.8959212,Gare Santai,bus_stop,platform,,,unofficial
9323576040,5.3686311,-3.8959284,Gare Santai,bus_stop,platform,,,unofficial
9323576042,5.3661883,-3.8962274,Au marché,bus_stop,platform,,,unofficial
9323576043,5.3531556,-3.8784560,Gare nouveau marché,bus_stop,platform,,,unofficial
9323732807,5.3758571,-3.8656586,Cité Harmony 1er,bus_stop,platform,,,unofficial
9323732808,5.3815604,-3.8602929,Adjin 2,bus_stop,platform,,,unofficial
9323732809,5.3939235,-3.8547923,Gare Adjin,bus_stop,platform,,,unofficial
9323732811,5.3939245,-3.8547431,Gare Adjin,bus_stop,platform,,,unofficial
9323732812,5.3770127,-3.8644805,Marché,bus_stop,platform,,,unofficial
9323732813,5.3701531,-3.8701151,Carrefour Moayé,bus_stop,platform,,,unofficial
9323797956,5.3595727,-3.8860247,Hôpital général de Bingerville,bus_stop,platform,,,unofficial
9323797957,5.3698580,-3.8897811,Delacelle,bus_stop,platform,,,unofficial
9323797958,5.3800378,-3.8849853,Gare S3i,bus_stop,platform,,,unofficial
9323797959,5.3800463,-3.8848960,Gare S3i,bus_stop,platform,,,unofficial
9323797961,5.3698566,-3.8897046,Delacelle,bus_stop,platform,,,unofficial
9323797962,5.3601782,-3.8904177,EMPT,bus_stop,platform,,,unofficial
9324307740,5.3594739,-3.8844220,Cabinet dentaire,bus_stop,platform,,,unofficial
9324307741,5.3598672,-3.8901801,École Régionale d’Agriculture,bus_stop,platform,,,unofficial
9324307743,5.3596435,-3.8860019,Hôpital général de Bingerville,bus_stop,platform,,,unofficial
9325028551,5.4477430,-4.0706277,Nouveau Goudron,bus_stop,platform,,no,unofficial
9325028552,5.4526519,-4.0716925,Carrefour Eaux et forêt,bus_stop,platform,,no,unofficial
9325028553,5.4568079,-4.0726635,Dandy,bus_stop,platform,,no,unofficial
9325028554,5.4621213,-4.0808375,Arrêt,bus_stop,platform,,no,unofficial
9325028555,5.4619811,-4.0821290,Carrefour Château,bus_stop,platform,,no,unofficial
9325028556,5.4627140,-4.0822859,Arrêt,bus_stop,platform,,no,unofficial
9325028557,5.4639422,-4.0825957,Château,bus_stop,platform,,no,unofficial
9325028560,5.4607726,-4.0772424,Arrêt,bus_stop,platform,,no,unofficial
9325028561,5.4612388,-4.0780480,Carrefour Mosquée,bus_stop,platform,,no,unofficial
9325028562,5.4617955,-4.0803105,Arrêt,bus_stop,platform,,no,unofficial
9325028563,5.4620211,-4.0818755,Carrefour Château,bus_stop,platform,,no,unofficial
9325028564,5.4626299,-4.0821585,Arrêt,bus_stop,platform,,no,unofficial
9325028565,5.4640403,-4.0824683,Château,bus_stop,platform,,no,unofficial
9325028568,5.4436420,-4.0694456,Carrefour N'dotré,bus_stop,platform,,no,unofficial
9325540084,5.3369520,-4.0039688,Cité Rouge Cocody,bus_stop,platform,,no,unofficial
9325540085,5.3395771,-3.9999984,Feu Mermoz,bus_stop,platform,,no,unofficial
9325540086,5.3723642,-3.9904377,Leader Price,bus_stop,platform,,no,unofficial
9325540087,5.3796866,-3.9940982,Las Palmas,bus_stop,platform,,no,unofficial
9325540088,5.3796414,-3.9940624,Las Palmas,bus_stop,platform,,no,unofficial
9325540089,5.3733335,-3.9904243,Indian Bazaar,bus_stop,platform,,no,unofficial
9325540090,5.3709722,-3.9901232,Ambassade du Benin,bus_stop,platform,,no,unofficial
9325540091,5.3638054,-3.9896947,SIB,bus_stop,platform,,no,unofficial
9325540092,5.3621270,-3.9896196,Chez Paul,bus_stop,platform,,no,unofficial
9325540093,5.3569957,-3.9905074,Advans CI,bus_stop,platform,,no,unofficial
9325540094,5.3396517,-4.0034116,SGBCI Cocody,bus_stop,platform,,no,unofficial
9325652517,5.4437458,-4.0554182,Pharmacie Safir,bus_stop,platform,,no,unofficial
9325652520,5.4383348,-4.0423787,Nouvelle Gare,bus_stop,platform,,no,unofficial
9325652521,5.4438740,-4.0520836,Arrêt,bus_stop,platform,,no,unofficial
9325711219,5.4273691,-4.0152863,Grand Marché,bus_stop,platform,,no,unofficial
9325711220,5.4361827,-4.0125082,BICICI,bus_stop,platform,,no,unofficial
9325711221,5.4327215,-4.0145125,St François Xavier,bus_stop,platform,,no,unofficial
9327935146,5.4248931,-3.9902128,Terminus 2 Carrefour Power,bus_stop,platform,,no,unofficial
9328024062,5.4238932,-3.9911672,Arrêt,bus_stop,platform,,no,unofficial
9328317069,5.3537777,-3.9558359,Glacier,bus_stop,platform,,,unofficial
9328317070,5.3545465,-3.9617726,Reconciliation,bus_stop,platform,,,unofficial
9328317071,5.3552048,-3.9645031,Cité Allabra,bus_stop,platform,,,unofficial
9328317072,5.3534852,-3.9703538,Au Carrefour,bus_stop,platform,,,unofficial
9328317073,5.3553199,-3.9685629,Sainte Famille,bus_stop,platform,,,unofficial
9328317074,5.3552599,-3.9644799,Cité Allabra,bus_stop,platform,,,unofficial
9328317075,5.3386020,-3.9522058,Carrefour Affi,bus_stop,platform,,,unofficial
9330540638,5.3361895,-3.8925156,Korhogobougou,bus_stop,platform,,,unofficial
9330540640,5.3563601,-3.8832600,Bangui,bus_stop,platform,,,unofficial
9330540641,5.3571900,-3.8843261,Carrefour Bangui,bus_stop,platform,,,unofficial
9330540642,5.3368332,-3.8918665,Au Marché,bus_stop,platform,,,unofficial
9330540643,5.3361367,-3.8923886,Korhogobougou,bus_stop,platform,,,unofficial
9332876000,5.3425508,-3.8847694,Gare Berlin,bus_stop,platform,,,unofficial
9332876001,5.3425582,-3.8848988,Gare Berlin,bus_stop,platform,,,unofficial
9332876002,5.3490556,-3.8851952,Pharmacie Gbagba,bus_stop,platform,,,unofficial
9332920173,5.3584086,-3.8835879,Gare Coopec,bus_stop,platform,,,unofficial
9332920174,5.3584345,-3.8836950,Gare Coopec,bus_stop,platform,,,unofficial
9332964849,5.3608325,-3.8942577,Gare Station,bus_stop,platform,,,unofficial
9332964850,5.3688192,-3.8959891,Cap Lavage,bus_stop,platform,,,unofficial
9332964851,5.4133999,-3.8979886,Gare Akandjé,bus_stop,platform,,,unofficial
9332964854,5.4133044,-3.8979149,Gare Akandjé,bus_stop,platform,,,unofficial
9332964855,5.4045589,-3.8960258,St Michel,bus_stop,platform,,,unofficial
9332964856,5.3943394,-3.8943952,Pharmacie Akandjé,bus_stop,platform,,,unofficial
9332964858,5.3608111,-3.8941746,Gare Station,bus_stop,platform,,,unofficial
9333083957,5.3569116,-3.8845125,Gare Bangui,bus_stop,platform,,,unofficial
9333089859,5.3742702,-3.9115056,Gare Feh Kessé,bus_stop,platform,,,unofficial
9333089860,5.3839758,-3.9044628,Promogim,bus_stop,platform,,,unofficial
9333089861,5.3839304,-3.9044964,Promogim,bus_stop,platform,,,unofficial
9333089863,5.3836420,-3.9052594,Cité anthena 6 extension 8,bus_stop,platform,,,unofficial
9333089864,5.3742802,-3.9114567,Gare Feh Kessé,bus_stop,platform,,,unofficial
9333133183,5.3942630,-3.9059357,Oribat,bus_stop,platform,,,unofficial
9333133184,5.3936071,-3.9060004,Oribat,bus_stop,platform,,,unofficial
9333133186,5.3938848,-3.9101209,EPV le coeur des tout petits,bus_stop,platform,,,unofficial
9333154244,5.3496698,-3.8874610,Centre de Santé Urbain de Gbagba,bus_stop,platform,,,unofficial
9333154245,5.3496771,-3.8875347,Centre de Santé Urbain de Gbagba,bus_stop,platform,,,unofficial
9333154247,5.3515292,-3.8888665,Carrefour Chica,bus_stop,platform,,,unofficial
9333154248,5.3544494,-3.8937923,Résidence Sous-Prefet,bus_stop,platform,,,unofficial
9333205749,5.3159420,-4.0896761,Terminus 27 Niangon Sud à Gauche,bus_stop,platform,,,unofficial
9333205750,5.3141835,-4.0890706,Carrefour Fanta,bus_stop,platform,,,unofficial
9333205751,5.3128615,-4.0886548,Carrefour Calebasse,bus_stop,platform,,,unofficial
9333205752,5.3117635,-4.0883142,Carrefour Sicogi,bus_stop,platform,,,unofficial
9333205753,5.3109359,-4.0880171,Boulangerie,bus_stop,platform,,,unofficial
9333205754,5.3097935,-4.0876879,Carrefour Policier,bus_stop,platform,,,unofficial
9333205755,5.3085049,-4.0872990,Conteneur,bus_stop,platform,,,unofficial
9333205756,5.3073271,-4.0866894,Supermarché,bus_stop,platform,,,unofficial
9333205757,5.3066628,-4.0857466,Assemblée de Dieu,bus_stop,platform,,,unofficial
9333205758,5.3061641,-4.0849567,Monaco,bus_stop,platform,,,unofficial
9333205759,5.3058556,-4.0844867,Gabadrome,bus_stop,platform,,,unofficial
9333205760,5.3055852,-4.0840723,Auto-école,bus_stop,platform,,,unofficial
9333205761,5.3051946,-4.0833588,Palace,bus_stop,platform,,,unofficial
9333205762,5.3041764,-4.0813713,Azito,bus_stop,platform,,,unofficial
9333205763,5.3041016,-4.0814055,Azito,bus_stop,platform,,,unofficial
9333205765,5.3051245,-4.0834004,Palace,bus_stop,platform,,,unofficial
9333205766,5.3066675,-4.0858680,Assemblée de Dieu,bus_stop,platform,,,unofficial
9333205767,5.3074947,-4.0869194,Supermarché,bus_stop,platform,,,unofficial
9333205768,5.3084068,-4.0873566,Conteneur,bus_stop,platform,,,unofficial
9333205769,5.3097835,-4.0878005,Carrefour Policier,bus_stop,platform,,,unofficial
9333205770,5.3141661,-4.0891543,Carrefour Fanta,bus_stop,platform,,,unofficial
9333205772,5.3159361,-4.0897032,Terminus 27 Niangon Sud à Gauche,bus_stop,platform,,,unofficial
9337171735,5.3521053,-3.8761521,Agence MTN,bus_stop,platform,,,unofficial
9337171736,5.3495770,-3.8730019,Église Catholique,bus_stop,platform,,,unofficial
9337171739,5.3421429,-3.8736657,Maquis Brésil,bus_stop,platform,,,unofficial
9337171740,5.3445717,-3.8729288,Église harriste,bus_stop,platform,,,unofficial
9337171741,5.3460826,-3.8724782,Maison blanche,bus_stop,platform,,,unofficial
9337342510,5.3573322,-4.1017145,CAT,bus_stop,platform,,,unofficial
9337342511,5.3154730,-4.0918470,Allocodrome,bus_stop,platform,,,unofficial
9337342512,5.3157585,-4.0950948,Centre Social,bus_stop,platform,,,unofficial
9337342513,5.3186048,-4.0946596,Carrefour à droite,bus_stop,platform,,yes,unofficial
9337342514,5.3341118,-4.0908663,Carrefour Policiers,bus_stop,platform,,yes,
9337342515,5.3577167,-4.0852424,Carrefour Coris Bank,bus_stop,platform,,yes,
9340348210,5.4234533,-3.9977568,Mosquée Ado Kenedy,bus_stop,platform,,no,unofficial
9358064581,5.4179568,-3.9909965,Carrefour Diamant,bus_stop,platform,,no,unofficial
10218963489,5.3492221,-3.9758925,Chez Rifat,bus_stop,platform,,,unofficial
10218963490,5.3478513,-3.9755291,Carrefour garage,bus_stop,platform,,,unofficial
10218963491,5.3465276,-3.9751535,Gorille carrefour,bus_stop,platform,,,unofficial
10218963492,5.3459863,-3.9749856,Carrefour lavage,bus_stop,platform,,,unofficial
10218963494,5.3415067,-3.9742290,Carrefour chefferie,bus_stop,platform,,,unofficial
10218963495,5.3389918,-3.9790313,Carrefour Mosquée Golf,bus_stop,platform,,,unofficial
10218963496,5.3377764,-3.9847561,Campus 2 portail,bus_stop,platform,,,unofficial
10218963497,5.3367852,-3.9859039,District de Police de Cocody,bus_stop,platform,,,unofficial
10218963498,5.3344550,-3.9904029,Campus 1 portail,bus_stop,platform,,,unofficial
10218963499,5.3346729,-3.9937477,Carrefour Kadafy,bus_stop,platform,,,unofficial
10218963500,5.3351984,-3.9983720,Carrefour NSIA,bus_stop,platform,,,unofficial
10218963501,5.3354781,-4.0004910,Feu allocodrome,bus_stop,platform,,,unofficial
10218963502,5.3357017,-4.0022018,Carrefour du marché Cococdy,bus_stop,platform,,,unofficial
10219015672,5.3358749,-4.0020033,Carrefour du marché Cococdy,bus_stop,platform,,,unofficial
10219015673,5.3355563,-3.9994624,Feu de pâtisserie,bus_stop,platform,,,unofficial
10219015674,5.3353585,-3.9979476,Pharmacie Saint Marie,bus_stop,platform,,,unofficial
10219015675,5.3347997,-3.9933744,Carrefour Kadhafi,bus_stop,platform,,,unofficial
10219015676,5.3346554,-3.9904086,Campus 2 portail,bus_stop,platform,,,unofficial
10219015677,5.3369912,-3.9859467,District de Police de Cocody,bus_stop,platform,,,unofficial
10219015678,5.3379568,-3.9849343,Campus 1 portail,bus_stop,platform,,,unofficial
10219015679,5.3381534,-3.9757843,Rond-point Axa,bus_stop,platform,,,unofficial
10219015680,5.3416365,-3.9742757,Carrefour chefferie,bus_stop,platform,,,unofficial
10219015681,5.3441366,-3.9745282,Coco,bus_stop,platform,,,unofficial
10219015682,5.3461276,-3.9750906,Pharmacie Saint Pierre,bus_stop,platform,,,unofficial
10219015683,5.3493804,-3.9760780,Chez Rifat,bus_stop,platform,,,unofficial
10219015684,5.3501208,-3.9762567,Carrefour des prix,bus_stop,platform,,,unofficial
10219015685,5.3511083,-3.9765073,Carrefour SGBCI,bus_stop,platform,,,unofficial
10219084135,5.3330111,-4.0004256,Carrefour jardin,bus_stop,platform,,no,unofficial
10219084137,5.3359581,-4.0000612,Patisserie,bus_stop,platform,,no,unofficial
10219084138,5.3366327,-3.9999866,Carrefour pâtisserie,bus_stop,platform,,no,unofficial
10219084139,5.3391509,-3.9998971,Avant le feu Mermoz,bus_stop,platform,,no,unofficial
10219084140,5.3395539,-3.9998395,Feu Mermoz,bus_stop,platform,,no,unofficial
10219090522,5.3260945,-4.0015535,Carrefour planet,bus_stop,platform,,no,unofficial
10219090523,5.3272024,-4.0014127,Top chef,bus_stop,platform,,no,unofficial
10219090524,5.3276037,-4.0025170,ITC,bus_stop,platform,,no,unofficial
10219090525,5.3292347,-4.0049029,Carrefour Chancellerie,bus_stop,platform,,no,unofficial
10219090526,5.3304326,-4.0047641,Feu Lycée Classique d'Abidjan,bus_stop,platform,,no,unofficial
10219090528,5.3397595,-4.0020192,Pharmacie Mermoz,bus_stop,platform,,no,unofficial
10219090529,5.3396129,-4.0009792,Inades /Gare d'Adjamé,bus_stop,platform,,no,unofficial
10219090530,5.3417226,-3.9994251,Sup Elite,bus_stop,platform,,no,unofficial
10219090531,5.3444348,-3.9984370,Station,bus_stop,platform,,no,unofficial
10219090532,5.3457173,-3.9971370,INSAAC,bus_stop,platform,,no,unofficial
10219284898,5.3594245,-3.9537705,Carrefour CMA,bus_stop,platform,,,unofficial
10219284899,5.3590974,-3.9525059,Clinique médicale Saint Viateur,bus_stop,platform,,,unofficial
10219284900,5.3587322,-3.9511239,Rond-point de l'ancien camp,bus_stop,platform,,,unofficial
10219284901,5.3585392,-3.9500946,Da Carmen,bus_stop,platform,,,unofficial
10219284902,5.3581760,-3.9489064,Carrefour béton,bus_stop,platform,,,unofficial
10219284903,5.3579223,-3.9475626,Camp ivoire,bus_stop,platform,,,unofficial
10219284904,5.3577140,-3.9465728,Ancien Camp Akouedo,bus_stop,platform,,,unofficial
10219284905,5.3574911,-3.9452022,Carrefour termitières,bus_stop,platform,,,unofficial
10219284906,5.3592589,-3.9416926,Nouveau pont,bus_stop,platform,,,unofficial
10219284907,5.3603098,-3.9399076,Carrefour Village,bus_stop,platform,,,unofficial
10219284908,5.3573348,-3.9403930,1er étage,bus_stop,platform,,,unofficial
10219284909,5.3566231,-3.9405097,Carrefour marché,bus_stop,platform,,,unofficial
10219284910,5.3554087,-3.9406646,Carrefour Akouédo village,bus_stop,platform,,,unofficial
10219284911,5.3567260,-3.9405996,Carrefour marché,bus_stop,platform,,,unofficial
10219284912,5.3574817,-3.9404735,1er étage,bus_stop,platform,,,unofficial
10219284913,5.3585352,-3.9402844,Le lapin,bus_stop,platform,,,unofficial
10219284914,5.3593270,-3.9401543,Immeuble assurance,bus_stop,platform,,,unofficial
10219284915,5.3579544,-3.9430431,Carrefour bambou,bus_stop,platform,,,unofficial
10219284916,5.3576273,-3.9437404,Antenne,bus_stop,platform,,,unofficial
10219299417,5.3574176,-3.9444003,Garage Koné,bus_stop,platform,,,unofficial
10219299418,5.3573101,-3.9453920,Carrefour termitières,bus_stop,platform,,,unofficial
10219299419,5.3577728,-3.9476229,Camp ivoire,bus_stop,platform,,,unofficial
10219299420,5.3581346,-3.9490230,Carrefour béton,bus_stop,platform,,,unofficial
10219299421,5.3586727,-3.9511373,Rond-point de l'ancien camp,bus_stop,platform,,,unofficial
10219299422,5.3590439,-3.9527822,Clinique médicale Saint Viateur,bus_stop,platform,,,unofficial
10219299423,5.3594365,-3.9542453,Carrefour CMA,bus_stop,platform,,,unofficial
10219299424,5.3611683,-3.9578723,Gare Palmeraie DGI,bus_stop,platform,,,unofficial
10234827985,5.3678151,-3.9379003,Gare Faya,bus_stop,platform,,,unofficial
10234827986,5.3649270,-3.9371020,ATCI 1er portail,bus_stop,platform,,,unofficial
10234827987,5.3635407,-3.9367301,Bon Prix,bus_stop,platform,,,unofficial
10234827988,5.3618293,-3.9384759,Petit portail,bus_stop,platform,,,unofficial
10234827989,5.3536576,-3.9408678,Pharmacie,bus_stop,platform,,,unofficial
10234827990,5.3619163,-3.9385481,Petit portail,bus_stop,platform,,,unofficial
10234827991,5.3650604,-3.9372291,ATCI 1er portail,bus_stop,platform,,,unofficial
10234827992,5.3667351,-3.9376838,ATCI,bus_stop,platform,,,unofficial
10234827993,5.3677933,-3.9379819,Gare Faya,bus_stop,platform,,,unofficial
10265528610,5.3900101,-3.9297668,Cité SIR,bus_stop,platform,,,unofficial
10265528611,5.3898739,-3.9288468,Carrefour Boulangerie,bus_stop,platform,,,unofficial
10265528612,5.3897738,-3.9280629,Carrefour Bassamois,bus_stop,platform,,,unofficial
10265528613,5.3896483,-3.9273508,Carrefour Clinique,bus_stop,platform,,,unofficial
10265528614,5.3888752,-3.9256744,Carrefour Chateau,bus_stop,platform,,,unofficial
10265528615,5.3872636,-3.9273629,Carrefour Prestige,bus_stop,platform,,,unofficial
10265528616,5.3859084,-3.9288086,A l'antenne,bus_stop,platform,,,unofficial
10265528617,5.3849591,-3.9299271,Carrefour Souade,bus_stop,platform,,,unofficial
10265528618,5.3843837,-3.9319333,Carrefour Virage,bus_stop,platform,,,unofficial
10265528619,5.3826546,-3.9318113,Pharmacie Ephrata,bus_stop,platform,,,unofficial
10265528620,5.3804075,-3.9312024,Carrefour Ephrata,bus_stop,platform,,,unofficial
10265528621,5.3787945,-3.9308021,Cité BNETD,bus_stop,platform,,,unofficial
10265528622,5.3762643,-3.9301309,Carrefour Laureades,bus_stop,platform,,,unofficial
10265528623,5.3741854,-3.9289668,Nouveau goudron Abatta,bus_stop,platform,,,unofficial
10265580836,5.3746434,-3.9291599,Nouveau goudron Abatta,bus_stop,platform,,,unofficial
10265580837,5.3753484,-3.9294443,Carrefour Eglise,bus_stop,platform,,,unofficial
10265580838,5.3765060,-3.9303535,Carrefour Laureades,bus_stop,platform,,,unofficial
10265580839,5.3777010,-3.9307022,Garage,bus_stop,platform,,,unofficial
10265580840,5.3793540,-3.9311327,Carrefour Clinique,bus_stop,platform,,,unofficial
10265580841,5.3805209,-3.9314854,Carrefour Ephrata,bus_stop,platform,,,unofficial
10265580842,5.3827467,-3.9320634,Pharmacie Ephrata,bus_stop,platform,,,unofficial
10265580843,5.3840685,-3.9324014,Maquis Virage,bus_stop,platform,,,unofficial
10265580844,5.3846600,-3.9317322,Carrefour Virage,bus_stop,platform,,,unofficial
10265580845,5.3851047,-3.9301309,Carrefour CMA,bus_stop,platform,,,unofficial
10265580846,5.3856481,-3.9294201,Carrefour Minicar,bus_stop,platform,,,unofficial
10265580847,5.3863958,-3.9286275,A l'antenne,bus_stop,platform,,,unofficial
10265580848,5.3876816,-3.9272489,Carrefour Prestige,bus_stop,platform,,,unofficial
10265580849,5.3892571,-3.9256677,Rond Point du Chateau,bus_stop,platform,,,unofficial
10265580850,5.3894787,-3.9268747,Carrefour Ecole,bus_stop,platform,,,unofficial
10265580851,5.3895828,-3.9274997,Carrefour Clinique,bus_stop,platform,,,unofficial
10265580852,5.3897230,-3.9283727,Carrefour Bassamois,bus_stop,platform,,,unofficial
10265580853,5.3898125,-3.9291278,Carrefour Boulangerie,bus_stop,platform,,,unofficial
10265580854,5.3899033,-3.9297567,Cité SIR,bus_stop,platform,,,unofficial
10268582066,5.3874472,-3.9271114,Carrefour Prestige,bus_stop,platform,,,unofficial
10268582067,5.3871925,-3.9256908,Carrefour Chateau,bus_stop,platform,,,unofficial
10268582068,5.3869906,-3.9244406,Carrefour Sylla,bus_stop,platform,,,unofficial
10268582070,5.3862556,-3.9205940,Cité Prestige,bus_stop,platform,,,unofficial
10268582071,5.3862422,-3.9206795,Cité Prestige,bus_stop,platform,,,unofficial
10268582072,5.3867643,-3.9229828,Carrefour terre ivoire,bus_stop,platform,,,unofficial
10268582073,5.3867029,-3.9232041,Carrefour terre ivoire,bus_stop,platform,,,unofficial
10268582074,5.3871328,-3.9257059,Carrefour Chateau,bus_stop,platform,,,unofficial
10268582075,5.3788853,-3.9309986,Cité BNETD,bus_stop,platform,,,unofficial
10268582076,5.3773725,-3.9304273,Garage,bus_stop,platform,,,unofficial
10268582077,5.3741227,-3.9290024,Nouveau goudron Abatta,bus_stop,platform,,,unofficial
10273846184,5.3990852,-3.9519842,Arrêt Sotra,bus_stop,platform,,,unofficial
10273846186,5.3994457,-3.9534406,Nouveau CHU,bus_stop,platform,,,unofficial
10273846187,5.3961893,-3.9319199,Carrefour Rois des Rois,bus_stop,platform,,,unofficial
10273846188,5.3965604,-3.9345700,Carrefour Docteur,bus_stop,platform,,,unofficial
10273846189,5.3969370,-3.9373997,Immeuble Rouge,bus_stop,platform,,,unofficial
10273846190,5.3972520,-3.9396903,Carrefour Djorobité,bus_stop,platform,,,unofficial
10273846191,5.3978061,-3.9432066,Carrefour Mosquée,bus_stop,platform,,,unofficial
10273846192,5.3984537,-3.9477530,Carrefour Base CIE,bus_stop,platform,,,unofficial
10273846193,5.3995004,-3.9538603,Nouveau CHU,bus_stop,platform,,,unofficial
10273846194,5.3992417,-3.9516672,Arrêt Sotra,bus_stop,platform,,,unofficial
10273846195,5.3990071,-3.9500775,Carrefour Eglise,bus_stop,platform,,,unofficial
10273846196,5.3986360,-3.9474959,Carrefour Base CIE,bus_stop,platform,,,unofficial
10273846197,5.3982423,-3.9443537,Carrefour Miss Zahoui,bus_stop,platform,,,unofficial
10273846198,5.3980223,-3.9430143,Carrefour Mosquée,bus_stop,platform,,,unofficial
10273846199,5.3975066,-3.9393902,Carrefour Djorobité,bus_stop,platform,,,unofficial
10273846200,5.3971554,-3.9369618,Immeuble Rouge,bus_stop,platform,,,unofficial
10273846201,5.3967895,-3.9343389,Carrefour Docteur,bus_stop,platform,,,unofficial
10273846202,5.3963839,-3.9315562,Carrefour Rois des Rois,bus_stop,platform,,,unofficial
10273846203,5.3959876,-3.9284754,Carrefour Nouvelle Construction,bus_stop,platform,,,unofficial
10273846204,5.3951313,-3.9240937,Carrefour Gendarme,bus_stop,platform,,,unofficial
10273846205,5.3952082,-3.9238434,Carrefour Gendarme,bus_stop,platform,,,unofficial
10273846206,5.3931802,-3.9231590,1er Arrêt,bus_stop,platform,,,unofficial
10273846207,5.3894581,-3.9252760,Rond Point du Chateau,bus_stop,platform,,,unofficial
10273846208,5.3909745,-3.9225293,Au Feu,bus_stop,platform,,,unofficial
10273858209,5.3910103,-3.9222883,Au Feu,bus_stop,platform,,,unofficial
10273858210,5.3897789,-3.9241749,A la Terrasse,bus_stop,platform,,,unofficial
10276806528,5.3743790,-3.9288978,Nouveau goudron Abatta,bus_stop,platform,,,unofficial
10276806529,5.3901596,-3.9238250,Boulangerie,bus_stop,platform,,,unofficial
10276806530,5.3958381,-3.9289534,Carrefour Nouvelle Construction,bus_stop,platform,,,unofficial
10276806531,5.3980598,-3.9447261,Carrefour Miss Zahoui,bus_stop,platform,,,unofficial
10276806532,5.3993656,-3.9539717,Carrefour Nouveau CHU,bus_stop,platform,,no,unofficial
10276806533,5.4050987,-3.9561671,Pharmacie Sainte Clémentine,bus_stop,platform,,no,unofficial
10276806534,5.4135715,-3.9621256,Carrefour Oribat,bus_stop,platform,,no,unofficial
10276806535,5.4151549,-3.9632790,Carrefour Akissi Delta,bus_stop,platform,,no,unofficial
10276806536,5.4168625,-3.9644820,Boulangerie Flamand,bus_stop,platform,,no,unofficial
10276806537,5.4196396,-3.9667551,Carrefour des prêtes,bus_stop,platform,,no,unofficial
10276806538,5.4201483,-3.9689317,Carrefour Cabri,bus_stop,platform,,no,unofficial
10276806539,5.4189974,-3.9717400,Carrefou Kanga,bus_stop,platform,,no,unofficial
10276806540,5.4172444,-3.9747428,Pharmacie Redemption,bus_stop,platform,,no,unofficial
10276806608,5.4157063,-3.9768456,Angre fin goudron,bus_stop,platform,,no,unofficial
10276820709,5.4174019,-3.9743270,Carrefour Cité Militaire,bus_stop,platform,,no,unofficial
10276820710,5.4181543,-3.9732239,A la Boulangerie,bus_stop,platform,,no,unofficial
10276820711,5.4193018,-3.9715308,Carrefou Kanga,bus_stop,platform,,no,unofficial
10276820712,5.4202644,-3.9685361,Carrefour Cabri,bus_stop,platform,,no,unofficial
10276820713,5.4167090,-3.9641909,Carrefour des prêtes,bus_stop,platform,,no,unofficial
10276820714,5.4154633,-3.9632884,EPV les merveilles,bus_stop,platform,,no,unofficial
10276820715,5.4136623,-3.9619406,Carrefour Oribat,bus_stop,platform,,no,unofficial
10276820716,5.4047099,-3.9557240,Pharmacie Sainte Clémentine,bus_stop,platform,,no,unofficial
10276820717,5.3998501,-3.9562375,CHU Angré,bus_stop,platform,,no,unofficial
10276820718,5.3891259,-3.9253604,Rond Point du Chateau,bus_stop,platform,,,unofficial
10276820719,5.3744637,-3.9289357,Nouveau goudron Abatta,bus_stop,platform,,,unofficial
10289441892,5.3775976,-3.9972110,Carrefour Duncan,bus_stop,platform,,no,unofficial
10289441893,5.3771780,-3.9952895,RTI Publicité,bus_stop,platform,,no,unofficial
10289441894,5.3716249,-3.9902368,BOA Agence Rue des jardins,bus_stop,platform,,no,unofficial
10289441895,5.3684065,-3.9897479,Nuit Saigon,bus_stop,platform,,no,unofficial
10289441896,5.3670273,-3.9896811,Mr Chou,bus_stop,platform,,no,unofficial
10289441898,5.3661960,-3.9897752,Club House,bus_stop,platform,,no,unofficial
10289441899,5.3685211,-3.9898583,Nuit Saigon,bus_stop,platform,,no,unofficial
10289441900,5.3692158,-3.9899496,Pharmacie Saint Joseph,bus_stop,platform,,no,unofficial
10289441901,5.3717351,-3.9903373,BOA Agence Rue des jardins,bus_stop,platform,,no,unofficial
10289441902,5.3733088,-3.9905883,Indian Bazaar,bus_stop,platform,,no,unofficial
10289441903,5.3738888,-3.9904354,Carrefour 12ème,bus_stop,platform,,no,unofficial
10289441904,5.3739813,-3.9905284,Carrefour 12ème,bus_stop,platform,,no,unofficial
10289441905,5.3748716,-3.9905161,Akwaba,bus_stop,platform,,no,unofficial
10289441907,5.3771002,-3.9954062,RTI Publicité,bus_stop,platform,,no,unofficial
10290362012,5.3746628,-3.9904472,Akwaba,bus_stop,platform,,no,unofficial
10290362014,5.3732441,-3.9853350,Justice du commerce,bus_stop,platform,,,unofficial
10290362015,5.3738357,-3.9844648,Commisariat 30è Art.,bus_stop,platform,,,unofficial
10290362016,5.3722397,-3.9829778,Assurance Royale,bus_stop,platform,,,unofficial
10290362017,5.3713759,-3.9821676,Carrefour Grande Mosquée,bus_stop,platform,,,unofficial
10290362018,5.3674291,-3.9795016,Pharmacie Saint Bernard,bus_stop,platform,,,unofficial
10290362020,5.3688602,-3.9801511,Carrefour Boulangerie,bus_stop,platform,,,unofficial
10290362022,5.3712770,-3.9821606,Ancien SARITEL,bus_stop,platform,,,unofficial
10290362023,5.3716620,-3.9825074,Cité Abri 2000,bus_stop,platform,,,unofficial
10290362024,5.3725115,-3.9833685,Assurance Royale,bus_stop,platform,,,unofficial
10290362025,5.3737412,-3.9847390,Commisariat 30è Art.,bus_stop,platform,,,unofficial
10290362026,5.3729489,-3.9855485,Carrefour Gobelet,bus_stop,platform,,no,unofficial
10290362027,5.3724368,-3.9860998,Eglise Cema,bus_stop,platform,,no,unofficial
10290362028,5.3718807,-3.9884863,Ambassade du Mali,bus_stop,platform,,no,unofficial
10290362029,5.3717919,-3.9885438,Ambassade du Mali,bus_stop,platform,,no,unofficial
10290362030,5.3718007,-3.9892139,Immigration Canada,bus_stop,platform,,no,unofficial
10290362031,5.3716882,-3.9894078,Immigration Canada,bus_stop,platform,,no,unofficial
10293232212,5.3282198,-3.9167145,Gare Abatta Village,bus_stop,platform,,,unofficial
10293232213,5.3281777,-3.9224692,Carrefour Pinasse,bus_stop,platform,,,unofficial
10293232214,5.3321689,-3.9225979,Miami beach,bus_stop,platform,,,unofficial
10293232215,5.3380202,-3.9232323,Carrefour Garage,bus_stop,platform,,,unofficial
10293232216,5.3395558,-3.9227796,Oribat,bus_stop,platform,,,unofficial
10293232217,5.3423292,-3.9220347,Carrefour Sicta,bus_stop,platform,,,unofficial
10293232218,5.3447246,-3.9224370,Carrefour Beceao,bus_stop,platform,,,unofficial
10293232219,5.3467729,-3.9229023,Garba Choco,bus_stop,platform,,,unofficial
10293232220,5.3473952,-3.9230271,Gare Nouveau Goudron,bus_stop,platform,,,unofficial
10293232221,5.3482070,-3.9232041,ComZone,bus_stop,platform,,,unofficial
10293232222,5.3495196,-3.9235079,Pancho,bus_stop,platform,,,unofficial
10293232223,5.3502126,-3.9236762,Carrefour Cyber,bus_stop,platform,,,unofficial
10293232224,5.3517241,-3.9240383,Carrefour Veninzoir,bus_stop,platform,,,unofficial
10293232225,5.3532463,-3.9243802,Carrefour Coquivoire,bus_stop,platform,,,unofficial
10293232226,5.3547151,-3.9246847,Carrefour Lapin,bus_stop,platform,,,unofficial
10293232227,5.3555309,-3.9248805,Carrefour Drogba,bus_stop,platform,,,unofficial
10293232228,5.3581360,-3.9254813,AB Center,bus_stop,platform,,,unofficial
10293232229,5.3595540,-3.9258709,Sodeci Abatta,bus_stop,platform,,,unofficial
10293232230,5.3606489,-3.9261545,Prumux,bus_stop,platform,,,unofficial
10293232231,5.3616196,-3.9264160,Carrefour Lumière,bus_stop,platform,,,unofficial
10293232232,5.3637987,-3.9270021,Ferronnerie,bus_stop,platform,,,unofficial
10293232233,5.3666534,-3.9277706,Carrefour Policier,bus_stop,platform,,,unofficial
10293232234,5.3703160,-3.9287764,Gare Nouveau Goudron,bus_stop,platform,,,unofficial
10293246985,5.3716605,-3.9289172,Terminus Nouveau Goudron,bus_stop,platform,,,unofficial
10293246987,5.3687664,-3.9281192,Carrefour El vivo,bus_stop,platform,,,unofficial
10293246988,5.3666828,-3.9275466,Carrefour Policier,bus_stop,platform,,,unofficial
10293246989,5.3638401,-3.9268237,Ferronnerie,bus_stop,platform,,,unofficial
10293246990,5.3617985,-3.9262860,Carrefour Lumière,bus_stop,platform,,,unofficial
10293246991,5.3606502,-3.9259869,Prumux,bus_stop,platform,,,unofficial
10293246992,5.3578315,-3.9252345,AB Center,bus_stop,platform,,,unofficial
10293246993,5.3553413,-3.9246351,Carrefour Drogba,bus_stop,platform,,,unofficial
10293246994,5.3545669,-3.9244540,Carrefour Lapin,bus_stop,platform,,,unofficial
10293246995,5.3530600,-3.9241160,Carrefour Mosquée,bus_stop,platform,,,unofficial
10293246996,5.3516653,-3.9238264,Carrefour Veninzoir,bus_stop,platform,,,unofficial
10293246997,5.3503521,-3.9235226,Carrefour Cyber,bus_stop,platform,,,unofficial
10293246998,5.3498053,-3.9233784,Pancho,bus_stop,platform,,,unofficial
10293246999,5.3490589,-3.9232121,Bananier,bus_stop,platform,,,unofficial
10293247000,5.3482698,-3.9230472,ComZone,bus_stop,platform,,,unofficial
10293247001,5.3475421,-3.9228621,Mondial Beton,bus_stop,platform,,,unofficial
10293247002,5.3439689,-3.9220843,Carrefour le blanc,bus_stop,platform,,,unofficial
10293247003,5.3421809,-3.9218630,Carrefour Sicta,bus_stop,platform,,,unofficial
10293247004,5.3395304,-3.9226194,Oribat,bus_stop,platform,,,unofficial
10293247005,5.3376850,-3.9231263,Carrefour Garage,bus_stop,platform,,,unofficial
10293247006,5.3322944,-3.9224195,Miami beach,bus_stop,platform,,,unofficial
10293247007,5.3280996,-3.9220943,Carrefour Pinasse,bus_stop,platform,,,unofficial
10293247008,5.3282965,-3.9167366,Gare Abatta Village,bus_stop,platform,,,unofficial
10293290885,5.3515311,-3.9754845,Au Lavage,bus_stop,platform,,,unofficial
10293290887,5.3539422,-3.9576914,Pharmacie Saint-Pierre des Rosées,bus_stop,platform,,,unofficial
10293290888,5.3510813,-3.9543971,Bon Pasteur,bus_stop,platform,,,unofficial
10293290889,5.3479747,-3.9527805,Lycée Américain,bus_stop,platform,,,unofficial
10293290890,5.3455212,-3.9524728,Mel Théodore,bus_stop,platform,,,unofficial
10293290891,5.3410902,-3.9522290,Brandon,bus_stop,platform,,,unofficial
10293312731,5.3309087,-3.9571703,Ancien Terminus M'pouto,bus_stop,platform,,,unofficial
10293312732,5.3302876,-3.9551592,Chantier,bus_stop,platform,,,unofficial
10293312733,5.3298914,-3.9539562,Coqivoire,bus_stop,platform,,,unofficial
10293312734,5.3290274,-3.9512488,Mosquee CIAD,bus_stop,platform,,,unofficial
10293312735,5.3284245,-3.9490833,Pharmacie M'Pouto,bus_stop,platform,,,unofficial
10293312736,5.3284578,-3.9436639,Pharmacie Eden,bus_stop,platform,,,unofficial
10293312738,5.3284412,-3.9427994,Vatican,bus_stop,platform,,,unofficial
10293312739,5.3352046,-3.9441681,Panier d'Or,bus_stop,platform,,,unofficial
10293312740,5.3402833,-3.9452630,Carrefour Antenne,bus_stop,platform,,,unofficial
10293312741,5.3463541,-3.9527457,Cité Belles Fleurs Riviera 3,bus_stop,platform,,,unofficial
10293312742,5.3482550,-3.9531153,Lycée Américain,bus_stop,platform,,,unofficial
10293312743,5.3498998,-3.9544757,Ancien Garage,bus_stop,platform,,,unofficial
10293312745,5.3552369,-3.9609812,Pharmacie St Agathe,bus_stop,platform,,,unofficial
10293312746,5.3552789,-3.9669321,Cap Nord,bus_stop,platform,,,unofficial
10293312747,5.3534169,-3.9681969,Sainte Famille,bus_stop,platform,,,unofficial
10293356480,5.3545116,-3.9625299,Boutique Bleue,bus_stop,platform,,,unofficial
10293356481,5.3369363,-3.9536907,Maison Blanche,bus_stop,platform,,,unofficial
10293356482,5.3341421,-3.9561253,Banny,bus_stop,platform,,,unofficial
10293356483,5.3263534,-3.9593244,Carrefour Pinasse,bus_stop,platform,,,unofficial
10293356484,5.3251089,-3.9600113,Terminus STL,bus_stop,platform,,,unofficial
10293372511,5.3251540,-3.9600936,Terminus STL,bus_stop,platform,,,unofficial
10293372513,5.3264616,-3.9593993,Carrefour Pinasse,bus_stop,platform,,,unofficial
10293372514,5.3386437,-3.9524268,Carrefour Affi,bus_stop,platform,,,unofficial
10293372515,5.3417004,-3.9524518,Brandon,bus_stop,platform,,,unofficial
10293470011,5.3324427,-3.9365625,Carrefour Martin,bus_stop,platform,,,unofficial
10293470012,5.3333270,-3.9373995,A la foire,bus_stop,platform,,,unofficial
10293470013,5.3343829,-3.9383841,Carrefour Université,bus_stop,platform,,,unofficial
10293470014,5.3366589,-3.9405057,Carrefour Valinbet,bus_stop,platform,,,unofficial
10293470015,5.3377304,-3.9416751,Carrefour Akwaba,bus_stop,platform,,,unofficial
10293470017,5.3569229,-3.9629692,Gare 9 Kilo,bus_stop,platform,,,unofficial
10293476051,5.3565270,-3.9628834,Gare 9 Kilo,bus_stop,platform,,,unofficial
10293476052,5.3458917,-3.9524013,Mel Théodore,bus_stop,platform,,,unofficial
10293476053,5.3461066,-3.9456381,Carrefour Akouédo / Synacassi 2,bus_stop,platform,,,unofficial
10293476054,5.3400498,-3.9449582,Carrefour Antenne,bus_stop,platform,,,unofficial
10293476055,5.3377031,-3.9415162,Carrefour Akwaba,bus_stop,platform,,,unofficial
10293476056,5.3353910,-3.9391954,Pharmacie Bonne Fortune,bus_stop,platform,,,unofficial
10293476057,5.3345925,-3.9384753,Carrefour Université,bus_stop,platform,,,unofficial
10293476058,5.3333119,-3.9372743,A la foire,bus_stop,platform,,,unofficial
10293476059,5.3324400,-3.9364864,Carrefour Martin,bus_stop,platform,,,unofficial
10293476060,5.3311287,-3.9352841,La ferme,bus_stop,platform,,,unofficial
10293476061,5.3293808,-3.9331403,Nouveau marché,bus_stop,platform,,,unofficial
10293476062,5.3286925,-3.9324215,Cocody Riviera M'badon,bus_stop,platform,,,unofficial
10293802641,5.4928883,-4.0517137,Escalier,bus_stop,platform,,no,unofficial
10293802642,5.4989011,-4.0497147,La croix,bus_stop,platform,,no,unofficial
10293802643,5.4986418,-4.0506742,Carrefour Royaume,bus_stop,platform,,no,unofficial
10293802644,5.4989172,-4.0494448,Don Orione,bus_stop,platform,,no,unofficial
10293802645,5.4990484,-4.0492659,Don Orione,bus_stop,platform,,no,unofficial
10293802646,5.4993327,-4.0479505,Carrefour Marché,bus_stop,platform,,no,unofficial
10293802647,5.4993744,-4.0479327,Carrefour Marché,bus_stop,platform,,no,unofficial
10293802648,5.4996245,-4.0470428,Carrefour Tanoh,bus_stop,platform,,no,unofficial
10293802649,5.4998455,-4.0464023,Hôpital,bus_stop,platform,,no,unofficial
10293802650,5.4997815,-4.0463934,Hôpital,bus_stop,platform,,no,unofficial
10293802651,5.4982810,-4.0512754,Carrefour Maternité,bus_stop,platform,,no,unofficial
10293802652,5.4974136,-4.0514982,SGBCI,bus_stop,platform,,no,unofficial
10293802653,5.4972210,-4.0514292,SGBCI,bus_stop,platform,,no,unofficial
10293802654,5.4955769,-4.0517388,Shell,bus_stop,platform,,no,unofficial
10293802655,5.4953020,-4.0516761,Shell,bus_stop,platform,,no,unofficial
10293802656,5.4936526,-4.0517985,Inspection,bus_stop,platform,,no,unofficial
10293802657,5.4935048,-4.0516248,Inspection,bus_stop,platform,,no,unofficial
10293802658,5.4907975,-4.0517231,Carrefour Château,bus_stop,platform,,no,unofficial
10293802659,5.4923646,-4.0516970,Scierie,bus_stop,platform,,no,unofficial
10293802660,5.4922552,-4.0515861,Scierie,bus_stop,platform,,no,unofficial
10293802661,5.4905549,-4.0515611,Carrefour Château,bus_stop,platform,,no,unofficial
10293802662,5.4850163,-4.0514355,Carrefour Zossonkoi,bus_stop,platform,,no,unofficial
10293802663,5.4847133,-4.0513424,Carrefour Zossonkoi,bus_stop,platform,,no,unofficial
10293854668,5.4906296,-4.0517198,Carrefour Château,bus_stop,platform,,no,unofficial
10293854669,5.4969724,-4.0636560,Lavage,bus_stop,platform,,no,unofficial
10293854671,5.4978761,-4.0660435,Terminus Seminaire,bus_stop,platform,,no,unofficial
10293854672,5.4979351,-4.0660214,Terminus Seminaire,bus_stop,platform,,no,unofficial
10293854673,5.4976928,-4.0649659,Carrefour Seminaire,bus_stop,platform,,no,unofficial
10293854674,5.4958783,-4.0626311,Carrefour Lycée,bus_stop,platform,,no,unofficial
10293854675,5.4957534,-4.0624083,Carrefour Lycée,bus_stop,platform,,no,unofficial
10293854676,5.4942087,-4.0610752,En Bas du Pont,bus_stop,platform,,no,unofficial
10293854677,5.4941967,-4.0607369,Petit Pont,bus_stop,platform,,no,unofficial
10293854678,5.4927728,-4.0560532,En Bas du Pont,bus_stop,platform,,no,unofficial
10293854679,5.4928248,-4.0559288,En Bas du Pont,bus_stop,platform,,no,unofficial
10293854680,5.4907475,-4.0548095,Sainte Monique,bus_stop,platform,,no,unofficial
10293854681,5.4908024,-4.0545074,Sainte Monique,bus_stop,platform,,no,unofficial
10293919005,5.5125659,-4.0596539,Grand carrefour,bus_stop,platform,,no,unofficial
10293919006,5.5125846,-4.0596154,Grand carrefour,bus_stop,platform,,no,unofficial
10293919007,5.5111326,-4.0576449,Au Pont,bus_stop,platform,,no,unofficial
10293919008,5.5110360,-4.0573860,Au Pont,bus_stop,platform,,no,unofficial
10293941109,5.5062589,-4.0535666,Gendarmerie,bus_stop,platform,,no,unofficial
10293941110,5.5059358,-4.0533863,Gendarmerie,bus_stop,platform,,no,unofficial
10293941111,5.5057704,-4.0534266,Police,bus_stop,platform,,no,unofficial
10293941112,5.5052984,-4.0531939,Police,bus_stop,platform,,no,unofficial
10293941113,5.5043693,-4.0530469,Carrefour Yapokoi,bus_stop,platform,,no,unofficial
10293941114,5.5044912,-4.0529664,Carrefour Yapokoi,bus_stop,platform,,no,unofficial
10293941115,5.5031703,-4.0526987,Schneider,bus_stop,platform,,no,unofficial
10293941116,5.5031363,-4.0525614,Schneider,bus_stop,platform,,no,unofficial
10293941117,5.5023125,-4.0523165,PDCI,bus_stop,platform,,no,unofficial
10293941118,5.4997646,-4.0517408,Mission Catholique,bus_stop,platform,,no,unofficial
10293941119,5.4994398,-4.0515405,Mission Catholique,bus_stop,platform,,no,unofficial
10293941120,5.4986248,-4.0514320,Carrefour Maternité,bus_stop,platform,,no,unofficial
10294996099,5.4619192,-4.0539123,Ancienne Gendarmerie,bus_stop,platform,,no,unofficial
10294996100,5.4654907,-4.0543064,Abossia,bus_stop,platform,,no,unofficial
10294996101,5.4724150,-4.0543740,Morgue,bus_stop,platform,,,unofficial
10294996102,5.4797779,-4.0536316,Colatier,bus_stop,platform,,no,unofficial
10294996103,5.5025016,-4.0525596,PDCI,bus_stop,platform,,no,unofficial
10294996104,5.4801196,-4.0529882,Gare Routière,bus_stop,platform,,no,unofficial
10294996105,5.4779223,-4.0554757,Carrefour à Gauche,bus_stop,platform,,no,unofficial
10294996106,5.4777427,-4.0553740,Carrefour à Gauche,bus_stop,platform,,no,unofficial
10294996107,5.4754893,-4.0553138,A l'école,bus_stop,platform,,no,unofficial
10294996108,5.4753887,-4.0550919,A l'école,bus_stop,platform,,no,unofficial
10295005609,5.4691983,-4.0529719,Kedjenou,bus_stop,platform,,no,unofficial
10295005610,5.4706403,-4.0532778,Contrôle,bus_stop,platform,,no,unofficial
10295005611,5.4704560,-4.0530113,Contrôle,bus_stop,platform,,no,unofficial
10295005612,5.4689553,-4.0527834,Kedjenou,bus_stop,platform,,no,unofficial
10295005613,5.4675052,-4.0533382,Berthé,bus_stop,platform,,no,unofficial
10295005614,5.4650817,-4.0541831,Abossia,bus_stop,platform,,no,unofficial
10295014154,5.3817800,-3.9123948,Carrefour les Roses Vallées,bus_stop,platform,,,unofficial
10295014155,5.3747544,-3.9117791,Station,bus_stop,platform,,,unofficial
10295014156,5.3778609,-3.9127420,Pharmacie,bus_stop,platform,,,unofficial
10295014157,5.3794391,-3.9125452,Carrefour Prunelle,bus_stop,platform,,,unofficial
10295014158,5.3827440,-3.9069814,Grâce Esther,bus_stop,platform,,,unofficial
10295014159,5.3837027,-3.9052755,Cité anthena 6 extension 8,bus_stop,platform,,,unofficial
10295014161,5.3826292,-3.9070237,Grâce Esther,bus_stop,platform,,,unofficial
10295014162,5.3822901,-3.9076473,Carrefour Eglise,bus_stop,platform,,,unofficial
10295014163,5.3817346,-3.9123184,Carrefour les Roses Vallées,bus_stop,platform,,,unofficial
10295014164,5.3794354,-3.9125054,Carrefour Prunelle,bus_stop,platform,,,unofficial
10295014165,5.3777955,-3.9127029,Pharmacie,bus_stop,platform,,,unofficial
10295064212,5.3327900,-3.9573215,Institut Britanique,bus_stop,platform,,,unofficial
10295064213,5.3296045,-3.9552567,Chantier,bus_stop,platform,,,unofficial
10295064214,5.3282405,-3.9542335,Pharmacie Boaz,bus_stop,platform,,,unofficial
10295064215,5.3246845,-3.9548514,Gare des Wôrô Wôrô - M'Pouto,bus_stop,platform,,,unofficial
10295064216,5.3247272,-3.9549351,Gare des Wôrô Wôrô - M'Pouto,bus_stop,platform,,,unofficial
10295064217,5.3282524,-3.9543497,Pharmacie Boaz,bus_stop,platform,,,unofficial
10295064218,5.3302055,-3.9552832,Chantier,bus_stop,platform,,,unofficial
10295064219,5.3310087,-3.9577475,Carrefour Philadelphie,bus_stop,platform,,,unofficial
10295106545,5.3862327,-3.9129858,Carrefour Medical,bus_stop,platform,,,unofficial
10295106546,5.3936089,-3.9079547,Carrefour Panneau 50,bus_stop,platform,,,unofficial
10295106547,5.3915077,-3.9102617,Carrefour Residence,bus_stop,platform,,,unofficial
10295106549,5.3914393,-3.9102624,Carrefour Residence,bus_stop,platform,,,unofficial
10295106550,5.3917345,-3.9118308,Carrefour Eglise,bus_stop,platform,,,unofficial
10295106551,5.3916591,-3.9118937,Carrefour Eglise,bus_stop,platform,,,unofficial
10295106552,5.3863378,-3.9128997,Carrefour Medical,bus_stop,platform,,,unofficial
10295106553,5.3854041,-3.9125860,Carrefour Moye-Dhan,bus_stop,platform,,,unofficial
10295106554,5.3851929,-3.9124847,Carrefour Moye-Dhan,bus_stop,platform,,,unofficial
10295106555,5.3837763,-3.9124925,Carrefour Panneau Stop,bus_stop,platform,,,unofficial
10295106556,5.3837485,-3.9124195,Carrefour Panneau Stop,bus_stop,platform,,,unofficial
10295106557,5.3810635,-3.9123169,Carrefour Panneau,bus_stop,platform,,,unofficial
10295106558,5.3829319,-3.9125057,Carrefour Miri,bus_stop,platform,,,unofficial
10295106559,5.3831364,-3.9123971,Carrefour Miri,bus_stop,platform,,,unofficial
10295106560,5.3810309,-3.9122659,Carrefour Panneau,bus_stop,platform,,,unofficial
10295106561,5.3742902,-3.9112647,Gare Feh Kessé,bus_stop,platform,,,unofficial
10295106738,5.3477410,-3.9415759,Au guerré,bus_stop,platform,,,unofficial
10295106739,5.3474112,-3.9422786,Elishama,bus_stop,platform,,,unofficial
10295106740,5.3468143,-3.9434373,Carrefour Mosquée,bus_stop,platform,,,unofficial
10295106741,5.3466995,-3.9439496,A l'etage,bus_stop,platform,,,unofficial
10295106742,5.3534122,-3.9698066,Carrefour Alpha,bus_stop,platform,,,unofficial
10295106743,5.3518520,-3.9717381,Elysée Viera,bus_stop,platform,,,unofficial
10295136978,5.3398722,-3.9452056,Carrefour Antenne,bus_stop,platform,,,unofficial
10295136979,5.3350932,-3.9439335,Panier d'Or,bus_stop,platform,,,unofficial
10295136980,5.3313731,-3.9404427,Ambassade de Chine,bus_stop,platform,,,unofficial
10295136981,5.3288707,-3.9383975,Carrefour M'Badon,bus_stop,platform,,,unofficial
10295136982,5.3283446,-3.9450554,Ecole Libanaise,bus_stop,platform,,,unofficial
10295136983,5.3287959,-3.9508302,Mosquee CIAD,bus_stop,platform,,,unofficial
10295136984,5.3283353,-3.9490928,Pharmacie M'Pouto,bus_stop,platform,,,unofficial
10295136985,5.3291605,-3.9381816,Hôtel Coquette,bus_stop,platform,,,unofficial
10295136986,5.3331450,-3.9421821,Ambassade de Chine,bus_stop,platform,,,unofficial
10295136987,5.3359438,-3.9448535,Cité de doyen,bus_stop,platform,,,unofficial
10295139991,5.3467182,-3.9440636,A l'etage,bus_stop,platform,,,unofficial
10295248947,5.3578955,-3.8906680,Lycée Garçon de Bingerville,bus_stop,platform,,,unofficial
10295248948,5.3602847,-3.8904881,EMPT,bus_stop,platform,,,unofficial
10295248949,5.3627244,-3.8902948,Ecole,bus_stop,platform,,,unofficial
10295248950,5.3753269,-3.8873456,Carrefour Beauté,bus_stop,platform,,,unofficial
10295248951,5.3745207,-3.8849495,Carrefour Jardin,bus_stop,platform,,,unofficial
10295248952,5.3744660,-3.8848970,Carrefour Jardin,bus_stop,platform,,,unofficial
10295248953,5.3753040,-3.8874495,Carrefour Beauté,bus_stop,platform,,,unofficial
10295248955,5.3756750,-3.8888390,Pharmacie,bus_stop,platform,,,unofficial
10295248956,5.3756593,-3.8890280,Pharmacie,bus_stop,platform,,,unofficial
10295248957,5.3626348,-3.8902327,Ecole,bus_stop,platform,,,unofficial
10295248958,5.3597941,-3.8881536,Orphelinat,bus_stop,platform,,,unofficial
10295423497,5.4059732,-3.9906804,Pharmacie Bel Horizon,bus_stop,platform,,,unofficial
10295423498,5.4099479,-3.9852704,Carrefour Batim,bus_stop,platform,,,unofficial
10295423499,5.4112857,-3.9833272,Pharmacie Centrale Angré,bus_stop,platform,,,unofficial
10295423500,5.4136129,-3.9799663,Pharmacie du château Angré,bus_stop,platform,,,unofficial
10295423501,5.4131068,-3.9807066,Sococé,bus_stop,platform,,,unofficial
10295528942,5.3641125,-3.8966516,Carrefour Auberge,bus_stop,platform,,,unofficial
10295528943,5.3718755,-3.8955036,Au Boeuf,bus_stop,platform,,,unofficial
10295528944,5.3833682,-3.8938949,Carrefour Eglise,bus_stop,platform,,,unofficial
10295528945,5.3854411,-3.8929354,Belle Cote,bus_stop,platform,,,unofficial
10295528946,5.3873691,-3.8927852,1er Lavage,bus_stop,platform,,,unofficial
10295528947,5.3910515,-3.8937199,2ème Lavage,bus_stop,platform,,,unofficial
10295528948,5.3923814,-3.8939640,Maison Blanche,bus_stop,platform,,,unofficial
10295528949,5.3954626,-3.8946238,A l'immeuble,bus_stop,platform,,,unofficial
10295528950,5.3964057,-3.8948764,Carrefour Cie,bus_stop,platform,,,unofficial
10295528951,5.3972345,-3.8950811,Mosquée,bus_stop,platform,,,unofficial
10295528952,5.3981672,-3.8953372,Washington,bus_stop,platform,,,unofficial
10295528953,5.3988006,-3.8954681,Carrefour Kadafi,bus_stop,platform,,,unofficial
10295528954,5.3995850,-3.8956769,Ecole,bus_stop,platform,,,unofficial
10295528955,5.4009529,-3.8959762,Carrefour La Vieille,bus_stop,platform,,,unofficial
10295528956,5.4023097,-3.8962852,Entrepôt,bus_stop,platform,,,unofficial
10295528957,5.4053809,-3.8957173,Maison en fer,bus_stop,platform,,,unofficial
10295528958,5.4072574,-3.8953497,Carrefour George,bus_stop,platform,,,unofficial
10295528959,5.4113845,-3.9002916,Carrefour Camp,bus_stop,platform,,,unofficial
10295528961,5.4112210,-3.8999715,Carrefour Camp,bus_stop,platform,,,unofficial
10295528962,5.4071936,-3.8951771,Carrefour George,bus_stop,platform,,,unofficial
10295528963,5.4052430,-3.8956497,Maison en fer,bus_stop,platform,,,unofficial
10295528964,5.4047465,-3.8959939,St Michel,bus_stop,platform,,,unofficial
10295528965,5.4022501,-3.8961920,Entrepôt,bus_stop,platform,,,unofficial
10295528966,5.4008801,-3.8958606,Carrefour La Vieille,bus_stop,platform,,,unofficial
10295528967,5.3996030,-3.8955669,Ecole,bus_stop,platform,,,unofficial
10295528968,5.3987618,-3.8953414,Carrefour Kadafi,bus_stop,platform,,,unofficial
10295528969,5.3981381,-3.8952133,Washington,bus_stop,platform,,,unofficial
10295528970,5.3972116,-3.8949920,Mosquée,bus_stop,platform,,,unofficial
10295528971,5.3963842,-3.8947873,Carrefour Cie,bus_stop,platform,,,unofficial
10295528972,5.3954387,-3.8945778,A l'immeuble,bus_stop,platform,,,unofficial
10295528973,5.3940164,-3.8942228,Pharmacie Akandjé,bus_stop,platform,,,unofficial
10295528974,5.3923505,-3.8937600,Maison Blanche,bus_stop,platform,,,unofficial
10295528975,5.3909895,-3.8934621,2ème Lavage,bus_stop,platform,,,unofficial
10295528976,5.3890548,-3.8931642,Lavage Auto,bus_stop,platform,,,unofficial
10295528977,5.3874204,-3.8926947,1er Lavage,bus_stop,platform,,,unofficial
10295528978,5.3854084,-3.8928085,Belle Cote,bus_stop,platform,,,unofficial
10295528979,5.3833177,-3.8938512,Carrefour Eglise,bus_stop,platform,,,unofficial
10295528980,5.3717872,-3.8953957,Au Boeuf,bus_stop,platform,,,unofficial
10295528981,5.3688330,-3.8959094,Cap Lavage,bus_stop,platform,,,unofficial
10295528982,5.3639862,-3.8965887,Carrefour Auberge,bus_stop,platform,,,unofficial
10295528983,5.3615538,-3.8945027,Station,bus_stop,platform,,,unofficial
10295603526,5.3503915,-3.8848458,Carrefour Gbagba Nord,bus_stop,platform,,,unofficial
10295603527,5.3368558,-3.8916492,Au Marché,bus_stop,platform,,,unofficial
10295603529,5.3376757,-3.8912737,Lavage,bus_stop,platform,,,unofficial
10295603530,5.3377932,-3.8913891,Lavage,bus_stop,platform,,,unofficial
10295603531,5.3384461,-3.8910887,Carrefour Cave,bus_stop,platform,,,unofficial
10295603532,5.3385890,-3.8912147,Carrefour Cave,bus_stop,platform,,,unofficial
10295603533,5.3406494,-3.8905723,Carrefour Mosquée,bus_stop,platform,,,unofficial
10295603534,5.3408230,-3.8906582,Carrefour Mosquée,bus_stop,platform,,,unofficial
10295603535,5.3418551,-3.8902599,Carrefour Eglise,bus_stop,platform,,,unofficial
10295603536,5.3419165,-3.8903779,Carrefour Eglise,bus_stop,platform,,,unofficial
10295603537,5.3431630,-3.8900882,Marché,bus_stop,platform,,,unofficial
10295603538,5.3460025,-3.8892205,Carrefour Temple,bus_stop,platform,,,unofficial
10295603539,5.3461848,-3.8889100,Pâtisserie,bus_stop,platform,,,unofficial
10295603540,5.3473685,-3.8888249,Carrefour Residence,bus_stop,platform,,,unofficial
10295603541,5.3483859,-3.8874033,Garage,bus_stop,platform,,,unofficial
10295603543,5.3491170,-3.8849739,Pharmacie Gbagba,bus_stop,platform,,,unofficial
10295603544,5.3505290,-3.8849652,Carrefour Gbagba Nord,bus_stop,platform,,,unofficial
10295603545,5.3564189,-3.8832573,Bangui,bus_stop,platform,,,unofficial
10295758266,5.3545549,-3.8796833,Carrefour Sicogi 2,bus_stop,platform,,,unofficial
10295758267,5.3419092,-3.8608548,Carrefour Kiosque,bus_stop,platform,,,unofficial
10295758268,5.3372057,-3.8604847,Laurier 22,bus_stop,platform,,,unofficial
10295758269,5.3364112,-3.8611177,Petit Carrefour,bus_stop,platform,,,unofficial
10295758270,5.3356287,-3.8617466,Eglise,bus_stop,platform,,,unofficial
10295758271,5.3350171,-3.8622013,Après le pont,bus_stop,platform,,,unofficial
10295758272,5.3267249,-3.8676757,Carrefour Fromager,bus_stop,platform,,,unofficial
10295758273,5.3229246,-3.8718170,Carrefour Logement,bus_stop,platform,,,unofficial
10295758274,5.3237645,-3.8725103,Panneau 30,bus_stop,platform,,,unofficial
10295758275,5.3256219,-3.8752636,2 Poteaux,bus_stop,platform,,,unofficial
10295758277,5.3299149,-3.8658920,Maison Blanche,bus_stop,platform,,,unofficial
10295758278,5.3232344,-3.8697825,Panneau 30,bus_stop,platform,,,unofficial
10295758279,5.3257351,-3.8752556,2 Poteaux,bus_stop,platform,,,unofficial
10295758280,5.3246738,-3.8736339,Chantier,bus_stop,platform,,,unofficial
10295758281,5.3245203,-3.8732684,Chantier,bus_stop,platform,,,unofficial
10295758282,5.3238052,-3.8724497,Carrefour Hilaire,bus_stop,platform,,,unofficial
10295758283,5.3231883,-3.8699247,Panneau 30,bus_stop,platform,,,unofficial
10295758284,5.3295451,-3.8659892,Carrefour sable,bus_stop,platform,,,unofficial
10295758285,5.3337766,-3.8631226,Grâce Amitié,bus_stop,platform,,,unofficial
10295758286,5.3356058,-3.8618134,Eglise,bus_stop,platform,,,unofficial
10295758287,5.3364203,-3.8612805,Petit Carrefour,bus_stop,platform,,,unofficial
10295758288,5.3372478,-3.8605915,Laurier 22,bus_stop,platform,,,unofficial
10295758289,5.3389852,-3.8593448,Panneau 50,bus_stop,platform,,,unofficial
10295758290,5.3384707,-3.8595914,Panneau 50,bus_stop,platform,,,unofficial
10295758291,5.3401772,-3.8583689,Carrefour Anan,bus_stop,platform,,,unofficial
10295758292,5.3403285,-3.8585057,Carrefour Anan,bus_stop,platform,,,unofficial
10295758293,5.3418062,-3.8608955,Carrefour Kiosque,bus_stop,platform,,,unofficial
10295758294,5.3422714,-3.8614109,Carrefour Etal,bus_stop,platform,,,unofficial
10295758295,5.3422540,-3.8616025,Carrefour Etal,bus_stop,platform,,,unofficial
10295758296,5.3445949,-3.8650528,Carrefour Motel,bus_stop,platform,,,unofficial
10295758297,5.3444266,-3.8650798,Carrefour Motel,bus_stop,platform,,,unofficial
10295758298,5.3478045,-3.8700734,Menuiserie,bus_stop,platform,,,unofficial
10295758299,5.3477024,-3.8700987,Menuiserie,bus_stop,platform,,,unofficial
10295758300,5.3490183,-3.8718059,Carrefour Eglise / Adjamé Bingerville,bus_stop,platform,,,unofficial
10295758301,5.3491240,-3.8719779,Carrefour Eglise / Adjamé Bingerville,bus_stop,platform,,,unofficial
10295758302,5.3511815,-3.8752412,Bon Prix,bus_stop,platform,,,unofficial
10295758303,5.3533811,-3.8779915,Carrefour Marché,bus_stop,platform,,,unofficial
10295758304,5.3535279,-3.8783539,Carrefour Marché,bus_stop,platform,,,unofficial
10296520783,5.4034685,-3.9823133,Tapis Rouge,bus_stop,platform,,no,unofficial
10296520784,5.4033784,-3.9760785,Pharmacie les Arcades/Terminus 205,bus_stop,platform,,no,unofficial
10296520785,5.3993669,-3.9704123,Caféier 8,bus_stop,platform,,,
10296520786,5.3968555,-3.9692107,Programme 6,bus_stop,platform,,,
10296520787,5.3999472,-3.9652094,Cité Diaspora,bus_stop,platform,,,unofficial
10296520788,5.4025700,-3.9614122,Feu Gestoci,bus_stop,platform,,,unofficial
10296520789,5.4012428,-3.9605250,Dady Shekina,bus_stop,platform,,,
10296520791,5.3968034,-3.9693488,Programme 6,bus_stop,platform,,,
10296520792,5.4002522,-3.9711542,Pharmacie Belle vue d’angré,bus_stop,platform,,,
10296520793,5.4004564,-3.9720283,Jean Paul 2,bus_stop,platform,,,
10296520794,5.4032001,-3.9764332,Pharmacie les Arcades/Terminus 205,bus_stop,platform,,no,unofficial
10296520795,5.4034191,-3.9824420,Tapis Rouge,bus_stop,platform,,no,unofficial
10296520796,5.4040319,-3.9875557,Nouvelle Station Petro Ivoire,bus_stop,platform,,no,unofficial
10296548822,5.3987897,-3.9932798,Rose Blanche,bus_stop,platform,,no,unofficial
10296548824,5.4041687,-3.9906746,Angré Petro Ivoire,bus_stop,platform,,no,unofficial
10296548825,5.4013267,-3.9910150,Carrefour Adama Sanogo,bus_stop,platform,,no,unofficial
10296548826,5.3983752,-3.9917715,22ème,bus_stop,platform,,no,unofficial
10296548827,5.3987058,-3.9934519,Rose Blanche,bus_stop,platform,,no,unofficial
10296548829,5.3989461,-3.9943591,Carrefour rue des bars,bus_stop,platform,,no,unofficial
10296548830,5.3992786,-3.9959312,Carrefour Temple,bus_stop,platform,,no,unofficial
10296548832,5.3995220,-3.9974378,Mahou,bus_stop,platform,,no,unofficial
10296557067,5.3993509,-3.9959000,Carrefour Temple,bus_stop,platform,,no,unofficial
10296557068,5.4076755,-3.9886071,Caféier 6,bus_stop,platform,,,unofficial
10296557069,5.4134693,-3.9798490,Pharmacie du château Angré,bus_stop,platform,,,unofficial
10296557070,5.3997782,-3.9992903,Geo-Beton,bus_stop,platform,,no,unofficial
10296715479,5.3281436,-4.0052012,Hôtel Ivoire,bus_stop,platform,,no,unofficial
10296715480,5.3524144,-4.0020584,Hôtel Palm Club,bus_stop,platform,,no,unofficial
10296715481,5.3631485,-3.9976086,Farandole,bus_stop,platform,,no,unofficial
10296715482,5.3653386,-3.9976049,Carrefour macaci,bus_stop,platform,,no,unofficial
10296715483,5.3685982,-3.9983052,2 Plateaux Mobil,bus_stop,platform,,no,unofficial
10296715484,5.3713594,-3.9983469,Banque SGBCI,bus_stop,platform,,no,unofficial
10296715485,5.3725217,-3.9985420,Petit Carrefour,bus_stop,platform,,no,unofficial
10296715486,5.3749419,-3.9985643,Carrefour 12ème arrondissement,bus_stop,platform,,no,unofficial
10296715487,5.3894793,-3.9926642,Mahikari,bus_stop,platform,,no,unofficial
10296715488,5.3919122,-3.9923659,Ancienne Ambassade de Chine,bus_stop,platform,,no,unofficial
10296715489,5.3957073,-3.9918861,Cité Papayer,bus_stop,platform,,no,unofficial
10296715490,5.3981813,-3.9915910,22ème,bus_stop,platform,,no,unofficial
10296715491,5.4068464,-3.9899039,Carrefour Star 6,bus_stop,platform,,,unofficial
10296727802,5.4111282,-3.9832883,Pharmacie Centrale Angré,bus_stop,platform,,,unofficial
10296727803,5.3985752,-3.9913456,22ème,bus_stop,platform,,no,unofficial
10296727804,5.3960798,-3.9916340,Cité Papayer,bus_stop,platform,,no,unofficial
10296727805,5.3915082,-3.9922147,Ancienne Ambassade de Chine,bus_stop,platform,,no,unofficial
10296727806,5.3777825,-3.9971714,Carrefour Duncan,bus_stop,platform,,no,unofficial
10296727807,5.3736153,-3.9983429,SOCOCE 2 Pltx,bus_stop,platform,,no,unofficial
10296727808,5.3726252,-3.9983448,Petit Carrefour,bus_stop,platform,,no,unofficial
10296745509,5.3712880,-3.9981169,Banque SGBCI,bus_stop,platform,,no,unofficial
10296745510,5.3650912,-3.9973967,Carrefour macaci,bus_stop,platform,,no,unofficial
10296745511,5.3631605,-3.9974061,Farandole,bus_stop,platform,,no,unofficial
10296745512,5.3607183,-3.9976595,ENA,bus_stop,platform,,no,unofficial
10296745513,5.3581560,-4.0009667,BMW,bus_stop,platform,,no,unofficial
10296745514,5.3519631,-4.0019403,Hôtel Palm Club,bus_stop,platform,,no,unofficial
10296745515,5.3443321,-4.0028308,Sodemi,bus_stop,platform,,no,unofficial
10296745516,5.3431517,-4.0029717,RTI,bus_stop,platform,,no,unofficial
10296745517,5.3373443,-4.0037339,Pharmacie St Jean,bus_stop,platform,,no,unofficial
10296810721,5.3589906,-3.9784619,Doraville,bus_stop,platform,,,unofficial
10296810722,5.3600060,-3.9786205,Garage Al bayan,bus_stop,platform,,,unofficial
10296810723,5.3648094,-3.9793372,Polyclinique Sacré-Coeur,bus_stop,platform,,,unofficial
10296810724,5.3694771,-3.9777064,Escalier,bus_stop,platform,,,unofficial
10296810725,5.3600178,-3.9785028,Garage Al bayan,bus_stop,platform,,,unofficial
10296873000,5.4083602,-3.9867701,Groupe Scolaire Winner Grâce Faveur,bus_stop,platform,,no,unofficial
10296873001,5.4064891,-3.9855195,Pharmacie du Jubilé,bus_stop,platform,,no,unofficial
10296873002,5.4055656,-3.9849975,SNEDAI,bus_stop,platform,,no,unofficial
10296873003,5.4046790,-3.9850346,Terminus 81/82,bus_stop,platform,,no,unofficial
10296873004,5.4046918,-3.9851226,Terminus 81/82,bus_stop,platform,,no,unofficial
10296873005,5.4056502,-3.9851194,SNEDAI,bus_stop,platform,,no,unofficial
10296873006,5.4065252,-3.9856566,Pharmacie du Jubilé,bus_stop,platform,,no,unofficial
10297050896,5.4237401,-3.9914658,Ecole,bus_stop,platform,,no,unofficial
10297050897,5.4231887,-3.9919094,Ecole,bus_stop,platform,,no,unofficial
10297050898,5.4234978,-3.9950452,Lavage Bleu Blanc,bus_stop,platform,,no,unofficial
10297050899,5.4234941,-3.9952761,Lavage Bleu Blanc,bus_stop,platform,,no,unofficial
10297050900,5.4236391,-3.9973658,Boulangerie,bus_stop,platform,,no,unofficial
10297050901,5.4235909,-3.9977377,Boulangerie,bus_stop,platform,,no,unofficial
10297050902,5.4236484,-3.9985029,Eglise,bus_stop,platform,,no,unofficial
10297050903,5.4236059,-3.9991177,Eglise,bus_stop,platform,,no,unofficial
10297050904,5.4236660,-4.0003642,Hôpital,bus_stop,platform,,no,unofficial
10297050905,5.4236201,-4.0007339,Hôpital,bus_stop,platform,,no,unofficial
10297050906,5.4236920,-4.0012963,Carrefour Marché,bus_stop,platform,,no,unofficial
10297050907,5.4235895,-4.0028347,Ancienne Boulangerie,bus_stop,platform,,no,unofficial
10297050908,5.4233711,-4.0028151,Ancienne Boulangerie,bus_stop,platform,,no,unofficial
10297103109,5.4219941,-4.0037218,Carrefour a Gauche,bus_stop,platform,,no,unofficial
10297103110,5.4220632,-4.0028620,Carrefour Mosquée,bus_stop,platform,,no,unofficial
10297103111,5.4219975,-4.0028091,Carrefour Mosquée,bus_stop,platform,,no,unofficial
10297103112,5.4219610,-4.0037628,Carrefour a Gauche,bus_stop,platform,,no,unofficial
10297103113,5.4186181,-4.0058647,Pharmacie Kennedy,bus_stop,platform,,no,unofficial
10297103114,5.4188995,-4.0057191,Pharmacie Kennedy,bus_stop,platform,,no,unofficial
10297198771,5.3966132,-4.0033552,Allocodrome,bus_stop,platform,,no,unofficial
10297198772,5.3965601,-4.0035679,Allocodrome,bus_stop,platform,,no,unofficial
10297198773,5.3966228,-4.0038198,Pharmacie,bus_stop,platform,,no,unofficial
10297198774,5.3965705,-4.0041813,Pharmacie,bus_stop,platform,,no,unofficial
10297198775,5.3966512,-4.0054412,Cité,bus_stop,platform,,no,unofficial
10297198776,5.3966129,-4.0056724,Cité,bus_stop,platform,,no,unofficial
10297198777,5.3966737,-4.0061365,Arrêt Dokui,bus_stop,platform,,no,unofficial
10297198778,5.3970374,-4.0064373,Arrêt Dokui,bus_stop,platform,,no,unofficial
10297198779,5.4009510,-4.0064558,Au Sable,bus_stop,platform,,no,unofficial
10297198780,5.4012549,-4.0065796,Au Sable,bus_stop,platform,,no,unofficial
10298060242,5.4407900,-4.0469465,Ancien Garage,bus_stop,platform,,no,unofficial
10298060243,5.4430776,-4.0483030,Glacier,bus_stop,platform,,no,unofficial
10298060244,5.4435362,-4.0638712,Plaque Rouge,bus_stop,platform,,no,unofficial
10298060247,5.4494785,-4.0626495,Ecole Amani,bus_stop,platform,,no,unofficial
10298060248,5.4436711,-4.0580039,Garage Massa/ Bon Prix,bus_stop,platform,,no,unofficial
10298060249,5.4438152,-4.0576096,Garage Massa/ Bon Prix,bus_stop,platform,,no,unofficial
10298060250,5.4371867,-4.0324424,Petit Carrefour,bus_stop,platform,,no,unofficial
10298060251,5.4372788,-4.0319465,Petit Carrefour,bus_stop,platform,,no,unofficial
10298060252,5.4350579,-4.0282233,Lavage,bus_stop,platform,,no,unofficial
10298060253,5.4350839,-4.0279772,Lavage,bus_stop,platform,,no,unofficial
10298060254,5.4318560,-4.0250663,Ancien Garage,bus_stop,platform,,no,unofficial
10298060255,5.4311568,-4.0248049,Collé collé,bus_stop,platform,,no,unofficial
10298060256,5.4305114,-4.0239893,Collé collé,bus_stop,platform,,no,unofficial
10298095231,5.4146581,-4.0264243,A la Mosquée,bus_stop,platform,,,unofficial
10298095232,5.4148612,-4.0301236,Gare des Taxis,bus_stop,platform,,,unofficial
10298095233,5.4147181,-4.0276841,Carrefour Kiosque,bus_stop,platform,,no,unofficial
10298095234,5.4147276,-4.0262108,A la Mosquée,bus_stop,platform,,,unofficial
10298095235,5.4147786,-4.0241399,Carrefour 21ème,bus_stop,platform,,,unofficial
10298095236,5.4155921,-4.0239931,Carrefour MTN,bus_stop,platform,,no,unofficial
10298095237,5.4159674,-4.0241053,Carrefour MTN,bus_stop,platform,,no,unofficial
10298095238,5.4174282,-4.0239239,Carrefour Mosquée,bus_stop,platform,,no,unofficial
10298095239,5.4175280,-4.0240862,Carrefour Mosquée,bus_stop,platform,,no,unofficial
10298095240,5.4227404,-4.0238452,Ecole Diemory,bus_stop,platform,,no,unofficial
10298095241,5.4229571,-4.0239239,Ecole Diemory,bus_stop,platform,,no,unofficial
10298095242,5.4253168,-4.0219162,Carrefour Bocabo,bus_stop,platform,,no,unofficial
10300373019,5.4391706,-3.9861160,Carrefour à gauche,bus_stop,platform,,no,unofficial
10300373022,5.4505412,-3.9752296,Abbatoir,bus_stop,platform,,no,unofficial
10300373023,5.4462077,-3.9777978,Au portail,bus_stop,platform,,no,unofficial
10300373024,5.4403735,-3.9849003,Lavage,bus_stop,platform,,no,unofficial
10300373025,5.4391472,-3.9859966,Carrefour à gauche,bus_stop,platform,,no,unofficial
10300373026,5.4364343,-3.9878058,Isrod,bus_stop,platform,,no,unofficial
10300373027,5.4362902,-3.9877957,Isrod,bus_stop,platform,,no,unofficial
10300373028,5.4352969,-3.9882517,Carrefour Eaux et Forêt,bus_stop,platform,,no,unofficial
10300373029,5.4351800,-3.9882195,Carrefour Eaux et Forêt,bus_stop,platform,,no,unofficial
10300373030,5.4323290,-3.9888760,Carrefour Marché,bus_stop,platform,,no,unofficial
10300373031,5.4321808,-3.9888391,Carrefour Marché,bus_stop,platform,,no,unofficial
10300373032,5.4303849,-3.9891735,Carrefour Mosquée,bus_stop,platform,,no,unofficial
10300373033,5.4295839,-3.9892776,Kiyala,bus_stop,platform,,no,unofficial
10300373034,5.4293697,-3.9892355,Kiyala,bus_stop,platform,,no,unofficial
10300373035,5.4290413,-3.9893795,Carrefour Colombe,bus_stop,platform,,no,unofficial
10300373036,5.4234329,-3.9902822,Conteneur,bus_stop,platform,,no,unofficial
10300373037,5.4215289,-3.9904540,Foyer des Jeunes,bus_stop,platform,,no,unofficial
10300373038,5.4202157,-3.9906637,34eme,bus_stop,platform,,no,unofficial
10300373039,5.4194565,-3.9907797,Wottro Gare,bus_stop,platform,,no,unofficial
10300373040,5.4170990,-3.9913887,Trois Palmiers,bus_stop,platform,,no,unofficial
10300373041,5.4169347,-3.9913947,Trois Palmiers,bus_stop,platform,,no,unofficial
10300373042,5.4161374,-3.9920781,Carrefour Chantier,bus_stop,platform,,no,unofficial
10300373043,5.4160870,-3.9920156,Carrefour Chantier,bus_stop,platform,,no,unofficial
10300373044,5.4154763,-3.9931950,Bienvenue Abobo Baoulé,bus_stop,platform,,no,unofficial
10300373045,5.4153438,-3.9935549,Pont Blanc,bus_stop,platform,,no,unofficial
10300373046,5.4151831,-3.9936999,Pont Blanc,bus_stop,platform,,no,unofficial
10300373047,5.4154571,-3.9993826,Étage Noir,bus_stop,platform,,no,unofficial
10300373048,5.4155760,-4.0017901,Ivograin,bus_stop,platform,,no,unofficial
10300373049,5.4154965,-4.0021295,Ivograin,bus_stop,platform,,no,unofficial
10300373050,5.4155881,-4.0027207,Station Total,bus_stop,platform,,no,unofficial
10300373051,5.4155133,-4.0030240,Station Total,bus_stop,platform,,no,unofficial
10300373052,5.4151084,-4.0067592,Samaké,bus_stop,platform,,no,unofficial
10300373053,5.4194739,-4.0153480,Gare d'Abobo,bus_stop,platform,,no,unofficial
10300817837,5.4157389,-4.0081431,Petit Carrefour,bus_stop,platform,,no,unofficial
10302264751,5.3662108,-4.0127624,Garage CFA,bus_stop,platform,,no,unofficial
10302264752,5.3671715,-4.0117720,Manguier,bus_stop,platform,,no,unofficial
10302264753,5.3679833,-4.0109660,Pharmacie Bonne Santé,bus_stop,platform,,no,unofficial
10302264754,5.3683812,-4.0103920,Virage,bus_stop,platform,,no,unofficial
10302264755,5.3684226,-4.0097804,Terrain de Conduite,bus_stop,platform,,no,unofficial
10302264756,5.3684320,-4.0089134,Awoulaba,bus_stop,platform,,no,unofficial
10302264757,5.3684226,-4.0081725,Bleu Marine,bus_stop,platform,,no,unofficial
10302264758,5.3684213,-4.0068220,Pharmacie des Grâces,bus_stop,platform,,no,unofficial
10302264759,5.3684133,-4.0061414,Zé 10,bus_stop,platform,,no,unofficial
10302264760,5.3684119,-4.0055519,Ancien barrage,bus_stop,platform,,no,unofficial
10302264761,5.3684099,-4.0047285,Celeste,bus_stop,platform,,no,unofficial
10302264762,5.3684213,-4.0028302,Garage Moto,bus_stop,platform,,no,unofficial
10302264763,5.3684179,-4.0018847,Petit Carrefour,bus_stop,platform,,no,unofficial
10302264764,5.3684206,-4.0013020,Carrefour du Marché,bus_stop,platform,,no,unofficial
10302264765,5.3684280,-3.9999286,Carrefour Mendiant,bus_stop,platform,,no,unofficial
10302264766,5.3690482,-3.9999106,Gare de Yopougon - 2 Plateaux Mobil,bus_stop,platform,,no,unofficial
10302264767,5.3709822,-3.9999287,Eglise,bus_stop,platform,,no,unofficial
10302264768,5.3715283,-3.9997765,Rue des Maquis,bus_stop,platform,,no,unofficial
10302264769,5.3748944,-3.9981698,Boulangerie le Roi du Pain,bus_stop,platform,,no,unofficial
10302264770,5.3749064,-3.9961910,Pharmacie Maestro,bus_stop,platform,,no,unofficial
10302264771,5.3739851,-3.9949666,Grand Portail,bus_stop,platform,,no,unofficial
10302264772,5.3748250,-3.9962420,Pharmacie Maestro,bus_stop,platform,,no,unofficial
10302264773,5.3720758,-3.9995847,SOCOCE,bus_stop,platform,,no,unofficial
10302264774,5.3714506,-3.9997755,Rue des Maquis,bus_stop,platform,,no,unofficial
10302264775,5.3689420,-3.9998623,Gare de Yopougon - 2 Plateaux Mobil,bus_stop,platform,,no,unofficial
10302264776,5.3683839,-4.0000125,Carrefour Mendiant,bus_stop,platform,,no,unofficial
10302264777,5.3683808,-4.0013506,Carrefour du Marché,bus_stop,platform,,no,unofficial
10302264778,5.3683799,-4.0019353,Petit Carrefour,bus_stop,platform,,no,unofficial
10302264779,5.3683518,-4.0055881,Ancien Barrage,bus_stop,platform,,no,unofficial
10302264780,5.3683579,-4.0068320,Pharmacie des Grâces,bus_stop,platform,,no,unofficial
10302264781,5.3683719,-4.0081798,Bleu Marine,bus_stop,platform,,no,unofficial
10302264782,5.3683779,-4.0088363,Awoulaba,bus_stop,platform,,no,unofficial
10302264783,5.3683719,-4.0098790,Terrain de Conduite,bus_stop,platform,,no,unofficial
10302264784,5.3678592,-4.0109834,Pharmacie Bonne Santé,bus_stop,platform,,no,unofficial
10302264785,5.3671333,-4.0117436,Manguier,bus_stop,platform,,no,unofficial
10302264786,5.3660953,-4.0127859,Garage CFA,bus_stop,platform,,no,unofficial
10302584653,5.3616690,-3.9925714,Ambassade du Togo,bus_stop,platform,,no,unofficial
10302584654,5.3624101,-3.9946830,Escaliers,bus_stop,platform,,no,unofficial
10302584655,5.3683705,-4.0041532,Cratos,bus_stop,platform,,no,unofficial
10302584656,5.3683572,-4.0047084,Celeste,bus_stop,platform,,no,unofficial
10302584657,5.3683699,-4.0061380,Zé 10,bus_stop,platform,,no,unofficial
10302604936,5.3657762,-3.9974034,Pharmacie Orchid,bus_stop,platform,,no,unofficial
10302604937,5.3625129,-3.9971808,Orange Côte d'Ivoire,bus_stop,platform,,no,unofficial
10302604938,5.3625209,-3.9953314,International Cocoa Organization (ICCO),bus_stop,platform,,no,unofficial
10302604939,5.3624475,-3.9943913,Escaliers,bus_stop,platform,,no,unofficial
10302604940,5.3617865,-3.9916849,Résidence Bertile,bus_stop,platform,,no,unofficial
10302604941,5.3617919,-3.9927752,Ambassade du Togo,bus_stop,platform,,no,unofficial
10302629479,5.3569056,-3.8843845,Gare Bangui,bus_stop,platform,,,unofficial
10302629480,5.3471108,-3.8849223,Carrefour Kiosque,bus_stop,platform,,,unofficial
10302629481,5.3459958,-3.8848981,Carrefour Mosquée,bus_stop,platform,,,unofficial
10302629482,5.3442252,-3.8848378,Poubelle,bus_stop,platform,,,unofficial
10302629483,5.3438440,-3.8848901,Marché Berlin,bus_stop,platform,,,unofficial
10302629484,5.3446633,-3.8849599,Marché Berlin,bus_stop,platform,,,unofficial
10302656591,5.3539940,-3.8846165,Panneau 30,bus_stop,platform,,,unofficial
10304347249,5.4194977,-4.0204332,Marley,bus_stop,platform,,no,unofficial
10304347250,5.4144650,-4.0226065,Mosquée,bus_stop,platform,,no,unofficial
10304347251,5.4209963,-4.0190095,Abobo Gare Mairie,bus_stop,platform,,,unofficial
10304347252,5.4207499,-4.0202945,Marché Siaka Kone,bus_stop,platform,,no,unofficial
10304347253,5.4194648,-4.0203737,Marley,bus_stop,platform,,no,unofficial
10304347254,5.4141174,-4.0217646,A la Ran,bus_stop,platform,,no,unofficial
10304347255,5.4144088,-4.0219438,A la Ran,bus_stop,platform,,no,unofficial
10304347256,5.4145555,-4.0225582,Mosquée,bus_stop,platform,,no,unofficial
10308544387,5.3927152,-3.9865324,Carrefour Impôt,bus_stop,platform,,,unofficial
10308544388,5.3913479,-3.9867027,ANP(Aitorité Nationale de la Presse),bus_stop,platform,,,unofficial
10308544389,5.3909421,-3.9867671,Carrefour Pont Soro,bus_stop,platform,,,unofficial
10308544390,5.3903719,-3.9868315,COOPEC 7e tranche,bus_stop,platform,,,unofficial
10308544391,5.3887978,-3.9869803,Chawarma +,bus_stop,platform,,,unofficial
10308544392,5.3866641,-3.9872687,Café de Versailles,bus_stop,platform,,,unofficial
10308544393,5.3800550,-3.9880653,ESIT,bus_stop,platform,,no,unofficial
10308544394,5.3786116,-3.9882701,Clinique Médicale Sacré Coeur,bus_stop,platform,,,unofficial
10308544395,5.3779026,-3.9881042,Pharmacie Tera,bus_stop,platform,,,unofficial
10308544396,5.3776583,-3.9861448,SODECI,bus_stop,platform,,,unofficial
10308544397,5.3708233,-3.9816836,EPP Attoban,bus_stop,platform,,,unofficial
10308544398,5.3687452,-3.9799573,3ème Barrière,bus_stop,platform,,,unofficial
10308544399,5.3676015,-3.9796565,Pharmacie Saint Bernard,bus_stop,platform,,no,unofficial
10308544400,5.3590546,-3.9783181,Doraville,bus_stop,platform,,,unofficial
10308544401,5.3545034,-3.9776442,Riviera 2 - Gare annexe,bus_stop,platform,,,unofficial
10308544403,5.3708020,-3.9817326,EPP Attoban,bus_stop,platform,,,unofficial
10308544404,5.3775408,-3.9859986,SODECI,bus_stop,platform,,,unofficial
10308544405,5.3778999,-3.9883509,Pharmacie Tera,bus_stop,platform,,,unofficial
10308544406,5.3794181,-3.9882423,Hôtel La Forge,bus_stop,platform,,,unofficial
10308544407,5.3799989,-3.9881927,ESIT,bus_stop,platform,,no,unofficial
10308544408,5.3809869,-3.9880881,UIA,bus_stop,platform,,no,unofficial
10308591409,5.3839203,-3.9877407,Top Auto,bus_stop,platform,,no,unofficial
10308591410,5.3852609,-3.9875261,Station Shell 7e Tranche,bus_stop,platform,,no,unofficial
10308591411,5.3867950,-3.9873505,Café de Versailles,bus_stop,platform,,,unofficial
10308591413,5.3888084,-3.9870876,Chawarma +,bus_stop,platform,,,unofficial
10308591414,5.3903786,-3.9869019,COOPEC 7e tranche,bus_stop,platform,,,unofficial
10308591415,5.3909454,-3.9868442,Carrefour Pont Soro,bus_stop,platform,,,unofficial
10308591416,5.3913560,-3.9868301,ANP(Aitorité Nationale de la Presse),bus_stop,platform,,,unofficial
10308591417,5.3927232,-3.9866155,Carrefour Impôt,bus_stop,platform,,,unofficial
10308591418,5.3940950,-3.9864539,Carrefour Bluethooth,bus_stop,platform,,,unofficial
10308591419,5.3977527,-3.9860040,Complexe Sportif Angré,bus_stop,platform,,,unofficial
10308625141,5.3677690,-3.9797377,1ère Barrière,bus_stop,platform,,,unofficial
10308625142,5.3682297,-3.9798389,2ème Barrière,bus_stop,platform,,,unofficial
10308625143,5.3687270,-3.9800394,3ème Barrière,bus_stop,platform,,,unofficial
10308625144,5.3691603,-3.9803693,4ème Barrière,bus_stop,platform,,,unofficial
10308625145,5.3787959,-3.9883281,Clinique Médicale Sacré Coeur,bus_stop,platform,,,unofficial
10308625146,5.3968048,-3.9897510,Pharmacie des Nations,bus_stop,platform,,,unofficial
10308658603,5.3946351,-3.9908803,Les Oscars,bus_stop,platform,,no,unofficial
10308658604,5.3942252,-3.9875597,1er Carrefour,bus_stop,platform,,,unofficial
10308658605,5.3835665,-3.9876536,Top Auto,bus_stop,platform,,no,unofficial
10308658606,5.3691950,-3.9803197,4ème Barrière,bus_stop,platform,,,unofficial
10308658607,5.3678171,-3.9796753,1ère Barrière,bus_stop,platform,,,unofficial
10308658608,5.3682911,-3.9797665,2ème Barrière,bus_stop,platform,,,unofficial
10308815074,5.3809268,-3.9962004,Las Palmas,bus_stop,platform,,no,unofficial
10308815075,5.3822514,-3.9960690,Ecole Maternelle,bus_stop,platform,,no,unofficial
10308815076,5.3830625,-3.9955701,Marché de Aghien,bus_stop,platform,,no,unofficial
10308815077,5.3839263,-3.9947151,Carrefour Mosquée,bus_stop,platform,,no,unofficial
10308815078,5.3854692,-3.9941579,Pharmacie les Perles,bus_stop,platform,,no,unofficial
10308815079,5.3852255,-3.9921758,Cerao,bus_stop,platform,,no,unofficial
10308815080,5.3851941,-3.9918660,Pharmacie Magnificat,bus_stop,platform,,no,unofficial
10308815081,5.3847442,-3.9882074,Flamboyant,bus_stop,platform,,no,unofficial
10308815082,5.3846560,-3.9874363,Station Service Shell,bus_stop,platform,,no,unofficial
10308815083,5.3845065,-3.9849298,Alliance CI,bus_stop,platform,,no,unofficial
10308815084,5.3850446,-3.9836718,Afor,bus_stop,platform,,no,unofficial
10308815085,5.3848109,-3.9825574,Ron-point Zinsou,bus_stop,platform,,no,unofficial
10308815086,5.3807332,-3.9873800,Restaurant Africain,bus_stop,platform,,no,unofficial
10308815087,5.3850593,-3.9915508,Cash Ivoire,bus_stop,platform,,no,unofficial
10308815088,5.3809108,-3.9960797,Las Palmas,bus_stop,platform,,no,unofficial
10308929518,5.3604500,-3.9656152,Université des Lagune,bus_stop,platform,,,unofficial
10308929519,5.3614354,-3.9659035,Gossio,bus_stop,platform,,,unofficial
10308929520,5.3623313,-3.9661530,Abidjan Mall,bus_stop,platform,,,unofficial
10308929521,5.3640898,-3.9666988,Infes,bus_stop,platform,,,unofficial
10308929522,5.3658844,-3.9672071,Ahmed Outtara,bus_stop,platform,,,unofficial
10308929523,5.3668137,-3.9675048,Pizza Express,bus_stop,platform,,,unofficial
10308929524,5.3677443,-3.9677851,Paul Ndré,bus_stop,platform,,,unofficial
10308929525,5.3693012,-3.9682397,Saint Joseph,bus_stop,platform,,,unofficial
10308929526,5.3704335,-3.9685696,Église des Assemblées de Dieu,bus_stop,platform,,,unofficial
10308929527,5.3701050,-3.9705464,Eglise Réveil,bus_stop,platform,,,unofficial
10308929528,5.3714629,-3.9708737,Laurier 6,bus_stop,platform,,,unofficial
10308929529,5.3730652,-3.9705384,Gravier,bus_stop,platform,,,unofficial
10308929530,5.3725364,-3.9706577,Carrefour Linda Kouassi,bus_stop,platform,,,unofficial
10308929531,5.3745205,-3.9720324,Carrefour IUA,bus_stop,platform,,,unofficial
10308929532,5.3759866,-3.9724790,Ecole Muguet,bus_stop,platform,,,unofficial
10308929533,5.3756074,-3.9722811,Ecole Muguet,bus_stop,platform,,,unofficial
10308929534,5.3744665,-3.9717246,Carrefour IUA,bus_stop,platform,,,unofficial
10308929535,5.3728969,-3.9704941,Gravier,bus_stop,platform,,,unofficial
10308929536,5.3723348,-3.9706001,Carrefour Linda Kouassi,bus_stop,platform,,,unofficial
10308929537,5.3711982,-3.9707654,Laurier 6,bus_stop,platform,,,unofficial
10308929538,5.3701210,-3.9704566,Eglise Réveil,bus_stop,platform,,,unofficial
10308929539,5.3694788,-3.9702608,Bleu blanc,bus_stop,platform,,,unofficial
10308929540,5.3681012,-3.9698514,AIST,bus_stop,platform,,,unofficial
10308929541,5.3667883,-3.9694514,Avocatier,bus_stop,platform,,,unofficial
10308929542,5.3660032,-3.9692080,Cocotier,bus_stop,platform,,,unofficial
10308929543,5.3651960,-3.9689928,Beau Soleil,bus_stop,platform,,,unofficial
10308929544,5.3644076,-3.9687480,Carrefour Djédjé Mady,bus_stop,platform,,,unofficial
10308929545,5.3637814,-3.9685442,Valoris,bus_stop,platform,,,unofficial
10308929546,5.3626391,-3.9681948,Siriki Konaté,bus_stop,platform,,,unofficial
10308929547,5.3620289,-3.9677496,La maison de la destinée,bus_stop,platform,,,unofficial
10308929548,5.3623527,-3.9660510,Abidjan Mall,bus_stop,platform,,,unofficial
10308929549,5.3613379,-3.9657480,Gossio,bus_stop,platform,,,unofficial
10308929550,5.3602830,-3.9654261,Université des Lagune,bus_stop,platform,,,unofficial
10311330179,5.3627277,-3.9597539,Station,bus_stop,platform,,,unofficial
10311330180,5.3630408,-3.9605607,Salle du Royaume,bus_stop,platform,,no,unofficial
10311330181,5.3787528,-3.9667096,Carrefour Figuier,bus_stop,platform,,no,unofficial
10311330183,5.3946097,-3.9710547,Carrefour Michel Yakice / Bon Prix,bus_stop,platform,,no,unofficial
10311330184,5.3939868,-3.9765757,King Deco,bus_stop,platform,,no,unofficial
10311330185,5.3958221,-3.9770473,Pharmacie les Arums,bus_stop,platform,,no,unofficial
10311330186,5.3983695,-3.9777153,Sicomex,bus_stop,platform,,no,unofficial
10311330187,5.3982416,-3.9787446,Pharmacie Avé Maria,bus_stop,platform,,no,unofficial
10311330188,5.3977767,-3.9804643,Eglise Méthodiste d'Angré,bus_stop,platform,,no,unofficial
10311330189,5.3973597,-3.9835162,Niablé,bus_stop,platform,,no,unofficial
10311330190,5.3980830,-3.9894730,Université Careffour,bus_stop,platform,,no,unofficial
10311330191,5.3999178,-4.0044829,Lonaci,bus_stop,platform,,no,unofficial
10311349214,5.4031708,-3.9801139,SGBCI,bus_stop,platform,,,unofficial
10311349215,5.4025059,-3.9782725,Charwarma +,bus_stop,platform,,,unofficial
10311349216,5.3984163,-3.9775805,Sicomex,bus_stop,platform,,no,unofficial
10311349217,5.3956592,-3.9768362,Pharmacie les Arums,bus_stop,platform,,no,unofficial
10311349218,5.3939555,-3.9764138,King Deco,bus_stop,platform,,no,unofficial
10311349219,5.3930009,-3.9761616,Carrefour Prière,bus_stop,platform,,no,unofficial
10311349220,5.3894880,-3.9752068,KFC 8eme tranche,bus_stop,platform,,no,unofficial
10311349221,5.3884092,-3.9749104,CIE 8e Tranche Djibi,bus_stop,platform,,no,unofficial
10311349222,5.3854878,-3.9741366,Star 12,bus_stop,platform,,no,unofficial
10311349223,5.3799014,-3.9728089,Rond-Point CNPS,bus_stop,platform,,no,unofficial
10311349224,5.3790689,-3.9712773,Mary's,bus_stop,platform,,no,unofficial
10311349225,5.3783659,-3.9699899,Shish,bus_stop,platform,,,unofficial
10311349226,5.3778412,-3.9690477,Pharmacie Saint Moise,bus_stop,platform,,,unofficial
10311349227,5.3770775,-3.9676262,CDCI,bus_stop,platform,,,unofficial
10311349228,5.3765420,-3.9665848,Zoe de Cho,bus_stop,platform,,,unofficial
10311349229,5.3756875,-3.9659116,Rond-Point ADO,bus_stop,platform,,,unofficial
10311349230,5.3731561,-3.9652724,Walebo,bus_stop,platform,,,unofficial
10311349231,5.3722547,-3.9650060,Walebo 2,bus_stop,platform,,,unofficial
10311349232,5.3677530,-3.9631050,Cité du Bonheur,bus_stop,platform,,,unofficial
10311349233,5.3659777,-3.9603543,Petro Ivoire,bus_stop,platform,,,unofficial
10311349234,5.3639631,-3.9596990,Rond-Point de la Palmeraie,bus_stop,platform,,,unofficial
10311349235,5.3628332,-3.9596667,Station,bus_stop,platform,,,unofficial
10312856601,5.4346974,-3.9884254,Carrefour Prestige,bus_stop,platform,,no,unofficial
10312856602,5.4537400,-3.9739971,Carrefour Soro,bus_stop,platform,,no,unofficial
10312856603,5.4556513,-3.9732041,Garage,bus_stop,platform,,no,unofficial
10312856604,5.4556234,-3.9732714,Garage,bus_stop,platform,,no,unofficial
10312856606,5.4491805,-3.9760539,Carrefour Bnetd,bus_stop,platform,,no,unofficial
10312856607,5.4486880,-3.9761735,Carrefour Bnetd,bus_stop,platform,,no,unofficial
10312856608,5.4442558,-3.9795978,Carrefour Boulangerie,bus_stop,platform,,no,unofficial
10312911409,5.4405672,-3.9846924,Depôt Ivoire,bus_stop,platform,,no,unofficial
10312911410,5.4406125,-3.9845074,Depôt Ivoire,bus_stop,platform,,no,unofficial
10312911411,5.4398750,-3.9854283,Defao,bus_stop,platform,,no,unofficial
10312911412,5.4397882,-3.9853984,Defao,bus_stop,platform,,no,unofficial
10312911413,5.4346334,-3.9883821,Carrefour Prestige,bus_stop,platform,,no,unofficial
10312911414,5.4275836,-3.9896145,Boulangerie Orange Blanc Vert,bus_stop,platform,,no,unofficial
10312911415,5.4275768,-3.9895261,Boulangerie Orange Blanc Vert,bus_stop,platform,,no,unofficial
10312946412,5.4335066,-4.0202750,Sainte Marie,bus_stop,platform,,no,unofficial
10312946413,5.4405780,-4.0260980,Terminus Marché Avocatier,bus_stop,platform,,no,unofficial
10312946414,5.4406511,-4.0260695,Terminus Marché Avocatier,bus_stop,platform,,no,unofficial
10312946415,5.4397390,-4.0238608,carrefour Hôpital Henriette Konan Bedié,bus_stop,platform,,no,unofficial
10312946416,5.4398020,-4.0236432,carrefour Hôpital Henriette Konan Bedié,bus_stop,platform,,no,unofficial
10312946417,5.4397383,-4.0228494,Pharmacie Amina,bus_stop,platform,,no,unofficial
10312946418,5.4397966,-4.0226433,Pharmacie Amina,bus_stop,platform,,no,unofficial
10312946419,5.4397261,-4.0206632,Carrefour Avocatier,bus_stop,platform,,no,unofficial
10312946420,5.4396381,-4.0204339,Carrefour Avocatier,bus_stop,platform,,no,unofficial
10312946421,5.4391086,-4.0205019,CIE,bus_stop,platform,,no,unofficial
10312946422,5.4386739,-4.0204128,CIE,bus_stop,platform,,no,unofficial
10312946423,5.4382567,-4.0204713,Pharmacie Matene,bus_stop,platform,,no,unofficial
10312946424,5.4381776,-4.0204055,Pharmacie Matene,bus_stop,platform,,no,unofficial
10312946425,5.4362340,-4.0204081,Impôts,bus_stop,platform,,no,unofficial
10312946426,5.4359002,-4.0202822,Impôts,bus_stop,platform,,no,unofficial
10312946427,5.4348033,-4.0202305,Camp Commando,bus_stop,platform,,no,unofficial
10312946428,5.4323753,-4.0202459,Trois Chaton,bus_stop,platform,,no,unofficial
10312946429,5.4323100,-4.0201571,Trois Chaton,bus_stop,platform,,no,unofficial
10313097238,5.4254598,-4.0219149,Gare Bocabo après les rails,bus_stop,platform,,no,unofficial
10313097240,5.4311519,-4.0284490,Premier Carrefour à Droite,bus_stop,platform,,no,unofficial
10313097241,5.4255386,-4.0342203,Hôpital Bocabo,bus_stop,platform,,no,unofficial
10313097242,5.4255755,-4.0342322,Hôpital Bocabo,bus_stop,platform,,no,unofficial
10313097243,5.4259100,-4.0330899,Carrefour Mosquée,bus_stop,platform,,no,unofficial
10313097244,5.4259664,-4.0330962,Carrefour Mosquée,bus_stop,platform,,no,unofficial
10313097245,5.4268798,-4.0321627,Carrefour Marché,bus_stop,platform,,no,unofficial
10313097246,5.4269783,-4.0321707,Carrefour Marché,bus_stop,platform,,no,unofficial
10313097247,5.4276766,-4.0316210,Carrefour Celibataire,bus_stop,platform,,no,unofficial
10313097248,5.4277842,-4.0316083,Carrefour Celibataire,bus_stop,platform,,no,unofficial
10313097249,5.4285996,-4.0308206,Carrefour Boutique Bleu,bus_stop,platform,,no,unofficial
10313097250,5.4286619,-4.0308310,Carrefour Boutique Bleu,bus_stop,platform,,no,unofficial
10313097251,5.4292750,-4.0302718,Bangui,bus_stop,platform,,no,unofficial
10313097252,5.4300607,-4.0295965,Pharmacie,bus_stop,platform,,no,unofficial
10313097253,5.4302678,-4.0294953,Pharmacie,bus_stop,platform,,no,unofficial
10313097254,5.4306123,-4.0290050,Premier Lavage,bus_stop,platform,,no,unofficial
10313097255,5.4307345,-4.0290066,Premier Lavage,bus_stop,platform,,no,unofficial
10313097256,5.4310011,-4.0287276,Bâche Bleu,bus_stop,platform,,no,unofficial
10313097257,5.4308884,-4.0286909,Bâche Bleu,bus_stop,platform,,no,unofficial
10313097258,5.4312360,-4.0284573,Premier Carrefour à Droite,bus_stop,platform,,no,unofficial
10313097259,5.4319439,-4.0275031,Boulangerie Solibra,bus_stop,platform,,no,unofficial
10313097260,5.4309313,-4.0263886,Carrefour Ancien Garage,bus_stop,platform,,no,unofficial
10313097261,5.4308646,-4.0262395,Carrefour Ancien Garage,bus_stop,platform,,no,unofficial
10313097262,5.4299051,-4.0254926,Carrefour Falaise,bus_stop,platform,,no,unofficial
10313097263,5.4298464,-4.0253411,Carrefour Falaise,bus_stop,platform,,no,unofficial
10313097264,5.4290345,-4.0246117,Carrefour Mosquée Blanche,bus_stop,platform,,no,unofficial
10313097265,5.4289976,-4.0244937,Carrefour Mosquée Blanche,bus_stop,platform,,no,unofficial
10313097266,5.4277235,-4.0234414,Antenne,bus_stop,platform,,no,unofficial
10313097267,5.4277683,-4.0234230,Antenne,bus_stop,platform,,no,unofficial
10313097268,5.4270723,-4.0230121,MTN,bus_stop,platform,,no,unofficial
10313097269,5.4270390,-4.0229367,MTN,bus_stop,platform,,no,unofficial
10313097270,5.4263314,-4.0225258,Boulangerie,bus_stop,platform,,no,unofficial
10313097271,5.4263057,-4.0224628,Boulangerie,bus_stop,platform,,no,unofficial
10313097272,5.4257934,-4.0221882,Gare Bocabo après les rails,bus_stop,platform,,no,unofficial
10313134976,5.4349571,-4.0176065,Cité Policière,bus_stop,platform,,no,unofficial
10313134977,5.4350082,-4.0176326,Cité Policière,bus_stop,platform,,no,unofficial
10313134978,5.4350213,-4.0153644,Terminus 49,bus_stop,platform,,no,unofficial
10313134979,5.4350765,-4.0150524,Terminus 49,bus_stop,platform,,no,unofficial
10313134980,5.4327638,-4.0128122,15e Arrondissement,bus_stop,platform,,,unofficial
10313134981,5.4326629,-4.0159636,St François Xavier,bus_stop,platform,,no,unofficial
10313134982,5.4325894,-4.0161316,St François Xavier,bus_stop,platform,,no,unofficial
10313134983,5.4281198,-4.0200646,Abobo Gendarmerie,bus_stop,platform,,no,unofficial
10313192693,5.4281436,-4.0201352,Abobo Gendarmerie,bus_stop,platform,,no,unofficial
10313192694,5.4381885,-4.0190646,Avenue Kaza,bus_stop,platform,,no,unofficial
10313192695,5.4384125,-4.0148219,Cours Sociaux,bus_stop,platform,,no,unofficial
10313192696,5.4384560,-4.0123792,Carrefour Commissaire,bus_stop,platform,,no,unofficial
10313192697,5.4398015,-4.0086689,Carrefour Zouglou,bus_stop,platform,,no,unofficial
10313192698,5.4425343,-4.0087991,Coffi Gadeau,bus_stop,platform,,no,unofficial
10313192699,5.4424613,-4.0087249,Coffi Gadeau,bus_stop,platform,,no,unofficial
10313192700,5.4415859,-4.0087472,Mosquée,bus_stop,platform,,no,unofficial
10313192701,5.4414521,-4.0086879,Mosquée,bus_stop,platform,,no,unofficial
10313192702,5.4387251,-4.0086310,4 Etages,bus_stop,platform,,no,unofficial
10313192703,5.4385109,-4.0088341,4 Etages,bus_stop,platform,,no,unofficial
10313192704,5.4384817,-4.0105985,Carrefour Bakary,bus_stop,platform,,no,unofficial
10313192705,5.4384431,-4.0110549,Carrefour Bakary,bus_stop,platform,,no,unofficial
10313192706,5.4384200,-4.0132427,Sodeci,bus_stop,platform,,no,unofficial
10313192707,5.4381000,-4.0203232,Pharmacie Matene,bus_stop,platform,,no,unofficial
10313364480,5.4398346,-4.0205271,Carrefour Avocatier,bus_stop,platform,,no,unofficial
10313364481,5.4411208,-4.0205644,Gros Pneu,bus_stop,platform,,no,unofficial
10313364482,5.4447178,-4.0206596,Carrefour Sainte Foi,bus_stop,platform,,no,unofficial
10313364483,5.4445385,-4.0206136,Carrefour Sainte Foi,bus_stop,platform,,no,unofficial
10313364484,5.4372137,-4.0204404,Carrefour Policier,bus_stop,platform,,no,unofficial
10313364485,5.4370546,-4.0203533,Carrefour Policier,bus_stop,platform,,no,unofficial
10313578790,5.4241497,-4.0128817,A l'Ecole,bus_stop,platform,,no,unofficial
10313578791,5.4396216,-4.0143047,Boulangerie,bus_stop,platform,,no,unofficial
10313578792,5.4489390,-4.0137441,Bangui,bus_stop,platform,,no,unofficial
10313578793,5.4449692,-4.0144936,Carrefour Colombe,bus_stop,platform,,no,unofficial
10313578794,5.4448220,-4.0144064,Carrefour Colombe,bus_stop,platform,,no,unofficial
10313578795,5.4427339,-4.0142482,Carrefour Mosquée,bus_stop,platform,,no,unofficial
10313578796,5.4412334,-4.0143632,Chibrou,bus_stop,platform,,no,unofficial
10313578797,5.4410535,-4.0142236,Chibrou,bus_stop,platform,,no,unofficial
10313578798,5.4369958,-4.0125223,Au palmier,bus_stop,platform,,no,unofficial
10313578799,5.4368864,-4.0124248,Au palmier,bus_stop,platform,,no,unofficial
10314533512,5.4295104,-4.0106744,A la Boutique,bus_stop,platform,,no,unofficial
10314533513,5.4280016,-4.0069030,Carrefour Beoumi,bus_stop,platform,,no,unofficial
10314533514,5.4280471,-4.0069432,Carrefour Beoumi,bus_stop,platform,,no,unofficial
10314533515,5.4283349,-4.0069085,Carrefour à Droite,bus_stop,platform,,no,unofficial
10314533516,5.4283945,-4.0069621,Carrefour à Droite,bus_stop,platform,,no,unofficial
10314533517,5.4285913,-4.0069172,Carrefour à Gauche,bus_stop,platform,,no,unofficial
10314533518,5.4286446,-4.0069731,Carrefour à Gauche,bus_stop,platform,,no,unofficial
10314533519,5.4295292,-4.0069550,Carrefour Eglise,bus_stop,platform,,no,unofficial
10314533520,5.4296029,-4.0073819,Carrefour Deux Boutiques Collé,bus_stop,platform,,no,unofficial
10314533521,5.4295778,-4.0078931,Petit Carrefour,bus_stop,platform,,no,unofficial
10314533522,5.4294978,-4.0086883,Carrefour Séraphin,bus_stop,platform,,no,unofficial
10314533523,5.4295221,-4.0092881,2e Boutique,bus_stop,platform,,no,unofficial
10314533524,5.4294539,-4.0101136,Carrefour Agbekoi,bus_stop,platform,,no,unofficial
10314533525,5.4294696,-4.0112347,Au tournant/ Carrefour Chefferie,bus_stop,platform,,no,unofficial
10314533526,5.4294388,-4.0112884,Au tournant/ Carrefour Chefferie,bus_stop,platform,,no,unofficial
10314533527,5.4239177,-4.0129083,A l'Ecole,bus_stop,platform,,no,unofficial
10314834887,5.3899313,-3.9924272,Mahikari,bus_stop,platform,,no,unofficial
10314834888,5.3828883,-3.9932982,Mosquée Aghien,bus_stop,platform,,no,unofficial
10314834889,5.3491991,-4.0022568,Carrefour la Vie,bus_stop,platform,,no,unofficial
10314834892,5.3828798,-3.9934631,Mosquée Aghien,bus_stop,platform,,no,unofficial
10314834893,5.3854987,-3.9931478,Opera,bus_stop,platform,,no,unofficial
10314834894,5.3918832,-3.9921815,Ancienne Ambassade de Chine,bus_stop,platform,,no,unofficial
10314834896,5.4082354,-3.9920887,Carrefour Batim,bus_stop,platform,,no,unofficial
10314834897,5.4115515,-3.9943614,Victor Lobad,bus_stop,platform,,no,unofficial
10314834898,5.4116429,-3.9945748,Victor Lobad,bus_stop,platform,,no,unofficial
10314834899,5.4125246,-3.9947236,Carrefour Hôpital,bus_stop,platform,,no,unofficial
10314834900,5.4141223,-3.9953092,Gare Carrefour Angré,bus_stop,platform,,no,unofficial
10314834902,5.4140832,-3.9954227,Gare Carrefour Angré,bus_stop,platform,,no,unofficial
10316599907,5.3630411,-3.9594144,Station,bus_stop,platform,,,unofficial
10316599908,5.3663143,-3.9605389,Samer,bus_stop,platform,,,
10316647710,5.3704510,-3.9617636,Fatima,bus_stop,platform,,,
10316647711,5.3715059,-3.9611997,Groupe Scolaire Divine Grâce,bus_stop,platform,,,
10316647712,5.3729055,-3.9604059,Cabine Bleue,bus_stop,platform,,,
10316647713,5.3740921,-3.9625001,Barrière 1,bus_stop,platform,,,
10316647714,5.3756291,-3.9629650,Barrière 4,bus_stop,platform,,,
10316647715,5.3761035,-3.9630896,Barrière 5,bus_stop,platform,,,
10316647716,5.3765677,-3.9632168,Rosiers 1er Programme,bus_stop,platform,,,
10316647717,5.3771307,-3.9634002,Rond-point Commissariat 35è Art.,bus_stop,platform,,,
10316647718,5.3776902,-3.9635679,Commissariat 35è Art.,bus_stop,platform,,,
10316647719,5.3803533,-3.9674018,Pharmacie Val de Grace,bus_stop,platform,,,
10316647720,5.3832201,-3.9723492,Groupe Scolaire St Marc,bus_stop,platform,,,
10316647721,5.3895401,-3.9753668,KFC 8eme tranche,bus_stop,platform,,no,unofficial
10316647722,5.3910246,-3.9757945,Soleil 3,bus_stop,platform,,no,unofficial
10316684112,5.3874959,-3.9746687,SGBCI,bus_stop,platform,,,
10316684113,5.3833997,-3.9735246,Immeuble CGK,bus_stop,platform,,no,unofficial
10316684114,5.3788604,-3.9667208,Carrefour Figuier,bus_stop,platform,,no,unofficial
10316684115,5.3794709,-3.9639995,Programme 3,bus_stop,platform,,,
10316684116,5.3765921,-3.9631194,Rosiers 1er Programme,bus_stop,platform,,,
10316684117,5.3741472,-3.9624030,Barrière 1,bus_stop,platform,,,
10316684118,5.3724025,-3.9623388,Kanafrik,bus_stop,platform,,,
10316684119,5.3711714,-3.9629859,Vitalia,bus_stop,platform,,,
10316684120,5.3663736,-3.9605158,Samer,bus_stop,platform,,,
10316826926,5.3675651,-3.9628718,Cité du Bonheur,bus_stop,platform,,,unofficial
10316826927,5.3676239,-3.9635378,Pharmacie Saint-Paul,bus_stop,platform,,,unofficial
10316826928,5.3686161,-3.9640886,Cours des Comptes,bus_stop,platform,,,unofficial
10316826929,5.3715744,-3.9648795,Carrefour Sacré Coeur,bus_stop,platform,,,unofficial
10316826930,5.3722452,-3.9650744,Walebo 2,bus_stop,platform,,,unofficial
10316826931,5.3731772,-3.9653444,Walebo,bus_stop,platform,,,unofficial
10316826932,5.3762691,-3.9664143,Rond-Point ADO,bus_stop,platform,,,unofficial
10316826933,5.3773921,-3.9683973,Depot Carrefour,bus_stop,platform,,,unofficial
10316826934,5.3784091,-3.9702364,Shish,bus_stop,platform,,,unofficial
10316826935,5.3790051,-3.9713381,Mary's,bus_stop,platform,,no,unofficial
10316826936,5.3803212,-3.9732460,Rond-Point CNPS,bus_stop,platform,,no,unofficial
10316826937,5.3867107,-3.9745782,CNPS,bus_stop,platform,,,unofficial
10316826938,5.3998382,-4.0013536,Sainte Monique,bus_stop,platform,,no,unofficial
10316919736,5.3663116,-3.9604144,Samer,bus_stop,platform,,,
10316919737,5.3935643,-3.9738911,Star 11,bus_stop,platform,,,
10316919738,5.3949843,-3.9710299,Carrefour Michel Yakice / Bon Prix,bus_stop,platform,,,
10316919739,5.3955264,-3.9703788,Cocotiers,bus_stop,platform,,,
10316919740,5.3967367,-3.9689653,Programme 6,bus_stop,platform,,,
10316919741,5.3988181,-3.9664797,Pharmacie Marie Esther,bus_stop,platform,,,unofficial
10316919742,5.3993028,-3.9658874,Pont Neuf,bus_stop,platform,,,unofficial
10316919743,5.4000559,-3.9576370,CHU Angré,bus_stop,platform,,,unofficial
10316919744,5.3953848,-3.9569282,Vieux Ali,bus_stop,platform,,,unofficial
10316919745,5.3927966,-3.9558452,Golgotha,bus_stop,platform,,,unofficial
10316919746,5.3916884,-3.9550915,Carrefour Berre,bus_stop,platform,,,unofficial
10316919747,5.3884086,-3.9549467,Kimi,bus_stop,platform,,,unofficial
10316919748,5.3826666,-3.9567183,Rond-point Saint Viateur,bus_stop,platform,,,unofficial
10316919749,5.3784605,-3.9591084,Rond-point Programme 4,bus_stop,platform,,,unofficial
10316919750,5.3761665,-3.9603111,Pharmacie Marie Esther,bus_stop,platform,,,unofficial
10316919751,5.3714966,-3.9576556,Carrefour Guiraud,bus_stop,platform,,,unofficial
10316919752,5.3688904,-3.9590636,Carrefour Marché,bus_stop,platform,,,unofficial
10316919753,5.3674203,-3.9598634,Paris Baguette,bus_stop,platform,,,unofficial
10334345063,5.4006272,-3.9796944,Terminus Marché Cocovico,bus_stop,platform,,no,unofficial
10334345064,5.4006304,-3.9799368,Marché,bus_stop,platform,,no,unofficial
10334345066,5.4030860,-3.9802897,SGBCI,bus_stop,platform,,,unofficial
10334345067,5.4013590,-3.9827883,Star 10,bus_stop,platform,,no,unofficial
10334345068,5.4006916,-3.9828739,Inssa,bus_stop,platform,,no,unofficial
10345409257,5.3746808,-3.9559545,Pharmacie Marthe Robin,bus_stop,platform,,,unofficial
10345409258,5.3741146,-3.9562650,Cabine Jaune,bus_stop,platform,,,unofficial
10345409259,5.3641606,-3.9615744,Sous l'Arbre,bus_stop,platform,,,unofficial
10345772746,5.3675707,-3.9598592,Paris Baguette,bus_stop,platform,,,unofficial
10345772747,5.3689180,-3.9591390,Carrefour Marché,bus_stop,platform,,,unofficial
10345772748,5.3695629,-3.9587823,Pharmacie du bonheur,bus_stop,platform,,,
10345772750,5.3741527,-3.9563227,Cabine Jaune,bus_stop,platform,,,unofficial
10345772751,5.3747115,-3.9560142,Pharmacie Marthe Robin,bus_stop,platform,,,unofficial
10345772752,5.3790736,-3.9531617,Enica,bus_stop,platform,,no,unofficial
10537141260,5.3857095,-3.9552793,Pharmacie Saint Viateur Palmeraie,bus_stop,platform,,,
10537141261,5.3807840,-3.9578435,2ème barrière Programme 4,bus_stop,platform,,,
10537141262,5.3770120,-3.9630899,Rond-point Commissariat 35è Art.,bus_stop,platform,,,
10537141263,5.3761175,-3.9629947,Barrière 5,bus_stop,platform,,,
10537141264,5.3729937,-3.9602897,Cabine Bleue,bus_stop,platform,,,
10537278237,5.3732721,-3.9609200,Carrefour Marché,bus_stop,platform,,,unofficial
10537278239,5.3761922,-3.9603688,Pharmacie Marie Esther,bus_stop,platform,,,unofficial
10537278240,5.3780915,-3.9594153,Rond-point Programme 4,bus_stop,platform,,,unofficial
10537278241,5.3790923,-3.9588936,1ère barrière Programme 4,bus_stop,platform,,,
10537278242,5.3810977,-3.9578301,2ème barrière Programme 4,bus_stop,platform,,,
10537278243,5.3831166,-3.9568537,Rond-point Saint Viateur,bus_stop,platform,,,unofficial
10537278244,5.3857843,-3.9554483,Pharmacie Saint Viateur Palmeraie,bus_stop,platform,,,
10537534148,5.4030517,-3.9802309,SGBCI,bus_stop,platform,,,unofficial
10537534149,5.4008169,-3.9804915,Marché Cocovico,bus_stop,platform,,no,unofficial
10537534150,5.3980272,-3.9799411,Carrefour Cocovico,bus_stop,platform,,no,unofficial
10537534152,5.4035928,-3.9833461,Ancien Carrefour Marché,bus_stop,platform,,no,unofficial
10537534153,5.4035194,-3.9832803,Ancien Carrefour Marché,bus_stop,platform,,no,unofficial
10537534154,5.4040372,-3.9852348,Terminus 81/82,bus_stop,platform,,no,unofficial
10537894022,5.4045902,-3.9922571,Petro Ivoire Angré,bus_stop,platform,,no,unofficial
10537894023,5.4101506,-3.9937303,Star 9,bus_stop,platform,,no,unofficial
10537894024,5.4082410,-3.9923718,Carrefour Batim,bus_stop,platform,,no,unofficial
10537894025,5.4084255,-3.9924086,Carrefour Batim,bus_stop,platform,,no,unofficial
10537894026,5.4101469,-3.9939174,Star 9,bus_stop,platform,,no,unofficial
10537894027,5.4126825,-3.9949391,Carrefour Hôpital,bus_stop,platform,,no,unofficial
10537894028,5.4136775,-3.9974522,Terrain d'Aboboté,bus_stop,platform,,no,unofficial
10537894029,5.4133916,-3.9979101,Terrain d'Aboboté,bus_stop,platform,,no,unofficial
10537894030,5.4138137,-4.0035844,Eglise Catholique Saint Augustin,bus_stop,platform,,no,unofficial
10537894031,5.4138456,-4.0038299,Eglise Catholique Saint Augustin,bus_stop,platform,,no,unofficial
10538268136,5.4031020,-3.9800998,SGBCI,bus_stop,platform,,,unofficial
10538268137,5.4098398,-3.9800012,Lycee Moderne d'Angré,bus_stop,platform,,no,unofficial
10538268138,5.4122070,-3.9815636,Carrefour Château,bus_stop,platform,,no,unofficial
10538289698,5.3666414,-3.9634922,Hamed Ouattara,bus_stop,platform,,,
10538297824,5.4098331,-3.9798188,Lycee Moderne d'Angré,bus_stop,platform,,no,unofficial
10538297825,5.4030700,-3.9779480,Cité Arc-en-ciel,bus_stop,platform,,,
10538297826,5.4004204,-3.9712036,Pharmacie Belle vue d’angré,bus_stop,platform,,,
10538297827,5.3942459,-3.9708690,Bon Prix Angré,bus_stop,platform,,no,unofficial
10538297828,5.3914481,-3.9701454,Elite 2,bus_stop,platform,,no,unofficial
10538297829,5.3858163,-3.9687185,Pharmacie Mont Carmel,bus_stop,platform,,no,unofficial
10538297830,5.3831272,-3.9681217,Carrefour Belle Côte,bus_stop,platform,,no,unofficial
10538297831,5.3768872,-3.9632159,Rond-point Commissariat 35è Art.,bus_stop,platform,,,
10538307161,5.4033310,-3.9785810,Rue de Banques,bus_stop,platform,,,
10540006515,5.3771135,-3.9631516,Rond-point Commissariat 35è Art.,bus_stop,platform,,,
10540006516,5.3928140,-3.9561108,Golgotha,bus_stop,platform,,,unofficial
10540006517,5.3956338,-3.9570925,Vieux Ali,bus_stop,platform,,,unofficial
10540006518,5.3976806,-3.9567746,Pharmacie Val D'Oise,bus_stop,platform,,no,unofficial
10540066972,5.4004084,-3.9588225,Carrefour Mosquée,bus_stop,platform,,,
10540066973,5.4012428,-3.9602488,Dady Shekina,bus_stop,platform,,,
10540066974,5.3829590,-3.9562570,Rond-point Saint Viateur,bus_stop,platform,,,unofficial
10540066975,5.3817106,-3.9548837,Collège Saint-Viateur d'Abidjan,bus_stop,platform,,,
10540066976,5.3805506,-3.9540646,La Communauté,bus_stop,platform,,,
10540066977,5.3768124,-3.9548200,Carrefour Complexe,bus_stop,platform,,,
10540113050,5.3633861,-3.9627358,Centre Hospitalier Palmeraie,bus_stop,platform,,,unofficial
10540113051,5.3777744,-3.9690793,Pharmacie Saint Moise,bus_stop,platform,,,unofficial
10540113052,5.4024698,-3.9784563,Charwarma +,bus_stop,platform,,,unofficial
10540116943,5.3633447,-3.9626057,Centre Hospitalier Palmeraie,bus_stop,platform,,,unofficial
10540200047,5.4004470,-3.9589044,Carrefour Morgue,bus_stop,platform,,,
10540200048,5.4003403,-3.9590898,Carrefour Morgue,bus_stop,platform,,,
10540200049,5.3994903,-3.9705605,Caféier 8,bus_stop,platform,,,
10540200050,5.4042356,-3.9877063,Nouvelle Station Petro Ivoire,bus_stop,platform,,no,unofficial
10540351827,5.2871196,-4.0083562,Port de Pêche,bus_stop,platform,,,unofficial
10540351828,5.2855064,-4.0083039,Copharmed,bus_stop,platform,,no,unofficial
10540351829,5.2574904,-3.9870635,SIR,bus_stop,platform,,,unofficial
10540351830,5.2575471,-3.9697874,Carrefour Ecole Selmer,bus_stop,platform,,,unofficial
10540351831,5.2574797,-3.9682317,Pharmacie Saint Ambroise,bus_stop,platform,,,unofficial
10540351832,5.2572513,-3.9672393,Terrain,bus_stop,platform,,,unofficial
10540351833,5.2570991,-3.9667109,Panneau,bus_stop,platform,,,unofficial
10540411650,5.3381710,-4.0038069,Château,bus_stop,platform,,no,unofficial
10540411651,5.3457149,-4.0026462,Sainte Marie,bus_stop,platform,,no,unofficial
10540411652,5.3470863,-4.0027435,Immeuble Carbone,bus_stop,platform,,no,unofficial
10540411653,5.3514313,-4.0021898,A l'arrêt,bus_stop,platform,,no,unofficial
10540746391,5.2580713,-3.9629531,Marché Port-Bouët,bus_stop,platform,,,unofficial
10540746392,5.2600251,-3.9625152,Carrefour Ecole,bus_stop,platform,,,unofficial
10540746393,5.2567659,-3.9734358,Station Vinko,bus_stop,platform,,,unofficial
10540746394,5.2573141,-3.9791979,Terre rouge,bus_stop,platform,,,unofficial
10540746395,5.2581634,-3.9818814,Pharmacie Vridi,bus_stop,platform,,,unofficial
10540746396,5.2576319,-3.9852992,CIE Vridi,bus_stop,platform,,,unofficial
10540746397,5.2570069,-3.9890322,SIR,bus_stop,platform,,,unofficial
10540746398,5.2592532,-3.9980015,Gestoci,bus_stop,platform,,,unofficial
10540746399,5.2870334,-4.0085620,Port de Pêche,bus_stop,platform,,,unofficial
10541226939,5.2566731,-3.9652236,Terminus Marché de Port-Bouët,bus_stop,platform,,,unofficial
10541226940,5.2570323,-3.9667189,Panneau,bus_stop,platform,,,unofficial
10541226941,5.2571712,-3.9672688,Terrain,bus_stop,platform,,,unofficial
10541226942,5.2574022,-3.9682598,Pharmacie Saint Ambroise,bus_stop,platform,,,unofficial
10541226943,5.2574423,-3.9697994,Carrefour Ecole Selmer,bus_stop,platform,,,unofficial
10541226944,5.2585167,-3.9817674,Pharmacie Vridi,bus_stop,platform,,,unofficial
10541226945,5.2604841,-3.9820323,Carrefour Ecole,bus_stop,platform,,,unofficial
10541226946,5.2615036,-3.9822015,Carrefour Jardin,bus_stop,platform,,,unofficial
10541226947,5.2643239,-3.9848346,Hôpital municipal de Vridi,bus_stop,platform,,,unofficial
10541226948,5.2657047,-3.9863178,Paroisse St Jean Marie Vianney,bus_stop,platform,,,unofficial
10541226949,5.2585374,-3.9816239,Pharmacie Vridi,bus_stop,platform,,,unofficial
10541702883,5.2569041,-3.9708562,Pharmacie Cité Policière,bus_stop,platform,,,unofficial
10541702884,5.2555686,-3.9971754,Pharmacie Vridi Village,bus_stop,platform,,,unofficial
10541702885,5.2534786,-4.0022568,Cité Bernadette,bus_stop,platform,,,unofficial
10541702886,5.2532442,-4.0045863,Terminus SOTRA Vridi Canal,bus_stop,platform,,,unofficial
10541702887,5.2605809,-4.0133501,Carrefour Ciprel,bus_stop,platform,,,unofficial
10541792295,5.2586949,-4.0111702,Carrefour Foxtrot International,bus_stop,platform,,,unofficial
10541792296,5.2532923,-4.0046923,Terminus SOTRA Vridi Canal,bus_stop,platform,,,unofficial
10541792297,5.2577307,-3.9855044,CIE Vridi,bus_stop,platform,,,unofficial
10541826349,5.2366889,-3.8736556,Anani - Rond-point,bus_stop,platform,,,unofficial
10541826352,5.2367944,-3.8805462,Terminus Anani,bus_stop,platform,,,unofficial
10541826353,5.2373606,-3.8843000,Carrefour Motar,bus_stop,platform,,,unofficial
10541826354,5.2377239,-3.8866241,Carrefour Abraham,bus_stop,platform,,,unofficial
10541826355,5.2387175,-3.8932210,Carrefour Chien,bus_stop,platform,,,unofficial
10541826356,5.2401878,-3.9028556,Eglise Catholique,bus_stop,platform,,,unofficial
10541826357,5.2445576,-3.9302449,1er Arrêt Adjoufou,bus_stop,platform,,,unofficial
10541826358,5.2456821,-3.9372589,Djeddah,bus_stop,platform,,,unofficial
10541826359,5.2462470,-3.9407216,ex Hôtel Vigie,bus_stop,platform,,,unofficial
10541826360,5.2508851,-3.9562060,Terminus SOTRA Port-Bouet Phare,bus_stop,platform,,,unofficial
10541826361,5.2510855,-3.9567210,Medico Scolaire,bus_stop,platform,,,unofficial
10541826362,5.2521371,-3.9588895,Pharmacie du Phare,bus_stop,platform,,,unofficial
10541826363,5.2542612,-3.9635713,Marché de Nuit,bus_stop,platform,,,unofficial
10541854658,5.2543467,-3.9635673,Marché de Nuit,bus_stop,platform,,,unofficial
10541854659,5.2522233,-3.9588949,Pharmacie du Phare,bus_stop,platform,,,unofficial
10541854660,5.2517799,-3.9579400,Centre Professionnel,bus_stop,platform,,,unofficial
10541854661,5.2510400,-3.9563240,Terminus SOTRA Port-Bouet Phare,bus_stop,platform,,,unofficial
10541854662,5.2459612,-3.9377537,Djeddah,bus_stop,platform,,,unofficial
10541854663,5.2446965,-3.9296521,1er Arrêt Adjoufou,bus_stop,platform,,,unofficial
10541854664,5.2400810,-3.9008224,Terminus Gonzagueville,bus_stop,platform,,,unofficial
10541854665,5.2399502,-3.8998930,Terre rouge,bus_stop,platform,,,unofficial
10541854666,5.2389045,-3.8931687,Carrefour Chien,bus_stop,platform,,,unofficial
10541854667,5.2375302,-3.8839138,Carrefour Motar,bus_stop,platform,,,unofficial
10541854668,5.2368852,-3.8798180,Terminus Anani,bus_stop,platform,,,unofficial
10541861363,5.2417170,-3.8996543,Terrain,bus_stop,platform,,,unofficial
10541861364,5.2515809,-3.8997053,Carrefour Orange Money,bus_stop,platform,,,unofficial
10541861365,5.2540161,-3.8997569,Carrefour Etat Rouge,bus_stop,platform,,,unofficial
10541861366,5.2555206,-3.8997763,Pharmacie Chatelet,bus_stop,platform,,,unofficial
10541861367,5.2568347,-3.8997951,Carrefour Boulangerie,bus_stop,platform,,,unofficial
10541861368,5.2582195,-3.8998568,Maison Blanche,bus_stop,platform,,,unofficial
10541861369,5.2603041,-3.8998662,Carrefour CTOP,bus_stop,platform,,,unofficial
10541864310,5.2601480,-3.8997777,Carrefour CTOP,bus_stop,platform,,,unofficial
10541864311,5.2581728,-3.8997401,Maison Blanche,bus_stop,platform,,,unofficial
10541864312,5.2547901,-3.8996449,Carrefour Market,bus_stop,platform,,,unofficial
10541864313,5.2525919,-3.8996395,Boulangerie,bus_stop,platform,,,unofficial
10541864314,5.2502401,-3.8996100,Carrefour Lycée,bus_stop,platform,,,unofficial
10541864315,5.2477047,-3.8996181,Marché,bus_stop,platform,,,unofficial
10541864316,5.2457248,-3.8996007,Carrefour Boulangerie,bus_stop,platform,,,unofficial
10541864317,5.2431861,-3.8995765,Cuvette,bus_stop,platform,,,unofficial
10541868397,5.2636989,-3.8995135,Carrefour Superette,bus_stop,platform,,,unofficial
10541868398,5.2643920,-3.8969654,Groupe Scolaire Nyl's,bus_stop,platform,,,unofficial
10541868399,5.2675570,-3.8937441,Dépôt de Gaz,bus_stop,platform,,,unofficial
10541868400,5.2687308,-3.8923547,Lavage,bus_stop,platform,,,unofficial
10541868401,5.2693091,-3.8912576,Carrefour Oscars,bus_stop,platform,,,unofficial
10541868402,5.2696857,-3.8905630,Poissonerie,bus_stop,platform,,,unofficial
10541868403,5.2703761,-3.8902102,Ivoire Brutale,bus_stop,platform,,,unofficial
10541868404,5.2740152,-3.8893452,Carrefour mon Mari m'a laissé,bus_stop,platform,,,unofficial
10541882097,5.2740365,-3.8892178,Carrefour mon Mari m'a laissé,bus_stop,platform,,,unofficial
10541882098,5.2703534,-3.8900131,Ivoire Brutale,bus_stop,platform,,,unofficial
10541882099,5.2695642,-3.8905348,Poissonerie,bus_stop,platform,,,unofficial
10541882100,5.2692410,-3.8912147,Carrefour Oscars,bus_stop,platform,,,unofficial
10541882101,5.2686494,-3.8923037,Lavage,bus_stop,platform,,,unofficial
10541882102,5.2675103,-3.8936287,Dépôt de Gaz,bus_stop,platform,,,unofficial
10541882103,5.2651492,-3.8955452,Garage,bus_stop,platform,,,unofficial
10543441381,5.3689650,-3.9980088,2 Plateaux Mobil,bus_stop,platform,,no,unofficial
10543441383,5.3772719,-3.9979978,Snedai,bus_stop,platform,,no,unofficial
10543528059,5.3592333,-3.8760046,Panneau 30,bus_stop,platform,,,unofficial
10543528060,5.3760807,-3.8350739,Gare Achokoi,bus_stop,platform,,,unofficial
10543528061,5.3760548,-3.8350934,Gare Achokoi,bus_stop,platform,,,unofficial
10543528062,5.3796443,-3.8455489,Marine,bus_stop,platform,,,unofficial
10543528063,5.3794939,-3.8461363,Marine,bus_stop,platform,,,unofficial
10543528064,5.3805984,-3.8543492,Dernier Poteau,bus_stop,platform,,,unofficial
10543528065,5.3805726,-3.8543474,Dernier Poteau,bus_stop,platform,,,unofficial
10543528066,5.3785953,-3.8569975,Carrefour Brique,bus_stop,platform,,,unofficial
10543528067,5.3784688,-3.8570816,Carrefour Brique,bus_stop,platform,,,unofficial
10543528068,5.3808442,-3.8607999,Carrefour Achokoi,bus_stop,platform,,,unofficial
10543528069,5.3808289,-3.8608679,Carrefour Achokoi,bus_stop,platform,,,unofficial
10543528070,5.3801355,-3.8615822,Chefferie,bus_stop,platform,,,unofficial
10543528071,5.3800196,-3.8616411,Chefferie,bus_stop,platform,,,unofficial
10543528072,5.3775668,-3.8640537,Harmony 2e,bus_stop,platform,,,unofficial
10543528073,5.3774309,-3.8640459,Harmony 2e,bus_stop,platform,,,unofficial
10543528074,5.3755859,-3.8658012,Cité Harmony 1er,bus_stop,platform,,,unofficial
10543528075,5.3709409,-3.8697548,Panneau 50,bus_stop,platform,,,unofficial
10543528076,5.3707545,-3.8696655,Panneau 50,bus_stop,platform,,,unofficial
10543528077,5.3694567,-3.8708076,Mont Carmel,bus_stop,platform,,,unofficial
10543528078,5.3692344,-3.8707767,Mont Carmel,bus_stop,platform,,,unofficial
10543528079,5.3671356,-3.8724218,Anader 2e Portail,bus_stop,platform,,,unofficial
10543528080,5.3669310,-3.8723971,Anader 2e Portail,bus_stop,platform,,,unofficial
10543528081,5.3661719,-3.8729578,Anader 1er Portail,bus_stop,platform,,,unofficial
10543528082,5.3660574,-3.8728977,Anader 1er Portail,bus_stop,platform,,,unofficial
10543528083,5.3621339,-3.8746736,Carrefour Residence,bus_stop,platform,,,unofficial
10543528084,5.3619715,-3.8746573,Carrefour Residence,bus_stop,platform,,,unofficial
10543528085,5.3592843,-3.8760647,Panneau 30,bus_stop,platform,,,unofficial
10543528086,5.3583754,-3.8792472,Event Carrefour,bus_stop,platform,,,unofficial
10543528087,5.3583447,-3.8793090,Event Carrefour,bus_stop,platform,,,unofficial
10543528089,5.3581668,-3.8838311,Gare Coopec,bus_stop,platform,,,unofficial
10543528090,5.3581027,-3.8838461,Gare Coopec,bus_stop,platform,,,unofficial
10543635698,5.3463987,-3.8380461,Baside,bus_stop,platform,,,unofficial
10543635699,5.3465188,-3.8392492,Trésor,bus_stop,platform,,,unofficial
10543635700,5.3464126,-3.8394838,Trésor,bus_stop,platform,,,unofficial
10543635701,5.3466266,-3.8411634,Cloture Tôle,bus_stop,platform,,,unofficial
10543635702,5.3465661,-3.8418146,Cloture Tôle,bus_stop,platform,,,unofficial
10543635703,5.3468046,-3.8428923,2e Ecole,bus_stop,platform,,,unofficial
10543635704,5.3470643,-3.8455315,Cefal,bus_stop,platform,,,unofficial
10543635705,5.3474415,-3.8489760,Panneau Orange,bus_stop,platform,,,unofficial
10543635706,5.3475967,-3.8509509,Palais,bus_stop,platform,,,unofficial
10543635707,5.3475330,-3.8513610,Palais,bus_stop,platform,,,unofficial
10543635708,5.3477959,-3.8525453,Haute tension,bus_stop,platform,,,unofficial
10543651509,5.3480474,-3.8545234,Maison Blanche,bus_stop,platform,,,unofficial
10543651510,5.3480931,-3.8558520,A la ferme,bus_stop,platform,,,unofficial
10543651511,5.3485667,-3.8592876,Ital,bus_stop,platform,,,unofficial
10543651512,5.3486827,-3.8601824,Nouveau Goudron,bus_stop,platform,,,unofficial
10543651513,5.3485994,-3.8603267,Nouveau Goudron,bus_stop,platform,,,unofficial
10543651514,5.3488705,-3.8615110,Garbadrome,bus_stop,platform,,,unofficial
10543651515,5.3487415,-3.8614208,Garbadrome,bus_stop,platform,,,unofficial
10543651516,5.3491008,-3.8635630,Carrefour Caolais,bus_stop,platform,,,unofficial
10543651517,5.3490232,-3.8636319,Carrefour Caolais,bus_stop,platform,,,unofficial
10543651518,5.3493310,-3.8665565,Carrefour Gravier,bus_stop,platform,,,unofficial
10543651519,5.3491677,-3.8667894,Carrefour Gravier,bus_stop,platform,,,unofficial
10543651520,5.3490877,-3.8685002,Carrefour KS,bus_stop,platform,,,unofficial
10543651521,5.3489097,-3.8687511,Carrefour KS,bus_stop,platform,,,unofficial
10543651522,5.3507404,-3.8700666,Carrefour Garage,bus_stop,platform,,,unofficial
10543651523,5.3507306,-3.8703406,Carrefour Garage,bus_stop,platform,,,unofficial
10543651524,5.3511520,-3.8723483,Pharmacie St André - Marché,bus_stop,platform,,,unofficial
10543651525,5.3517129,-3.8744216,Carrefour Sococé,bus_stop,platform,,,unofficial
10543651526,5.3516297,-3.8744314,Carrefour Sococé,bus_stop,platform,,,unofficial
10543762846,5.3557713,-3.8769145,Lavage,bus_stop,platform,,,unofficial
10543762847,5.3680087,-3.8718130,Carrefour 2 Poteaux,bus_stop,platform,,,unofficial
10543762848,5.3702572,-3.8702318,Carrefour Moayé,bus_stop,platform,,,unofficial
10543762849,5.3739157,-3.8674477,Carrefour Haute Tension,bus_stop,platform,,,unofficial
10543762850,5.3809869,-3.8608226,Carrefour Achokoi,bus_stop,platform,,,unofficial
10543762851,5.3940275,-3.8547000,Gare Adjin,bus_stop,platform,,,unofficial
10543762852,5.3940136,-3.8547060,Gare Adjin,bus_stop,platform,,,unofficial
10543762854,5.3845359,-3.8575423,Dernier Poteau,bus_stop,platform,,,unofficial
10543762855,5.3842742,-3.8574135,Dernier Poteau,bus_stop,platform,,,unofficial
10543762856,5.3827440,-3.8588727,Carrefour Panneau Virage,bus_stop,platform,,,unofficial
10543762857,5.3789307,-3.8626157,Carrefour Conteneur Bleu,bus_stop,platform,,,unofficial
10543762858,5.3737087,-3.8674906,Carrefour Haute Tension,bus_stop,platform,,,unofficial
10543762859,5.3718167,-3.8690583,Carrefour Addoha,bus_stop,platform,,,unofficial
10543762860,5.3716084,-3.8690597,Carrefour Addoha,bus_stop,platform,,,unofficial
10543762861,5.3678965,-3.8717312,Carrefour 2 Poteaux,bus_stop,platform,,,unofficial
10543762863,5.3580669,-3.8835770,Gare Coopec,bus_stop,platform,,,unofficial
10543762864,5.3581354,-3.8835757,Gare Coopec,bus_stop,platform,,,unofficial
10544177778,5.3053916,-3.8265131,Brégbo,bus_stop,platform,,,unofficial
10544177779,5.3052607,-3.8266111,Brégbo,bus_stop,platform,,,unofficial
10544177780,5.3134005,-3.8322824,Carrefour Ferme,bus_stop,platform,,,unofficial
10544177781,5.3137038,-3.8324445,Carrefour Ferme,bus_stop,platform,,,unofficial
10544177783,5.3221511,-3.8300126,Côte D'ivoire Energie,bus_stop,platform,,,unofficial
10544177784,5.3221765,-3.8304635,Côte D'ivoire Energie,bus_stop,platform,,,unofficial
10544177785,5.3229121,-3.8315544,Carrefour Avocatier,bus_stop,platform,,,unofficial
10544177786,5.3227960,-3.8317489,Carrefour Avocatier,bus_stop,platform,,,unofficial
10544177787,5.3244060,-3.8353673,Carrefour Doppel,bus_stop,platform,,,unofficial
10544177788,5.3244006,-3.8356017,Carrefour Doppel,bus_stop,platform,,,unofficial
10544177789,5.3254659,-3.8381255,Carrefour Orange Money,bus_stop,platform,,,unofficial
10544177790,5.3254105,-3.8381519,Carrefour Orange Money,bus_stop,platform,,,unofficial
10544177791,5.3262285,-3.8398047,Ecole,bus_stop,platform,,,unofficial
10544177792,5.3260597,-3.8398271,Ecole,bus_stop,platform,,,unofficial
10544177793,5.3278331,-3.8418524,Carrefour Germain,bus_stop,platform,,,unofficial
10544177794,5.3278808,-3.8422521,Carrefour Germain,bus_stop,platform,,,unofficial
10548470108,5.3051939,-3.9639911,Pont de Sans fil,bus_stop,platform,,,unofficial
10548476277,5.2699020,-4.0052086,Terminus Premoto,bus_stop,platform,,,unofficial
10548528709,5.2975650,-3.9605136,Carrefour Saint François d'Assise,bus_stop,platform,,,unofficial
10548528710,5.2976150,-3.9606249,Carrefour Saint François d'Assise,bus_stop,platform,,,unofficial
10548528711,5.3003746,-3.9612740,Paroisse Saint François,bus_stop,platform,,,unofficial
10548528712,5.3014923,-3.9615369,Carrefour Entente,bus_stop,platform,,,unofficial
10548528713,5.3012058,-3.9632300,Pharmacie In Challah,bus_stop,platform,,,unofficial
10548528714,5.3035955,-3.9638731,Carrefour Boulangerie,bus_stop,platform,,,unofficial
10548528715,5.3063123,-3.9640890,Pont de Sans fil,bus_stop,platform,,,unofficial
10548540814,5.2895460,-3.9640555,Carrefour Ecole,bus_stop,platform,,,unofficial
10548540815,5.2921820,-3.9628994,Carrefour St Etienne,bus_stop,platform,,,unofficial
10548540816,5.3012653,-3.9633279,Pharmacie In Challah,bus_stop,platform,,,unofficial
10548555747,5.2928818,-3.9611855,Grand Marché de Koumassi,bus_stop,platform,,,unofficial
10548555748,5.2922622,-3.9628378,Carrefour St Etienne,bus_stop,platform,,,unofficial
10548616016,5.2596992,-3.9689078,Abattoir,bus_stop,platform,,,unofficial
10548616018,5.2630032,-3.9635475,Hôpital General,bus_stop,platform,,,unofficial
10548616019,5.2828049,-3.9677093,Carrefour Galilée,bus_stop,platform,,,unofficial
10548616020,5.2829691,-3.9670730,Carrefour les Lagunes,bus_stop,platform,,,unofficial
10548616021,5.2848934,-3.9642178,Groupe Scolaire Pépinière,bus_stop,platform,,,unofficial
10548627919,5.2837904,-3.9638637,Carrefour Total,bus_stop,platform,,,unofficial
10548627920,5.2831681,-3.9657801,Camp Commando de Koumassi,bus_stop,platform,,,unofficial
10548627921,5.2827061,-3.9677113,Carrefour Galilée,bus_stop,platform,,,unofficial
10548627922,5.2673927,-3.9619587,Akwaba - Rond-Point,bus_stop,platform,,,unofficial
10548627923,5.2628429,-3.9633997,Hôpital General,bus_stop,platform,,,unofficial
10548627924,5.2590856,-3.9697330,Abattoir,bus_stop,platform,,,unofficial
10548640132,5.2602935,-3.9632012,Carrefour IFEF,bus_stop,platform,,,unofficial
10548640133,5.2606581,-3.9640340,Centre Pilote Des Jeunes de Port-Bouët,bus_stop,platform,,,unofficial
10548640134,5.2832803,-3.9658016,Camp Commando de Koumassi,bus_stop,platform,,,unofficial
10548640135,5.2838211,-3.9639723,Carrefour Total,bus_stop,platform,,,unofficial
10548664715,5.2666696,-3.9607986,Akwaba - Rond-Point,bus_stop,platform,,,unofficial
10548664716,5.2560414,-3.9578153,Lycée Moderne de Port-Bouët,bus_stop,platform,,,unofficial
10548664717,5.2568373,-3.9615503,Carrefour Océan,bus_stop,platform,,,unofficial
10548664718,5.2572153,-3.9632455,Marché Port-Bouët,bus_stop,platform,,,unofficial
10548664719,5.2568761,-3.9647301,Terminus Marché de Port-Bouët,bus_stop,platform,,,unofficial
10550585181,5.2854590,-3.9552122,Carrefour Sito,bus_stop,platform,,,unofficial
10550585182,5.2850337,-3.9570328,Au caniveau,bus_stop,platform,,,unofficial
10550585183,5.2848200,-3.9579199,Rois des Bois,bus_stop,platform,,,unofficial
10550585184,5.2845222,-3.9589874,Carrefour Pharmacie Bethanie,bus_stop,platform,,,unofficial
10550585185,5.2840915,-3.9609220,Lavge,bus_stop,platform,,,unofficial
10550585186,5.2837837,-3.9626366,Ancienne Gare,bus_stop,platform,,,unofficial
10550585187,5.2836796,-3.9633239,St Georges,bus_stop,platform,,,unofficial
10550585188,5.2855465,-3.9551509,Carrefour Sito,bus_stop,platform,,,unofficial
10550585189,5.2862422,-3.9518112,Marché de la Gare,bus_stop,platform,,,unofficial
10550606393,5.2865801,-3.9524268,Lycée Professionnel des Métiers du Bâtiment (LPMBAT),bus_stop,platform,SALE SAINT STEPHANE EHUI,,unofficial
10550606394,5.2882199,-3.9529860,Marché de Bois,bus_stop,platform,,,unofficial
10550606395,5.2925813,-3.9553879,Cimétière de Koumassi,bus_stop,platform,,,unofficial
10550630141,5.2881158,-3.9528036,Marché de Bois,bus_stop,platform,,,unofficial
10550630142,5.2941918,-3.9542413,Carrefour SOS,bus_stop,platform,,,unofficial
10550630143,5.2943948,-3.9541836,Carrefour SOS,bus_stop,platform,,,unofficial
10550644417,5.2825965,-3.9681365,Gare CIE,bus_stop,platform,,,unofficial
10550644419,5.2841510,-3.9610085,Lavge,bus_stop,platform,,,unofficial
10550644420,5.2858670,-3.9538537,Carrefour Pharmacie Saint Lucien,bus_stop,platform,,,unofficial
10550652415,5.2861754,-3.9517991,Marché de la Gare,bus_stop,platform,,,unofficial
10550652416,5.2857962,-3.9538229,Carrefour Pharmacie Saint Lucien,bus_stop,platform,,,unofficial
10550652417,5.2825298,-3.9681070,Lavge,bus_stop,platform,,,unofficial
10550722912,5.3505584,-3.8822683,Carrefour Djédjé,bus_stop,platform,,,unofficial
10550722913,5.3486330,-3.8849893,Pharmacie Gbagba,bus_stop,platform,,,unofficial
10550722914,5.3402995,-3.8846916,Ecole Placali,bus_stop,platform,,,unofficial
10550722915,5.3389242,-3.8846755,Carrefour Cyril,bus_stop,platform,,,unofficial
10550722916,5.3384915,-3.8840747,Carrefour Evangelico,bus_stop,platform,,,unofficial
10550722917,5.3365247,-3.8850148,Carrefour Gaz,bus_stop,platform,,,unofficial
10550722918,5.3357035,-3.8857242,Carrefour Ecole,bus_stop,platform,,,unofficial
10550722919,5.3345191,-3.8868494,Jumeaux,bus_stop,platform,,,unofficial
10550722920,5.3336444,-3.8879183,Immeuble,bus_stop,platform,,,unofficial
10550722921,5.3332545,-3.8886177,Carrefour Céleste,bus_stop,platform,,,unofficial
10550722922,5.3366075,-3.8850886,Carrefour Gaz,bus_stop,platform,,,unofficial
10550722923,5.3384702,-3.8842303,Carrefour Evangelico,bus_stop,platform,,,unofficial
10550722924,5.3389309,-3.8847747,Carrefour Cyril,bus_stop,platform,,,unofficial
10550722925,5.3404347,-3.8847952,Ecole Placali,bus_stop,platform,,,unofficial
10550722926,5.3509350,-3.8820563,Carrefour Djédjé,bus_stop,platform,,,unofficial
10554624554,5.3404247,-3.8584113,Carrefour Anan,bus_stop,platform,,,unofficial
10554624555,5.3163716,-3.8009291,Gare Sodepalme,bus_stop,platform,,,unofficial
10554624556,5.3162221,-3.8008124,Gare Sodepalme,bus_stop,platform,,,unofficial
10554624558,5.3202793,-3.8235172,Koffikro / Carrefour Bananier,bus_stop,platform,,,unofficial
10554624559,5.3202020,-3.8237468,Koffikro / Carrefour Bananier,bus_stop,platform,,,unofficial
10554624560,5.3206705,-3.8262722,Carrefour N'zikan 1er,bus_stop,platform,,,unofficial
10554624561,5.3206120,-3.8264423,Carrefour N'zikan 1er,bus_stop,platform,,,unofficial
10554624562,5.3394374,-3.8568729,Carrefour Impôt,bus_stop,platform,,,unofficial
10554624563,5.3394450,-3.8572396,Carrefour Impôt,bus_stop,platform,,,unofficial
10554781082,5.4202609,-4.0084968,Clinique Bamba,bus_stop,platform,,no,unofficial
10554781083,5.4211418,-4.0101270,Grand Stop/ Pharmacie Nour,bus_stop,platform,,no,unofficial
10554781084,5.4224310,-4.0125455,Grande Mosquée Inachevée,bus_stop,platform,,no,unofficial
10554781085,5.4272426,-4.0145159,Lycée Moderne,bus_stop,platform,,no,unofficial
10554781086,5.4317856,-4.0253634,Ancien Garage,bus_stop,platform,,no,unofficial
10554781087,5.4489071,-4.0514794,Ecole Djessou,bus_stop,platform,,no,unofficial
10554781088,5.4453237,-4.0495764,Boulangerie/ Délice de france,bus_stop,platform,,no,unofficial
10554781089,5.4460083,-4.0499721,Poubelle,bus_stop,platform,,no,unofficial
10554781090,5.4459555,-4.0497264,Poubelle,bus_stop,platform,,no,unofficial
10554781091,5.4446234,-4.0489643,Agripac Après la Feu,bus_stop,platform,,no,unofficial
10554781092,5.4429580,-4.0479981,Glacier,bus_stop,platform,,no,unofficial
10554781093,5.4378887,-4.0372297,Poubelle,bus_stop,platform,,no,unofficial
10554781094,5.4380582,-4.0369862,Poubelle,bus_stop,platform,,no,unofficial
10554781095,5.4273129,-4.0164775,Ecole Konaté Freinet,bus_stop,platform,,no,unofficial
10554781096,5.4272842,-4.0144224,Lycée Moderne,bus_stop,platform,,no,unofficial
10554781097,5.4224393,-4.0123819,Grande Mosquée Inachevée,bus_stop,platform,,no,unofficial
10554781098,5.4154713,-4.0061234,Samaké,bus_stop,platform,,no,unofficial
10554856195,5.4272630,-4.0180993,Carrefour SOS,bus_stop,platform,,no,unofficial
10554856196,5.4433647,-4.0684236,Paris Baguette,bus_stop,platform,,no,unofficial
10554856198,5.4433019,-4.0698230,Gare N'dotré,bus_stop,platform,,no,unofficial
10554856199,5.4436059,-4.0696700,Carrefour N'dotré,bus_stop,platform,,no,unofficial
10554856200,5.4451325,-4.0700681,Carrefour Kobakro,bus_stop,platform,,no,unofficial
10554856201,5.4482625,-4.0676777,Boulangerie,bus_stop,platform,,no,unofficial
10554856202,5.4439125,-4.0531424,Taxi Gare après pont,bus_stop,platform,,no,unofficial
10554856203,5.4273303,-4.0182102,Carrefour SOS,bus_stop,platform,,no,unofficial
10554856204,5.4212341,-4.0101311,Grand Stop/ Pharmacie Nour,bus_stop,platform,,no,unofficial
10554856205,5.4203321,-4.0084468,Clinique Bamba,bus_stop,platform,,no,unofficial
10554856206,5.4155668,-4.0062989,Samaké,bus_stop,platform,,no,unofficial
10555130993,5.3416508,-4.0033834,Cité Sogefiha,bus_stop,platform,,no,unofficial
10555130994,5.3480762,-4.0026136,Carrefour la Vie,bus_stop,platform,,no,unofficial
10555130995,5.3385076,-4.0035899,CIE Cocody St-Jean,bus_stop,platform,,no,unofficial
10555130996,5.3292005,-4.0046588,Carrefour Chancellerie,bus_stop,platform,,no,unofficial
10555130997,5.3274882,-4.0014201,Carrefour Blockauss,bus_stop,platform,,no,unofficial
10555130998,5.3277184,-4.0022716,ITC,bus_stop,platform,,no,unofficial
10555136194,5.4274133,-4.0215992,Gagnoa Gare,bus_stop,platform,,,unofficial
10555136195,5.4592524,-4.0542544,Garage Sylla,bus_stop,platform,,,unofficial
10555136196,5.4588084,-4.0541354,Garage Sylla,bus_stop,platform,,,unofficial
10555136197,5.4554298,-4.0545979,Koffi Jean,bus_stop,platform,,,unofficial
10555136198,5.4542876,-4.0547509,Bascule,bus_stop,platform,,no,unofficial
10555136199,5.4539696,-4.0546447,Bascule,bus_stop,platform,,no,unofficial
10555136200,5.4527067,-4.0546959,Bougouni,bus_stop,platform,,no,unofficial
10555136201,5.4525259,-4.0544284,Bougouni,bus_stop,platform,,no,unofficial
10555172683,5.3482801,-4.0169823,Pharmacie Providence,bus_stop,platform,,,
10555172684,5.3462825,-4.0213551,Boulangerie / Depôt,bus_stop,platform,,,unofficial
10555172685,5.3463332,-4.0214367,Boulangerie / Depôt,bus_stop,platform,,,unofficial
10555172686,5.3467935,-4.0211926,Carrefour Californie,bus_stop,platform,,,unofficial
10555172687,5.3468385,-4.0212821,Carrefour Californie,bus_stop,platform,,,unofficial
10555172688,5.3473651,-4.0210226,Carrefour Banfora,bus_stop,platform,,,unofficial
10555172689,5.3475474,-4.0210948,Carrefour Banfora,bus_stop,platform,,,unofficial
10555172690,5.3488069,-4.0205723,Carrefour Complexe,bus_stop,platform,,,unofficial
10555172691,5.3488239,-4.0206299,Carrefour Complexe,bus_stop,platform,,,unofficial
10555172692,5.3481071,-4.0182846,Maternité Thérese,bus_stop,platform,,,unofficial
10555172693,5.3479859,-4.0173599,Au Tournant,bus_stop,platform,,no,unofficial
10555172694,5.3489274,-4.0169985,Boulangerie Opera,bus_stop,platform,,no,unofficial
10555172695,5.3493815,-4.0170137,Carrefour de La Poste,bus_stop,platform,,no,unofficial
10555172696,5.3520348,-4.0169720,Shell,bus_stop,platform,,no,unofficial
10555172697,5.3523698,-4.0170545,Shell,bus_stop,platform,,no,unofficial
10556361880,5.3058082,-3.9980418,Marché Bellville,bus_stop,platform,,no,
10556361881,5.3054343,-3.9991482,Arret Belleville,bus_stop,platform,,no,
10556361882,5.3046478,-4.0013878,Carrefour Entente,bus_stop,platform,,no,
10556361883,5.3039881,-4.0032385,Eglise Notre-Dame de la Paix,bus_stop,platform,,no,
10556361884,5.3050430,-4.0072873,Avenue 16,bus_stop,platform,,no,unofficial
10556361885,5.3083641,-4.0088524,Arret Texaco,bus_stop,platform,,no,unofficial
10556361886,5.3080576,-4.0096819,Station Corlay,bus_stop,platform,,no,unofficial
10556361887,5.3072931,-4.0118115,Pharmacie du Grand Marché / Rond-point Treichville,bus_stop,platform,,no,unofficial
10556361888,5.3096086,-4.0132231,Marché de Treichville,bus_stop,platform,,no,unofficial
10556365490,5.3096413,-4.0131573,Marché de Treichville,bus_stop,platform,,no,unofficial
10556365491,5.3084415,-4.0127349,Pharmacie Roy,bus_stop,platform,,no,unofficial
10556365492,5.3077471,-4.0124881,Foire de Chine,bus_stop,platform,,no,unofficial
10556365493,5.3072330,-4.0118645,Pharmacie du Grand Marché / Rond-point Treichville,bus_stop,platform,,no,unofficial
10556365494,5.3059551,-4.0118605,Avenue 11 Rue 12 / Pharmacie Rue 12,bus_stop,platform,,no,
10556365495,5.3037904,-4.0110827,Avenue 14 Rue 12,bus_stop,platform,,no,
10556365496,5.3038265,-4.0108641,Tyson,bus_stop,platform,,no,
10556365497,5.3044835,-4.0090603,Pharmacie Alpha 16,bus_stop,platform,,no,
10556365498,5.3059444,-4.0045716,Carrefour St Jean Bosco,bus_stop,platform,,no,
10556365499,5.3039287,-4.0039010,Pharmacie Notre-Dame,bus_stop,platform,,no,
10556365500,5.3041163,-4.0030548,Eglise Notre-Dame de la Paix,bus_stop,platform,,no,
10556365501,5.3047479,-4.0012966,Carrefour Entente,bus_stop,platform,,no,
10556365502,5.3054904,-3.9991763,Arret Belleville,bus_stop,platform,,no,
10556365503,5.3058696,-3.9980692,Marché Bellville,bus_stop,platform,,no,
10556394811,5.2984770,-4.0051536,Palais des Sports,bus_stop,platform,,,unofficial
10556394812,5.2995894,-4.0074268,Marché Samsung,bus_stop,platform,,,unofficial
10556394813,5.3010890,-4.0102203,Carrefour Cacomiaf,bus_stop,platform,,,unofficial
10556394814,5.3032416,-4.0140452,Siège Coris Bank,bus_stop,platform,,,unofficial
10556394815,5.3035795,-4.0161413,Carrefour CTOP Zone 2,bus_stop,platform,,,unofficial
10556394816,5.3085350,-4.0187310,En bas du pont,bus_stop,platform,,,unofficial
10556394817,5.3093015,-4.0163559,Station OLA,bus_stop,platform,,,unofficial
10556394818,5.3097795,-4.0147533,Terminus Marché Treichville,bus_stop,platform,,,unofficial
10556394819,5.3094711,-4.0156250,FIF,bus_stop,platform,,,unofficial
10556394820,5.3104579,-4.0130293,Mairie de Treichville,bus_stop,platform,,,unofficial
10556394821,5.3104058,-4.0130018,Mairie de Treichville,bus_stop,platform,,,unofficial
10556394822,5.3090304,-4.0163358,Station OLA,bus_stop,platform,,,unofficial
10556394823,5.3077431,-4.0158972,Carrefour Flamboyant,bus_stop,platform,,,unofficial
10556394824,5.3058042,-4.0152039,Commissariat du 2ᵉ Arrondissement de Treichville,bus_stop,platform,,,unofficial
10556394825,5.3040108,-4.0145454,Pharmacie Sainte-Jeanne,bus_stop,platform,,,unofficial
10556394826,5.3012512,-4.0100876,Carrefour Cacomiaf,bus_stop,platform,,,unofficial
10556394827,5.3004667,-4.0086606,Kabalane,bus_stop,platform,,,unofficial
10556394828,5.2986025,-4.0049484,Palais des Sports,bus_stop,platform,,,unofficial
10556409603,5.3083894,-3.9911029,Carrefour des Banques,bus_stop,platform,,no,
10556409604,5.3079728,-3.9891268,Arrêt Lamartine,bus_stop,platform,,no,
10556409605,5.3070541,-3.9874785,Banque Populaire,bus_stop,platform,,no,
10556409606,5.3063679,-3.9862057,Carrefour Konankro,bus_stop,platform,,no,
10556409607,5.3036990,-3.9871848,Eglise Sainte Therèse,bus_stop,platform,,no,
10556418950,5.3037597,-3.9872901,Eglise Sainte Therèse,bus_stop,platform,,no,
10556418951,5.3068404,-3.9855547,Pharmacie TSF,bus_stop,platform,,no,
10556418952,5.3081037,-3.9848118,Station Shell Marcory,bus_stop,platform,,no,
10556418953,5.3088318,-3.9844486,Carrefour Plein,bus_stop,platform,,no,
10556418954,5.3097615,-3.9855105,Pharmacie Bethesda,bus_stop,platform,,no,
10556418955,5.3105567,-3.9869696,Nouvelle Clinique Farah,bus_stop,platform,,no,
10556418956,5.3097922,-3.9892501,Maurice,bus_stop,platform,,no,
10556418957,5.3082352,-3.9910881,Carrefour des Banques,bus_stop,platform,,no,
10556418958,5.3070848,-3.9943457,Pharmacie des Lagunes,bus_stop,platform,,no,
10556449445,5.3045543,-4.0113549,Pharmacie la Grace,bus_stop,platform,,no,
10556449446,5.3024484,-4.0106052,Avenue 18 Rue 12,bus_stop,platform,,no,
10556449447,5.3016385,-4.0101700,Station Total,bus_stop,platform,,no,
10556449448,5.3029926,-4.0103913,Avenue 18 Rue 13,bus_stop,platform,,no,
10556449449,5.3042832,-4.0108332,Avenue 15 Rue 13,bus_stop,platform,,no,
10556449450,5.3061447,-4.0114997,Avenue 11 Rue 13,bus_stop,platform,,no,
10556449451,5.3077217,-4.0125820,Foire de Chine,bus_stop,platform,,no,unofficial
10556747533,5.3002023,-4.0085855,Kabalane,bus_stop,platform,,,unofficial
10556747534,5.3039707,-4.0146285,Pharmacie Sainte-Jeanne,bus_stop,platform,,,unofficial
10556747535,5.3058028,-4.0152870,Commissariat du 2ᵉ Arrondissement de Treichville,bus_stop,platform,,,unofficial
10556747536,5.3063944,-4.0154909,District Sanitaire Trechville/Marcory,bus_stop,platform,,,unofficial
10556747537,5.3089863,-4.0169332,Gare bateau-bus,bus_stop,platform,,,unofficial
10556747538,5.3081691,-4.0172075,Hôpital General,bus_stop,platform,,,unofficial
10556747539,5.3073759,-4.0170224,Carrefour Ecole,bus_stop,platform,,,unofficial
10556747540,5.3049162,-4.0160353,Château,bus_stop,platform,,,unofficial
10556747541,5.3022748,-4.0118773,Ex Pharmacie Mockey,bus_stop,platform,,,unofficial
10556842056,5.3000634,-4.0061380,Ancien Terminus 67,bus_stop,platform,,,unofficial
10556842057,5.3015377,-4.0060575,Avenue 24,bus_stop,platform,,,unofficial
10556842058,5.3019837,-4.0062104,Avenue 23,bus_stop,platform,,,unofficial
10556842059,5.3024003,-4.0063727,Avenue 22,bus_stop,platform,,,unofficial
10556842060,5.3028637,-4.0065269,Avenue 21,bus_stop,platform,,,unofficial
10556842061,5.3032937,-4.0066731,Avenue 20,bus_stop,platform,,,unofficial
10556842062,5.3037170,-4.0068313,Avenue 19,bus_stop,platform,,,unofficial
10556842063,5.3041590,-4.0069883,Avenue 18,bus_stop,platform,,,unofficial
10556842064,5.3045797,-4.0071411,Avenue 17,bus_stop,platform,,,unofficial
10556842065,5.3055611,-4.0074764,Avenue 15,bus_stop,platform,,,unofficial
10556842066,5.3059310,-4.0076078,Avenue 14,bus_stop,platform,,,unofficial
10556842067,5.3063664,-4.0077768,Avenue 13,bus_stop,platform,,,unofficial
10556842068,5.3067970,-4.0079062,Avenue 12,bus_stop,platform,,,unofficial
10556842069,5.3072584,-4.0080759,Avenue 11,bus_stop,platform,,,unofficial
10556842070,5.3076857,-4.0082227,Avenue 10,bus_stop,platform,,,unofficial
10556842071,5.3089543,-4.0086713,Avenue 7,bus_stop,platform,,,unofficial
10556842072,5.3094056,-4.0088309,Avenue 6,bus_stop,platform,,,unofficial
10556842073,5.3097742,-4.0089691,Avenue 5,bus_stop,platform,,,unofficial
10556842074,5.3101908,-4.0091179,Avenue 4,bus_stop,platform,,,unofficial
10556842075,5.3105453,-4.0092500,Avenue 3,bus_stop,platform,,,unofficial
10556842076,5.3114721,-4.0095642,Cité Sopim,bus_stop,platform,,,unofficial
10556842077,5.3128678,-4.0100768,Gare Lagunaire Treichville STL,bus_stop,platform,,,unofficial
10556842078,5.3128895,-4.0100292,Gare Lagunaire Treichville STL,bus_stop,platform,,,unofficial
10556948059,5.3509096,-4.0170707,Carrefour Pâtisserie,bus_stop,platform,,,unofficial
10556948060,5.3531254,-4.0171726,Chez Hassan,bus_stop,platform,,,unofficial
10556948061,5.3593637,-4.0168521,2ème Feu Agban,bus_stop,platform,,,unofficial
10556948062,5.3627893,-4.0171860,Djeni Kobenan,bus_stop,platform,,,unofficial
10556948063,5.3661427,-4.0210712,Carrefour Poulet,bus_stop,platform,,,unofficial
10556948064,5.3765153,-4.0255947,Macaci,bus_stop,platform,,,unofficial
10556948066,5.3764926,-4.0255049,Macaci,bus_stop,platform,,,unofficial
10556948068,5.3747101,-4.0260266,Carrefour Station,bus_stop,platform,,,unofficial
10556948069,5.3734524,-4.0268929,Escalier,bus_stop,platform,,,unofficial
10556948070,5.3734096,-4.0268138,Escalier,bus_stop,platform,,,unofficial
10556948071,5.3723829,-4.0269358,Garage Mercedes,bus_stop,platform,,,unofficial
10556948072,5.3715751,-4.0270391,BMW,bus_stop,platform,,,unofficial
10556948073,5.3709569,-4.0269627,Dépôt Solibra - Williamsville,bus_stop,platform,,,unofficial
10556948074,5.3709916,-4.0270686,Dépôt Solibra - Williamsville,bus_stop,platform,,,unofficial
10556948075,5.3695599,-4.0263893,Craven,bus_stop,platform,,,unofficial
10556948076,5.3695672,-4.0263558,Craven,bus_stop,platform,,,unofficial
10556948077,5.3685174,-4.0259367,Petit Portail CRS,bus_stop,platform,,,unofficial
10556948078,5.3685415,-4.0258697,Petit Portail CRS,bus_stop,platform,,,unofficial
10556948079,5.3673811,-4.0248236,CRS,bus_stop,platform,,,unofficial
10556948080,5.3673064,-4.0248880,CRS,bus_stop,platform,,,unofficial
10556948081,5.3673972,-4.0241598,Cité Universitaire,bus_stop,platform,,,unofficial
10556948082,5.3673104,-4.0241571,Cité Universitaire,bus_stop,platform,,,unofficial
10556948083,5.3672930,-4.0233752,Terminus 14,bus_stop,platform,,,unofficial
10556948084,5.3673571,-4.0233839,Terminus 14,bus_stop,platform,,,unofficial
10556948085,5.3673097,-4.0228435,Commissariat de la Police du 11ᵉ Arrondissements,bus_stop,platform,,,unofficial
10556948086,5.3673558,-4.0227697,Commissariat de la Police du 11ᵉ Arrondissements,bus_stop,platform,,,unofficial
10556948087,5.3672733,-4.0219677,Cafétière,bus_stop,platform,,,unofficial
10556948088,5.3673000,-4.0219262,Cafétière,bus_stop,platform,,,unofficial
10556948089,5.3666588,-4.0214749,Carrefour Copa Barry,bus_stop,platform,,,unofficial
10556948090,5.3666975,-4.0214159,Carrefour Copa Barry,bus_stop,platform,,,unofficial
10556948091,5.3657522,-4.0206541,Pharmacie Williamsville,bus_stop,platform,,,unofficial
10556948092,5.3655252,-4.0205133,Grande Mosquée de Williamsville,bus_stop,platform,,,unofficial
10556948093,5.3652461,-4.0200573,Grande Mosquée de Williamsville,bus_stop,platform,,,unofficial
10556948094,5.3647768,-4.0196195,Dépôt,bus_stop,platform,,,unofficial
10556948095,5.3648282,-4.0195678,Dépôt,bus_stop,platform,,,unofficial
10556948096,5.3644537,-4.0191970,Ozanga,bus_stop,platform,,,unofficial
10556948097,5.3644850,-4.0191675,Ozanga,bus_stop,platform,,,unofficial
10556948098,5.3640895,-4.0187320,Kiosque Mimos,bus_stop,platform,,,unofficial
10556948099,5.3641065,-4.0187176,Kiosque Mimos,bus_stop,platform,,,unofficial
10556948100,5.3636872,-4.0182602,Carrefour Affou Keita,bus_stop,platform,,,unofficial
10556948101,5.3637353,-4.0182187,Carrefour Affou Keita,bus_stop,platform,,,unofficial
10556948102,5.3418451,-4.0216640,Feu Sapeurs Pompiers,bus_stop,platform,,,unofficial
10556948103,5.3447873,-4.0229219,Eglise Saint Michel,bus_stop,platform,,,unofficial
10556948104,5.3464725,-4.0227757,Gare Saint Michel,bus_stop,platform,,,unofficial
10556998268,5.3419913,-4.0238138,Carrefour Dallas,bus_stop,platform,,,unofficial
10556998269,5.3435860,-4.0235650,Eglise Méthodiste,bus_stop,platform,,,unofficial
10557030136,5.3718114,-4.0267642,Pharmacie Rapha,bus_stop,platform,,,unofficial
10557030137,5.3661501,-4.0209884,Carrefour Poulet,bus_stop,platform,,,unofficial
10557030138,5.3633341,-4.0177124,Konaté,bus_stop,platform,,,unofficial
10557030139,5.3628707,-4.0171123,Djeni Kobenan,bus_stop,platform,,,unofficial
10557030140,5.3608659,-4.0170110,Agban,bus_stop,platform,,,unofficial
10557030141,5.3584805,-4.0164508,Station Total,bus_stop,platform,,no,unofficial
10557030142,5.3568929,-4.0157940,Institut Carine'N,bus_stop,platform,,no,unofficial
10557036351,5.3480775,-4.0207936,Carrefour Marché Gouro,bus_stop,platform,,,unofficial
10557036352,5.3452107,-4.0226564,Carrefour Saint Michel,bus_stop,platform,,,unofficial
10557036353,5.3418718,-4.0237480,Carrefour Dallas,bus_stop,platform,,,unofficial
10557097664,5.3621470,-4.0170492,Feu Agban,bus_stop,platform,,,unofficial
10557097665,5.3716044,-4.0271182,BMW,bus_stop,platform,,,unofficial
10557097666,5.3718848,-4.0268272,Pharmacie Rapha,bus_stop,platform,,,unofficial
10557097668,5.3723735,-4.0270270,Garage Mercedes,bus_stop,platform,,,unofficial
10557097669,5.3747582,-4.0260749,Carrefour Station,bus_stop,platform,,,unofficial
10562667129,5.3295532,-4.0011099,Banque Mondiale,bus_stop,platform,,no,unofficial
10562667130,5.3327286,-4.0005522,Carrefour pilote,bus_stop,platform,,no,unofficial
10562667133,5.3365883,-4.0000553,Carrefour pâtisserie,bus_stop,platform,,no,unofficial
10562667134,5.3312369,-4.0007954,Carrefour 1ère Dame,bus_stop,platform,,no,unofficial
10562667135,5.3294402,-4.0010126,Banque Mondiale,bus_stop,platform,,no,unofficial
10562667136,5.3271011,-4.0013239,Top chef,bus_stop,platform,,no,unofficial
10565026794,5.3355539,-3.8513598,Carrefour Cefal,bus_stop,platform,,,unofficial
10565026795,5.3220406,-3.8301355,Côte D'ivoire Energie,bus_stop,platform,,,unofficial
10565026796,5.3174738,-3.8319808,Carrefour Agban,bus_stop,platform,,,unofficial
10565026797,5.3105166,-3.8545664,Bingerville Agban Village,bus_stop,platform,,,unofficial
10565026798,5.3106128,-3.8544980,Bingerville Agban Village,bus_stop,platform,,,unofficial
10565026799,5.3109894,-3.8526969,Panneau 50,bus_stop,platform,,,unofficial
10565026800,5.3120790,-3.8504800,Maison Blanche,bus_stop,platform,,,unofficial
10565026801,5.3137589,-3.8462877,Carrefour Hévéa,bus_stop,platform,,,unofficial
10565026802,5.3153265,-3.8383162,Carrefour Amonnou,bus_stop,platform,,,unofficial
10565026803,5.3175512,-3.8321766,Carrefour Agban,bus_stop,platform,,,unofficial
10565026804,5.3267169,-3.8408831,Au pont,bus_stop,platform,,,unofficial
10565026805,5.3357996,-3.8518667,Carrefour Cefal,bus_stop,platform,,,unofficial
10565026806,5.3433146,-3.8633519,Carrefour Policier,bus_stop,platform,,,unofficial
10565225801,5.3087513,-3.8322169,Cité,bus_stop,platform,,,unofficial
10565225802,5.3113953,-3.8330832,Fromager,bus_stop,platform,,,unofficial
10565335924,5.3690195,-3.8897999,Campement,bus_stop,platform,,,unofficial
10565335925,5.3677003,-3.8898522,Carrefour Soungalo,bus_stop,platform,,,unofficial
10565335927,5.3532897,-3.8770285,Nouvelle Gare Bingerville,bus_stop,platform,,,unofficial
10568211093,5.3140954,-3.8107686,Carrefour Bambou,bus_stop,platform,,,unofficial
10568211094,5.3050444,-3.7884459,Carrefour Barque,bus_stop,platform,,,unofficial
10568211095,5.3062462,-3.7693834,Carrefour Coq,bus_stop,platform,,,unofficial
10568211096,5.2951332,-3.7480384,Carrefour Cimétière,bus_stop,platform,,,unofficial
10568211097,5.2958891,-3.7479070,Au Goudron,bus_stop,platform,,,unofficial
10568211099,5.3016405,-3.7434840,Gare Eloka,bus_stop,platform,,,unofficial
10568211100,5.3015818,-3.7434304,Gare Eloka,bus_stop,platform,,,unofficial
10568211101,5.2996361,-3.7467188,Hôpital,bus_stop,platform,,,unofficial
10568211102,5.2997830,-3.7480196,Ecole,bus_stop,platform,,,unofficial
10568211103,5.3057281,-3.7589872,Carrefour Graine,bus_stop,platform,,,unofficial
10568211104,5.3060218,-3.7693727,Carrefour Coq,bus_stop,platform,,,unofficial
10568211105,5.3049723,-3.7837493,Carrefour Sipa,bus_stop,platform,,,unofficial
10568211106,5.3048761,-3.7889850,Carrefour Barque,bus_stop,platform,,,unofficial
10568211107,5.3139885,-3.8107686,Carrefour Bambou,bus_stop,platform,,,unofficial
10568211108,5.3161865,-3.8173682,Au bord,bus_stop,platform,,,unofficial
10568276311,5.3508762,-3.7940316,Terminus M'batto Village,bus_stop,platform,,,unofficial
10568276312,5.3488987,-3.7992391,Carrefour Panneau 30,bus_stop,platform,,,unofficial
10568276313,5.3485302,-3.8018650,Carrefour Lomba,bus_stop,platform,,,unofficial
10568276314,5.3503248,-3.8222256,Carrefour Akakro,bus_stop,platform,,,unofficial
10568276315,5.3488132,-3.8274452,Carrefour N'da,bus_stop,platform,,,unofficial
10568276316,5.3472697,-3.8322477,Carrefour Solper,bus_stop,platform,,,unofficial
10568276317,5.3488720,-3.8624588,2 Conteneurs,bus_stop,platform,,,unofficial
10568279520,5.3462215,-3.8355871,2 panneaux,bus_stop,platform,,,unofficial
10568279521,5.3474432,-3.8320613,Carrefour Solper,bus_stop,platform,,,unofficial
10568279522,5.3485382,-3.8288292,Carrefour Brique,bus_stop,platform,,,unofficial
10568279523,5.3489788,-3.8273728,Carrefour N'da,bus_stop,platform,,,unofficial
10568279524,5.3504382,-3.8221800,Carrefour Akakro,bus_stop,platform,,,unofficial
10568279525,5.3486744,-3.8017416,Carrefour Lomba,bus_stop,platform,,,unofficial
10568279526,5.3490335,-3.7992015,Carrefour Panneau 30,bus_stop,platform,,,unofficial
10568279527,5.3509350,-3.7940678,Terminus M'batto Village,bus_stop,platform,,,unofficial
10568343034,5.3559115,-3.8817640,Escalier,bus_stop,platform,,,unofficial
10568343035,5.3575204,-3.8890824,La Poste,bus_stop,platform,,,unofficial
10568343036,5.3732801,-3.9264482,55 Panneau,bus_stop,platform,,,unofficial
10568343037,5.3713611,-3.9335443,Menuiserie,bus_stop,platform,,,unofficial
10568343038,5.3707279,-3.9359761,Coqivoire,bus_stop,platform,,,unofficial
10568343039,5.3656253,-3.9486730,Carrefour CFA,bus_stop,platform,,,unofficial
10568343040,5.3649263,-3.9502770,Ferronnerie,bus_stop,platform,,,unofficial
10568343041,5.3630937,-3.9554898,Agate Decor,bus_stop,platform,,,unofficial
10570021085,5.3532490,-4.0120858,Gare de Bingerville,bus_stop,platform,,,unofficial
10570021086,5.3494275,-3.9950256,Ecole de Gendarmerie,bus_stop,platform,,,unofficial
10570021087,5.3539994,-3.9766967,Riviera 2,bus_stop,platform,,,unofficial
10570021088,5.3555296,-3.9711781,La case Ivoire,bus_stop,platform,,,
10570021089,5.3556950,-3.9699466,Carrefour Alpha,bus_stop,platform,,,
10570021090,5.3559034,-3.9699161,Carrefour Alpha,bus_stop,platform,,,
10570021091,5.3666014,-3.9092365,Syndicat,bus_stop,platform,,,unofficial
10570021092,5.3665720,-3.9090568,Syndicat,bus_stop,platform,,,unofficial
10570021093,5.3604780,-3.9026946,Ancien Barrage,bus_stop,platform,,,unofficial
10570021094,5.3576419,-3.8893063,La Poste,bus_stop,platform,,,unofficial
10570021095,5.3574163,-3.8865115,Carrefour Marché,bus_stop,platform,,,unofficial
10570121942,5.4043844,-3.9905517,Angré Petro Ivoire,bus_stop,platform,,,
10570121943,5.4045687,-3.9921154,Socofrais,bus_stop,platform,,no,unofficial
10570121944,5.4053858,-3.9967570,Petro Ivoire en bas,bus_stop,platform,,no,unofficial
10570121945,5.4054325,-3.9967053,Petro Ivoire en bas,bus_stop,platform,,no,unofficial
10570121946,5.4049425,-3.9953569,Petit Pont,bus_stop,platform,,no,unofficial
10570121947,5.4050547,-3.9954145,Petit Pont,bus_stop,platform,,no,unofficial
10570121948,5.4049492,-3.9944476,Star 8,bus_stop,platform,,no,unofficial
10570121949,5.4046795,-3.9932339,Star 5,bus_stop,platform,,no,unofficial
10570121950,5.4047636,-3.9930944,Star 5,bus_stop,platform,,no,unofficial
10570121951,5.4047569,-3.9936550,Mosquée,bus_stop,platform,,no,unofficial
10570121952,5.4048037,-3.9935189,Mosquée,bus_stop,platform,,no,unofficial
10570121953,5.4046114,-3.9921067,Socofrais,bus_stop,platform,,no,unofficial
10570253261,5.4174305,-4.0167679,2eme Arrêt,bus_stop,platform,,no,unofficial
10570253262,5.3977348,-4.0207969,UTD 2eme Porte,bus_stop,platform,,no,unofficial
10570253263,5.3943258,-4.0207905,Université 2eme Porte,bus_stop,platform,,no,unofficial
10570253264,5.3913076,-4.0207554,Filtisac,bus_stop,platform,,no,unofficial
10570253265,5.3766405,-4.0261054,Macaci,bus_stop,platform,,no,unofficial
10570253266,5.3735905,-4.0278845,SODECI,bus_stop,platform,,no,unofficial
10570253267,5.3681432,-4.0291737,Escalier,bus_stop,platform,,no,unofficial
10570253268,5.3629390,-4.0289017,Wrangler,bus_stop,platform,,no,unofficial
10570253269,5.3688614,-4.0294478,Escalier,bus_stop,platform,,no,unofficial
10570253270,5.3727628,-4.0286160,Feu Sitaf,bus_stop,platform,,no,unofficial
10570253271,5.3975395,-4.0210206,UTD 2eme Porte,bus_stop,platform,,no,unofficial
10570253272,5.4173978,-4.0169925,2eme Arrêt,bus_stop,platform,,no,unofficial
10570292842,5.3787925,-3.9638945,Station Total Rosiers,bus_stop,platform,,,
10570292843,5.3857402,-3.9688016,Pharmacie Mont Carmel,bus_stop,platform,,no,unofficial
10570292844,5.3914474,-3.9702152,Elite 2,bus_stop,platform,,no,unofficial
10570388539,5.3434915,-4.0723591,Gare Lavage Yopougon,bus_stop,platform,,,unofficial
10570388540,5.3437712,-4.0734172,William-Ponty,bus_stop,platform,,,unofficial
10570388541,5.3476863,-4.0733957,CIE Kenya,bus_stop,platform,,no,unofficial
10570388542,5.3690202,-4.0000394,Gare de Yopougon - 2 Plateaux Mobil,bus_stop,platform,,no,unofficial
10570414428,5.3690472,-4.0000380,Gare de Yopougon - 2 Plateaux Mobil,bus_stop,platform,,no,unofficial
10570414429,5.3627906,-3.9974148,Orange Côte d'Ivoire,bus_stop,platform,,no,unofficial
10570414430,5.3593964,-3.9993225,VIPNet,bus_stop,platform,,,unofficial
10570414431,5.3562706,-4.0013811,Saint Jacques,bus_stop,platform,,,unofficial
10570414432,5.3434921,-4.0723082,Gare Lavage Yopougon,bus_stop,platform,,,unofficial
10570421407,5.3198226,-4.0156082,Terminus Mosquée du Plateau,bus_stop,platform,,,unofficial
10570432204,5.4192588,-4.0147434,Carrefour Marché,bus_stop,platform,,no,unofficial
10570432205,5.4125305,-4.0062925,Sodepalm,bus_stop,platform,,no,unofficial
10570432207,5.3560484,-4.0159479,Lavage,bus_stop,platform,,no,unofficial
10570434209,5.3977966,-4.0064447,Cocotiers,bus_stop,platform,,no,unofficial
10570434210,5.3979488,-4.0065108,Cocotiers,bus_stop,platform,,no,unofficial
10570434211,5.4099716,-4.0064005,Tchapatcha,bus_stop,platform,,no,unofficial
10570434212,5.4191806,-4.0148019,Carrefour Marché,bus_stop,platform,,no,unofficial
10570456609,5.3196597,-4.0154077,Mosquée du Plateau,bus_stop,platform,,,unofficial
10570456610,5.3213983,-4.0158798,BCEAO,bus_stop,platform,,,unofficial
10570456611,5.3217241,-4.0164725,SGBCI - Pyramide,bus_stop,platform,,,unofficial
10570456612,5.3220967,-4.0179920,Pharmacie Centrale,bus_stop,platform,,,unofficial
10570456613,5.3241424,-4.0185607,Mövenpick Hotel Abidjan,bus_stop,platform,,,unofficial
10570456614,5.3253922,-4.0217981,Imprimerie Nationale,bus_stop,platform,,,unofficial
10570456615,5.3260439,-4.0217927,Espace Médical St Paul,bus_stop,platform,,,unofficial
10570456616,5.3270961,-4.0217820,Finance,bus_stop,platform,,,unofficial
10570456617,5.3289695,-4.0217605,Notre Dame du Plateau,bus_stop,platform,,,unofficial
10570456618,5.3300204,-4.0217203,Direction de la Police Criminelle,bus_stop,platform,,,unofficial
10570456619,5.3314519,-4.0217297,Immeuble CCIA,bus_stop,platform,,,unofficial
10570456620,5.3326163,-4.0217605,ONI,bus_stop,platform,,,unofficial
10570456621,5.3358323,-4.0217042,Chantier de la tour F,bus_stop,platform,,,unofficial
10570456622,5.3366756,-4.0217458,Commandement Superieur,bus_stop,platform,,,unofficial
10570456623,5.3413791,-4.0202572,Indenié,bus_stop,platform,,,unofficial
10570456625,5.3677577,-3.9996041,Gare 2 Plateaux Mobil,bus_stop,platform,,no,unofficial
10570465253,5.3677143,-3.9996035,Gare 2 Plateaux Mobil,bus_stop,platform,,no,unofficial
10570465254,5.3621183,-3.9973920,Carrefour ENA,bus_stop,platform,,,unofficial
10570587964,5.3241917,-4.0217540,Gare Externat Saint Paul,bus_stop,platform,,,unofficial
10570598771,5.3244956,-4.0221150,Gare Externat Saint Paul,bus_stop,platform,,,unofficial
10570691611,5.2965514,-3.9550372,Gare communale Bacongo,bus_stop,platform,,,unofficial
10570691612,5.2957355,-3.9544921,Sotici,bus_stop,platform,,,unofficial
10570691614,5.2939862,-3.9556629,Pharmacie Beniabie,bus_stop,platform,,,unofficial
10570691615,5.2923209,-3.9560692,Carrefour Lavage,bus_stop,platform,,,unofficial
10570691616,5.2915664,-3.9573365,Carrefour Ecole Methodiste,bus_stop,platform,,,unofficial
10570691617,5.2895900,-3.9642634,Centre Anti-Tuberculeux,bus_stop,platform,,,unofficial
10570691618,5.2888496,-3.9672071,Centre Commercial,bus_stop,platform,,,unofficial
10570691619,5.2962536,-3.9551687,Gare communale Bacongo,bus_stop,platform,,,unofficial
10570774235,5.2965154,-3.9550768,Gare communale Bacongo,bus_stop,platform,,,unofficial
10570774237,5.2964259,-3.9558305,Commissariat du 36ᵉ Arrondissement de Koumassi.,bus_stop,platform,,,unofficial
10570774238,5.2899439,-3.9625628,Pharmacie Aniel,bus_stop,platform,,,unofficial
10570774239,5.2891974,-3.9657748,Feu de Gelti,bus_stop,platform,,,unofficial
10570774240,5.2884303,-3.9689284,Pharmacie de Koumassi,bus_stop,platform,,,unofficial
10570774241,5.2917471,-3.9739258,Hotel Ibis Marcory,bus_stop,platform,,,unofficial
10570774242,5.2947219,-3.9792535,Ancien Koz,bus_stop,platform,,,unofficial
10570999964,5.3459718,-4.0723886,Asthoria Palace,bus_stop,platform,,,unofficial
10570999965,5.3505157,-4.0723993,Figayo,bus_stop,platform,,,unofficial
10570999966,5.3571954,-4.0741861,Ecole Mohamed VI,bus_stop,platform,,,unofficial
10570999967,5.2575692,-3.9729584,Gare Port Bouet,bus_stop,platform,,,unofficial
10570999968,5.2575928,-3.9729024,Gare Port Bouet,bus_stop,platform,,,unofficial
10570999971,5.2587798,-3.9706143,Carrefour Depôt,bus_stop,platform,,,unofficial
10570999972,5.2604223,-3.9633095,Carrefour Centre Pilote,bus_stop,platform,,,unofficial
10570999973,5.2598693,-3.9608027,Pharmacie,bus_stop,platform,,,unofficial
10570999974,5.2594731,-3.9588513,Carrefour Mosquée,bus_stop,platform,,,unofficial
10570999975,5.2639479,-3.9604439,Carrefour Hôpital,bus_stop,platform,,,unofficial
10571292616,5.3395764,-4.0009904,Inades /Gare d'Adjamé,bus_stop,platform,,no,unofficial
10571292617,5.3396678,-4.0020247,Pharmacie Mermoz,bus_stop,platform,,no,unofficial
10571292618,5.3374403,-4.0039042,Pharmacie St Jean,bus_stop,platform,,,unofficial
10571292619,5.3564594,-4.0205385,Adjamé Renault,bus_stop,platform,,,unofficial
10571292620,5.3564461,-4.0204953,Adjamé Renault,bus_stop,platform,,,unofficial
10571292621,5.3548964,-4.0188693,Texaco,bus_stop,platform,,no,unofficial
10571292622,5.3525630,-4.0179908,College Victor,bus_stop,platform,,no,unofficial
10571292623,5.3437556,-4.0181867,Frat-Mat,bus_stop,platform,,no,unofficial
10571458394,5.3404123,-4.0263423,Pharmacie d'Adjamé-Santé,bus_stop,platform,,,unofficial
10571458395,5.3417686,-4.0261872,Mairie Adjamé,bus_stop,platform,,,unofficial
10571458396,5.3419083,-4.0237001,Carrefour Dallas,bus_stop,platform,,,unofficial
10571458397,5.3416255,-4.0217253,Caisse,bus_stop,platform,,,unofficial
10572388499,5.3587769,-4.0001822,Carrefour Ambassade de la Mauritanie,bus_stop,platform,,,unofficial
10572388501,5.2988416,-4.0042752,Treichvile Gare de Bassam,bus_stop,platform,,,unofficial
10572474174,5.3466301,-3.9750545,Gorille carrefour,bus_stop,platform,,,unofficial
10572474175,5.3297747,-3.9818144,Station Total HKB,bus_stop,platform,,,unofficial
10572474177,5.2951376,-4.0028821,CHU de Treichville,bus_stop,platform,,,unofficial
10572492530,5.3206906,-4.0189757,Super U Abidjan Plateau,bus_stop,platform,,,unofficial
10572492531,5.3200122,-4.0187806,Rue des Banques,bus_stop,platform,,,unofficial
10572492532,5.3191509,-4.0154667,Mosquée du Plateau,bus_stop,platform,,,unofficial
10572492533,5.3196050,-4.0139137,Escalier,bus_stop,platform,,,unofficial
10572492534,5.3201615,-4.0120087,Casting,bus_stop,platform,,,unofficial
10572525212,5.2952434,-4.0028905,CHU de Treichville,bus_stop,platform,,,unofficial
10572525213,5.2958667,-4.0017345,Papigraph,bus_stop,platform,,,unofficial
10572525214,5.2964666,-4.0010217,Poubelle,bus_stop,platform,,,unofficial
10572525215,5.3074654,-3.9796579,Station Total INJS,bus_stop,platform,,,unofficial
10572525216,5.3466648,-3.9750887,Gorille carrefour,bus_stop,platform,,,unofficial
10572645782,5.2904594,-3.9714208,Grand Carrefour Koumassi,bus_stop,platform,,,unofficial
10572659912,5.3366876,-4.0000480,Carrefour pâtisserie,bus_stop,platform,,no,unofficial
10573565030,5.3634943,-3.9625669,Centre Hospitalier Palmeraie,bus_stop,platform,,,unofficial
10573565031,5.3665974,-3.9635653,Hamed Ouattara,bus_stop,platform,,,
10573565032,5.4033917,-3.9764071,Pharmacie les Arcades/Terminus 205,bus_stop,platform,,no,unofficial
10573565033,5.4065534,-3.9831830,Carrefour Cité Arafat,bus_stop,platform,,,unofficial
10573565034,5.4097597,-3.9853489,Carrefour Batim,bus_stop,platform,,,unofficial
10574007004,5.3544833,-4.0014074,2eme Pont,bus_stop,platform,,,unofficial
10574007005,5.3245142,-4.0221021,Gare Externat Saint Paul,bus_stop,platform,,,unofficial
10574019735,5.3609981,-3.9586824,Après barrage,bus_stop,platform,,,unofficial
10574019736,5.2883037,-3.9704788,Grand Carrefour de Koumassi,bus_stop,platform,,,unofficial
10574051953,5.2997096,-3.9771856,Marché de Marcory,bus_stop,platform,,,unofficial
10574052977,5.3578699,-3.9650634,Gare 9 Kilo,bus_stop,platform,,,unofficial
10574064220,5.2988281,-4.0050339,Treichvile Gare de Bassam,bus_stop,platform,,,unofficial
10574065355,5.3575191,-3.9652303,9 Kilo,bus_stop,platform,,,unofficial
10574071931,5.2996608,-3.9772124,Marché de Marcory,bus_stop,platform,,,unofficial
10574071933,5.2995660,-3.9777261,2e Escalier,bus_stop,platform,,,unofficial
10574071934,5.2971884,-3.9813021,Echangeur Marcory,bus_stop,platform,,,unofficial
10574071935,5.3062862,-3.9858645,Commissariat du 9 ème,bus_stop,platform,,,
10574071936,5.3073866,-3.9852583,Centre de Jeunesse,bus_stop,platform,,no,
10575048878,5.3436280,-4.0723233,Gare Lavage Yopougon,bus_stop,platform,,,unofficial
10575048880,5.3436307,-4.0723641,Gare Lavage Yopougon,bus_stop,platform,,,unofficial
10575048881,5.3437566,-4.0687146,Pharmacie Selmer,bus_stop,platform,,,unofficial
10575048882,5.3434000,-4.0674841,Mairie de Yopougon,bus_stop,platform,,,unofficial
10575048883,5.3408337,-4.0641991,Carrefour Complexe,bus_stop,platform,,,unofficial
10575227448,5.2575920,-3.9724903,Cimetiere,bus_stop,platform,,,unofficial
10575227449,5.2827233,-3.9694917,Carrefour Camp commando de Koumassi,bus_stop,platform,,,unofficial
10575294649,5.3578048,-3.9651518,9 Kilo - Supermarché CDCI,bus_stop,platform,,,unofficial
10575294651,5.3199949,-4.0154885,Mosquée,bus_stop,platform,,no,unofficial
10575294652,5.3204573,-4.0156293,ONECI,bus_stop,platform,,no,unofficial
10575294653,5.3221729,-4.0161348,Pyramide,bus_stop,platform,,no,unofficial
10575294654,5.3235685,-4.0167615,Nostalgie,bus_stop,platform,,no,unofficial
10575294655,5.3239124,-4.0169585,Hippopotamus,bus_stop,platform,,no,unofficial
10575294656,5.3242651,-4.0159489,AIP,bus_stop,platform,,no,unofficial
10577298985,5.3207004,-4.0195813,Super U,bus_stop,platform,,,unofficial
10577298986,5.3197518,-4.0134081,MTN,bus_stop,platform,,,unofficial
10577298988,5.2674593,-3.9621278,Akwaba - Rond-Point,bus_stop,platform,,,unofficial
10577298989,5.2731402,-3.9643818,Pinasse,bus_stop,platform,,,unofficial
10577298991,5.3243894,-4.0219663,Gare Externat Saint Paul,bus_stop,platform,,,unofficial
10577379648,5.3532129,-3.9781864,Riviera 2,bus_stop,platform,,,unofficial
10577379650,5.2999800,-3.9774541,Marché de Marcory,bus_stop,platform,,,unofficial
10577379651,5.2985311,-3.9796270,1er Escalier,bus_stop,platform,,,unofficial
10577379652,5.3017647,-3.9834043,Hôpital,bus_stop,platform,,,unofficial
10577379653,5.3065947,-3.9806879,INJS,bus_stop,platform,,,unofficial
10577379655,5.3537676,-3.9784738,Riviera 2,bus_stop,platform,,,unofficial
10577586268,5.3499669,-3.9891396,Ecole de Police,bus_stop,platform,,,unofficial
10577586269,5.3493135,-3.9963605,Ecole de Gendarmerie,bus_stop,platform,,,unofficial
10577586270,5.3250371,-4.0217712,Externat,bus_stop,platform,,,unofficial
10577586271,5.3282072,-4.0217712,Fonction Publique,bus_stop,platform,,,unofficial
10577586272,5.3340059,-4.0217788,La Poste,bus_stop,platform,,,unofficial
10580224044,5.3200051,-4.0154317,Mosquée,bus_stop,platform,,no,unofficial
10582507590,5.3477848,-4.0097244,Lycée Technique,bus_stop,platform,,,unofficial
10582507591,5.3190396,-4.0160209,Bon Prix,bus_stop,platform,,,unofficial
10582507592,5.3200855,-4.0122540,Dorex,bus_stop,platform,,,unofficial
10582590781,5.3483386,-4.0033183,Carrefour la Vie,bus_stop,platform,,,unofficial
10582590783,5.3484547,-4.0038970,Carrefour la Vie,bus_stop,platform,,,unofficial
10582789320,5.3368374,-4.0020622,Au Binguiste,bus_stop,platform,,no,unofficial
10582789321,5.3397167,-4.0023814,Inades,bus_stop,platform,,no,unofficial
10582789322,5.3398094,-4.0031472,SGBCI Cocody,bus_stop,platform,,no,unofficial
10582789323,5.3439375,-4.0034949,Sodemi,bus_stop,platform,,no,unofficial
10582789324,5.3366806,-4.0002698,Carrefour pâtisserie,bus_stop,platform,,no,unofficial
10584654879,5.3399791,-4.0046521,La Poste,bus_stop,platform,,,unofficial
10584654880,5.3441331,-4.0111470,Pharmacie Lycée Technique,bus_stop,platform,,,unofficial
10584654881,5.3193325,-4.0150087,Feu de la Mosquée,bus_stop,platform,,,unofficial
10584654884,5.3367745,-4.0002806,Carrefour pâtisserie,bus_stop,platform,,no,unofficial
10584931451,5.3367821,-4.0002479,Carrefour pâtisserie,bus_stop,platform,,no,unofficial
10584931452,5.3356653,-4.0018641,Burger King,bus_stop,platform,,no,unofficial
10584968115,5.3029639,-3.9583732,Remblais,bus_stop,platform,,,unofficial
10584968117,5.3025486,-3.9577818,Marie Domicile,bus_stop,platform,,,unofficial
10584968118,5.3012706,-3.9574412,Marraie,bus_stop,platform,,,unofficial
10584968119,5.2964993,-3.9558359,Commissariat du 36ᵉ Arrondissement de Koumassi.,bus_stop,platform,,,unofficial
10584979362,5.2915624,-3.9663287,Carrefour Grande Mosquée Koumassi,bus_stop,platform,,,unofficial
10584979363,5.2937338,-3.9668369,Carrefour Placali,bus_stop,platform,,,unofficial
10584979364,5.2964232,-3.9674136,Pharmacie Khaira,bus_stop,platform,,,unofficial
10584979365,5.2977719,-3.9677395,Carrefour Garage,bus_stop,platform,,,unofficial
10584979366,5.3000140,-3.9683162,Pharmacie du Canal,bus_stop,platform,,,unofficial
10584979367,5.3018415,-3.9687078,Carrefour Millenium,bus_stop,platform,,,unofficial
10584979368,5.3022321,-3.9670381,Carrefour Ibo,bus_stop,platform,,,unofficial
10584979369,5.3028537,-3.9643425,Centre Médical Rahinah,bus_stop,platform,,,unofficial
10584979370,5.3025098,-3.9657996,Carrefour Colombe,bus_stop,platform,,,unofficial
10584979371,5.3033518,-3.9622892,Pharmacie des Sables,bus_stop,platform,,,unofficial
10585123807,5.2881705,-3.9699550,Grand Carrefour de Koumassi,bus_stop,platform,,,unofficial
10588286452,5.3582882,-3.8945460,Lycée Mami Faitai,bus_stop,platform,,,unofficial
10588286453,5.3554094,-3.8945460,La Paillotte,bus_stop,platform,,,unofficial
10588286454,5.3542023,-3.8933766,Résidence Sous-Prefet,bus_stop,platform,,,unofficial
10588286455,5.3532823,-3.8924754,Beaux Arts,bus_stop,platform,,,unofficial
10588286456,5.3521020,-3.8923788,Carrefour Poubelle,bus_stop,platform,,,unofficial
10588286457,5.3518797,-3.8907085,Carrefour Chica,bus_stop,platform,,,unofficial
10588286458,5.3515652,-3.8887692,Carrefour Chica,bus_stop,platform,,,unofficial
10588286459,5.3515178,-3.8883930,MArché Gbagba,bus_stop,platform,,,unofficial
10588286460,5.3512968,-3.8872705,Carrefour Dougoutigui,bus_stop,platform,,,unofficial
10588286461,5.3513128,-3.8873530,Carrefour Dougoutigui,bus_stop,platform,,,unofficial
10588286462,5.3518463,-3.8907816,Carrefour Eglise,bus_stop,platform,,,unofficial
10588286463,5.3520152,-3.8923641,Carrefour Poubelle,bus_stop,platform,,,unofficial
10588286464,5.3532864,-3.8926739,Beaux Arts,bus_stop,platform,,,unofficial
10588286465,5.3554054,-3.8946641,La Paillotte,bus_stop,platform,,,unofficial
10588286466,5.3592549,-3.8945098,Lycée Mami Faitai,bus_stop,platform,,,unofficial
10588309376,5.3789094,-3.9668503,Carrefour Figuier,bus_stop,platform,,no,unofficial
10588491062,5.4045093,-3.9903988,Angré Petro Ivoire,bus_stop,platform,,,
10588511565,5.2985703,-4.0045123,Treichvile Gare de Bassam,bus_stop,platform,,,unofficial
10588536153,5.3018061,-4.0114179,Maison de la Literie,bus_stop,platform,,,unofficial
10588536154,5.3043072,-4.0156116,Pacsi,bus_stop,platform,,,unofficial
10588536155,5.3049616,-4.0162526,Quipux,bus_stop,platform,,,unofficial
10588536156,5.3057681,-4.0170050,Gardien's,bus_stop,platform,,,unofficial
10588536157,5.3066481,-4.0177935,Carrefour Mondial Menage,bus_stop,platform,,,unofficial
10588610206,5.3311835,-4.1072667,Saint Mathieu,bus_stop,platform,,,unofficial
10588610207,5.3315654,-4.1104840,Carrefour Sebaco,bus_stop,platform,,,unofficial
10588610208,5.3314358,-4.1118908,Terminus 44,bus_stop,platform,,,unofficial
10588610209,5.3316508,-4.1104679,Carrefour Sebaco,bus_stop,platform,,,unofficial
10588610210,5.3315026,-4.1093065,Collège Sebaco,bus_stop,platform,,,unofficial
10588610211,5.3311354,-4.1069368,Saint Mathieu,bus_stop,platform,,,unofficial
10588802311,5.3621844,-4.0679234,Lycée Andokoi,bus_stop,platform,,,unofficial
10588802312,5.3608826,-4.0720412,Commissariat du 23ᵉ Arrondissement,bus_stop,platform,,,unofficial
10588802313,5.3658911,-4.0740327,Pharmacie Les Ecluses,bus_stop,platform,,no,unofficial
10588802314,5.3666815,-4.0735781,Collège Minerva,bus_stop,platform,,no,unofficial
10588802315,5.3683478,-4.0726018,Lavage,bus_stop,platform,,no,unofficial
10588802316,5.3693773,-4.0734038,Carrefour Poubelle,bus_stop,platform,,no,unofficial
10588802317,5.3792632,-4.0757440,Carrefour Etage,bus_stop,platform,,no,unofficial
10588802318,5.3801831,-4.0756944,Antenne,bus_stop,platform,,no,unofficial
10588802319,5.3844130,-4.0761289,SODEFOR,bus_stop,platform,,no,unofficial
10588802320,5.3901383,-4.0791947,Terre Rouge,bus_stop,platform,,no,unofficial
10588802321,5.3902130,-4.0792403,Terre Rouge,bus_stop,platform,,no,unofficial
10588802322,5.3842234,-4.0759291,SODEFOR,bus_stop,platform,,no,unofficial
10588802323,5.3822914,-4.0755160,Maquis Carrefour,bus_stop,platform,,no,unofficial
10588802324,5.3801190,-4.0755576,Antenne,bus_stop,platform,,no,unofficial
10588802325,5.3792712,-4.0755884,Carrefour Etage,bus_stop,platform,,no,unofficial
10588802326,5.3741000,-4.0777288,1er Carrefour,bus_stop,platform,,no,unofficial
10588833492,5.3510351,-4.0687334,carrefour Marché Wassakara,bus_stop,platform,,,unofficial
10588833493,5.3520099,-4.0677805,Pharmacie Segaï,bus_stop,platform,,,unofficial
10588833496,5.3405105,-4.0513775,A l'Arrêt,bus_stop,platform,,,unofficial
10588833497,5.3401834,-4.0488750,Safari,bus_stop,platform,,,unofficial
10588833498,5.3404371,-4.0478531,Pharmacie Notre Dame des Victoires,bus_stop,platform,,,unofficial
10588833499,5.3401146,-4.0488730,Safari,bus_stop,platform,,,unofficial
10588833500,5.3404638,-4.0515693,A l'Arrêt,bus_stop,platform,,,unofficial
10588833501,5.3411154,-4.0534884,Collège Jean Baptiste de la Salle 2,bus_stop,platform,,,unofficial
10588833502,5.3426510,-4.0577437,Supermarché,bus_stop,platform,,,unofficial
10588833503,5.3466381,-4.0594858,Ancien Bel Air,bus_stop,platform,,,unofficial
10588833504,5.3466227,-4.0655094,Ciné Cool,bus_stop,platform,,,unofficial
10588877040,5.3678011,-4.0776242,Direction de la Sotra,bus_stop,platform,,,unofficial
10588877041,5.3707926,-4.0758701,Huake Automobile,bus_stop,platform,,,unofficial
10588877042,5.3699902,-4.0742648,Sotra,bus_stop,platform,,,unofficial
10588877043,5.3694494,-4.0733139,Carrefour Poubelle,bus_stop,platform,,no,unofficial
10588877044,5.3690755,-4.0725790,Prestige,bus_stop,platform,,,unofficial
10588877045,5.3675654,-4.0729129,Nazareth Carrefour,bus_stop,platform,,,unofficial
10588877046,5.3656000,-4.0693402,Eglise Catholique,bus_stop,platform,,,unofficial
10588877047,5.3615195,-4.0696169,Coopec,bus_stop,platform,,,unofficial
10588877048,5.3622579,-4.0678469,Lycée Andokoi,bus_stop,platform,,,unofficial
10588877049,5.3626094,-4.0669742,Carrefour Mangou,bus_stop,platform,,,unofficial
10588877050,5.3612978,-4.0667693,Centre Ivoire Couture,bus_stop,platform,,,unofficial
10588877051,5.3606956,-4.0667358,1er Pont,bus_stop,platform,,,unofficial
10588897621,5.3800216,-4.0960631,Petit Marché Micao,bus_stop,platform,,,unofficial
10588897622,5.3810483,-4.0955883,Pharmacie Micao,bus_stop,platform,,,unofficial
10588897623,5.3817383,-4.0952071,Cité HKB,bus_stop,platform,,,unofficial
10588897624,5.3807332,-4.0956379,Mosqueé,bus_stop,platform,,,unofficial
10588897625,5.3799642,-4.0959960,Petit Marché Micao,bus_stop,platform,,,unofficial
10588897626,5.3742882,-4.0897384,Sonaco,bus_stop,platform,,,unofficial
10588897627,5.3667069,-4.0904586,1er Arrêt,bus_stop,platform,,,unofficial
10588901234,5.3613579,-4.0668954,Centre Ivoire Couture,bus_stop,platform,,,unofficial
10588901235,5.3625129,-4.0670630,Carrefour Mangou,bus_stop,platform,,,unofficial
10588901236,5.3617932,-4.0687662,Mosquée,bus_stop,platform,,,unofficial
10588901237,5.3614634,-4.0695870,Coopec,bus_stop,platform,,no,unofficial
10588901239,5.3605922,-4.0715712,Pharmacie Sainte Marie,bus_stop,platform,,no,unofficial
10588901240,5.3630663,-4.0736921,Marienah,bus_stop,platform,,no,unofficial
10588901241,5.3634836,-4.0744042,Collège D. BAZ,bus_stop,platform,,no,unofficial
10588901242,5.3658310,-4.0740931,Pharmacie Les Ecluses,bus_stop,platform,,no,unofficial
10588957176,5.3563294,-4.0668518,Gare Sable Nouveau Goudron,bus_stop,platform,,,unofficial
10588957177,5.3687180,-4.0794565,Pharmacie La Délivrance,bus_stop,platform,,,unofficial
10588957178,5.3629268,-4.0735540,Boulangerie,bus_stop,platform,,no,unofficial
10588957179,5.3618700,-4.0734272,Carrefour Andokoi,bus_stop,platform,,,unofficial
10588957180,5.3608559,-4.0719460,Commissariat du 23ᵉ Arrondissement,bus_stop,platform,,,unofficial
10588957181,5.3563220,-4.0668947,Gare Sable Nouveau Goudron,bus_stop,platform,,,unofficial
10589076386,5.3272816,-4.0503362,19 ème,bus_stop,platform,,,unofficial
10589076387,5.3258102,-4.0490010,Carrefour Sebgé,bus_stop,platform,,,unofficial
10589076388,5.3243193,-4.0495603,Carrefour le Boss,bus_stop,platform,,,unofficial
10589076389,5.3222235,-4.0495214,Carrefour Awa,bus_stop,platform,,,unofficial
10589076390,5.3221993,-4.0476390,Carrefour Agbayaté,bus_stop,platform,,,unofficial
10589076391,5.3222088,-4.0455557,Cité SODECI,bus_stop,platform,,,unofficial
10589076392,5.3213542,-4.0439773,Hôtel Blanc,bus_stop,platform,,,unofficial
10589076393,5.3196450,-4.0439960,Pharmacie Chenain,bus_stop,platform,,,unofficial
10589076394,5.3186141,-4.0440041,Carrefour Opéra,bus_stop,platform,,,unofficial
10589076395,5.3162546,-4.0440001,BasileBoli,bus_stop,platform,,,unofficial
10589076396,5.3147951,-4.0439853,Carrefour BAD,bus_stop,platform,,,unofficial
10589076397,5.3139859,-4.0440041,Carrefour Mosquée Blanche,bus_stop,platform,,,unofficial
10589076398,5.3117852,-4.0440094,Carrefour Cité Céleste,bus_stop,platform,,,unofficial
10589076399,5.3080476,-4.0428333,Carrefour Diamant,bus_stop,platform,,,unofficial
10589076400,5.3075845,-4.0406121,Anoumabo,bus_stop,platform,,,unofficial
10589076401,5.3078780,-4.0385398,Marché Abobo Doumé,bus_stop,platform,,,unofficial
10589076402,5.3093041,-4.0376365,Pharmacie Saint Étienne,bus_stop,platform,,,unofficial
10589076403,5.3099985,-4.0370277,Carrefour Marché,bus_stop,platform,,,unofficial
10589076404,5.3137695,-4.0348792,Lycée Attécoubé,bus_stop,platform,,,unofficial
10589080705,5.3145394,-4.0352205,Gare Locodjro,bus_stop,platform,,,unofficial
10589080706,5.3136981,-4.0347511,Lycée Attécoubé,bus_stop,platform,,,unofficial
10589080707,5.3107436,-4.0362914,Craven,bus_stop,platform,,,unofficial
10589080708,5.3097799,-4.0371095,Carrefour Marché,bus_stop,platform,,,unofficial
10589080709,5.3092120,-4.0375728,Pharmacie Saint Étienne,bus_stop,platform,,,unofficial
10589080710,5.3082893,-4.0377143,Aqualines,bus_stop,platform,,,unofficial
10589080711,5.3075331,-4.0405893,Anoumabo,bus_stop,platform,,,unofficial
10589080712,5.3082025,-4.0432504,Carrefour Diamant,bus_stop,platform,,,unofficial
10589080713,5.3119254,-4.0440926,Carrefour Cité Céleste,bus_stop,platform,,,unofficial
10589080714,5.3140433,-4.0440785,Carrefour Mosquée Blanche,bus_stop,platform,,,unofficial
10589080715,5.3149807,-4.0441127,Carrefour BAD,bus_stop,platform,,,unofficial
10589080716,5.3166492,-4.0441161,BasileBoli,bus_stop,platform,,,unofficial
10589080717,5.3186502,-4.0441194,Carrefour Opéra,bus_stop,platform,,,unofficial
10589080718,5.3198186,-4.0441275,Pharmacie Chenain,bus_stop,platform,,,unofficial
10589080719,5.3215185,-4.0441744,Hôtel Blanc,bus_stop,platform,,,unofficial
10589080720,5.3222983,-4.0496407,Carrefour Awa,bus_stop,platform,,,unofficial
10589080721,5.3284161,-4.0496482,Boissy,bus_stop,platform,,,unofficial
10589080722,5.3288600,-4.0491982,Collège Jeunnes Filles Singa,bus_stop,platform,,,unofficial
10589119868,5.3466902,-4.0714900,Coqivoire,bus_stop,platform,,,unofficial
10589119869,5.3466915,-4.0705043,KS,bus_stop,platform,,,unofficial
10589119870,5.3466154,-4.0642601,NSIA,bus_stop,platform,,,unofficial
10589119871,5.3466080,-4.0716644,Coqivoire,bus_stop,platform,,,unofficial
10589119872,5.3466060,-4.0724637,King Cash,bus_stop,platform,,,unofficial
10589324382,5.3322611,-4.0621921,China mall,bus_stop,platform,,,unofficial
10589324383,5.3299758,-4.0615741,Collège les Phalènes,bus_stop,platform,,,unofficial
10589324384,5.3233425,-4.0560653,Collège Saint Augustin,bus_stop,platform,,,unofficial
10589324385,5.3226081,-4.0554155,Geo Beton,bus_stop,platform,,,unofficial
10589324386,5.3259611,-4.0599605,A l'Eglise,bus_stop,platform,,,unofficial
10589324387,5.3264258,-4.0600947,Passeport,bus_stop,platform,,,unofficial
10589324388,5.3302554,-4.0618274,Collège les Phalènes,bus_stop,platform,,,unofficial
10589584333,5.3446018,-4.0593249,Sopim,bus_stop,platform,,,unofficial
10589584334,5.3359144,-4.0549904,Dépôt,bus_stop,platform,,,unofficial
10589584335,5.3345364,-4.0549985,Au 4ème Pont,bus_stop,platform,,,unofficial
10589584336,5.3333346,-4.0549636,La Poste,bus_stop,platform,,,unofficial
10589584337,5.3323652,-4.0528071,Lonaci,bus_stop,platform,,,unofficial
10589614488,5.3359011,-4.0551098,Dépôt,bus_stop,platform,,,unofficial
10589635487,5.3324186,-4.0530351,Lonaci,bus_stop,platform,,,unofficial
10589635488,5.3365126,-4.0551125,Pharmacie Sacre Cœur,bus_stop,platform,,,unofficial
10589635489,5.3427571,-4.0601641,Sopim 1ère Porte,bus_stop,platform,,,unofficial
10591191398,5.3525619,-4.0748496,Maïs,bus_stop,platform,,,unofficial
10591191399,5.3407968,-4.0666326,Coopec Selmer,bus_stop,platform,,,unofficial
10591191400,5.3407903,-4.0604166,Carrefour FRCI,bus_stop,platform,,,unofficial
10591191401,5.3227481,-4.0495512,Pharmacie Eden,bus_stop,platform,,,unofficial
10591191402,5.3105305,-4.0439883,37 ème Arrondissement,bus_stop,platform,,,unofficial
10591191403,5.3083340,-4.0377364,Aqualines,bus_stop,platform,,,unofficial
10591191404,5.3221417,-4.0476800,Carrefour Agbayaté,bus_stop,platform,,,unofficial
10591203005,5.3221400,-4.0487152,Collège Djedje Abel,bus_stop,platform,,,unofficial
10591203006,5.3289486,-4.0495594,Collège Jeunnes Filles Singa,bus_stop,platform,,,unofficial
10591203007,5.3407472,-4.0605468,Carrefour FRCI,bus_stop,platform,,,unofficial
10591203008,5.3414845,-4.0658382,Tantie Margot,bus_stop,platform,,,unofficial
10591203009,5.3427558,-4.0669159,Chez Zota,bus_stop,platform,,,unofficial
10591203010,5.3455861,-4.0678743,Birango,bus_stop,platform,,,unofficial
10591223711,5.3212020,-4.0782076,Carrefour Kouté,bus_stop,platform,,,unofficial
10591223712,5.3188372,-4.0783967,Carrefour 42 / Hôtel Paradis,bus_stop,platform,,,unofficial
10591223713,5.3180853,-4.0772407,Mosquée Kaba,bus_stop,platform,,,unofficial
10591223714,5.3175632,-4.0773024,Carrefour 1er Cocotier,bus_stop,platform,,,unofficial
10591223715,5.3169410,-4.0773989,Antenne,bus_stop,platform,,,unofficial
10591223716,5.3163588,-4.0775169,3ème Cocotier,bus_stop,platform,,,unofficial
10591223717,5.3158233,-4.0776135,Diamant Noir,bus_stop,platform,,,unofficial
10591223718,5.3153372,-4.0776873,Carrefour Marché Alpi,bus_stop,platform,,,unofficial
10591223719,5.3142796,-4.0778529,Carrefour Marché Alpi,bus_stop,platform,,,unofficial
10591223720,5.3126372,-4.0759143,Portail Alpi,bus_stop,platform,,,unofficial
10591223721,5.3117906,-4.0753806,Carrefour Piment,bus_stop,platform,,,unofficial
10591223722,5.3105874,-4.0742835,1er Sinois,bus_stop,platform,,,unofficial
10591223723,5.3100600,-4.0737364,2ème Sinois,bus_stop,platform,,,unofficial
10591223724,5.3091239,-4.0716603,Carrefour Behianian,bus_stop,platform,,,unofficial
10591223725,5.3083160,-4.0714619,Carrefour Ecole,bus_stop,platform,,,unofficial
10591223726,5.3073732,-4.0707859,Gare Panneau Stop,bus_stop,platform,,,unofficial
10591223727,5.3074453,-4.0698740,Beago Village,bus_stop,platform,,,unofficial
10591223728,5.3073746,-4.0698928,Beago Village,bus_stop,platform,,,unofficial
10591223729,5.3073265,-4.0709268,Gare Panneau Stop,bus_stop,platform,,,unofficial
10591223730,5.3083373,-4.0715960,Carrefour Ecole,bus_stop,platform,,,unofficial
10591223731,5.3090371,-4.0717167,Carrefour Behianian,bus_stop,platform,,,unofficial
10591223732,5.3100746,-4.0738745,2ème Sinois,bus_stop,platform,,,unofficial
10591223733,5.3105781,-4.0743828,1er Sinois,bus_stop,platform,,,unofficial
10591223734,5.3117719,-4.0755066,Carrefour Piment,bus_stop,platform,,,unofficial
10591223735,5.3125998,-4.0760082,Portail Alpi,bus_stop,platform,,,unofficial
10591223736,5.3142880,-4.0779008,Carrefour Marché Alpi,bus_stop,platform,,,unofficial
10591223737,5.3153853,-4.0777691,Carrefour Carrière,bus_stop,platform,,,unofficial
10591223738,5.3158433,-4.0776712,Diamant Noir,bus_stop,platform,,,unofficial
10591223739,5.3163908,-4.0775974,3ème Cocotier,bus_stop,platform,,,unofficial
10591223740,5.3169930,-4.0774673,Antenne,bus_stop,platform,,,unofficial
10591223741,5.3176634,-4.0773466,Carrefour 1er Cocotier,bus_stop,platform,,,unofficial
10591223742,5.3181094,-4.0773225,Mosquée Kaba,bus_stop,platform,,,unofficial
10591223743,5.3189173,-4.0786837,Carrefour 42 / Hôtel Paradis,bus_stop,platform,,,unofficial
10591223744,5.3213289,-4.0782841,Carrefour Kouté,bus_stop,platform,,,unofficial
10591424319,5.2604197,-3.9636792,Centre Pilote Des Jeunes de Port-Bouët,bus_stop,platform,,,unofficial
10591673044,5.3197955,-4.0195338,Rue des Banques,bus_stop,platform,,,unofficial
10591673045,5.3174273,-4.0194309,Place de la Republique,bus_stop,platform,,,unofficial
10591673046,5.3165158,-4.0191798,Gare Sud,bus_stop,platform,,,unofficial
10591673047,5.2994169,-4.0024765,Gare de Bassam,bus_stop,platform,,,unofficial
10591673049,5.3039447,-4.0040279,Notre Dame,bus_stop,platform,,,unofficial
10591673050,5.3060298,-4.0047265,Avenue 16,bus_stop,platform,,,unofficial
10591673051,5.3088441,-4.0057104,Nanan Yamousso,bus_stop,platform,,,unofficial
10591969060,5.2965461,-3.9553370,Gare communale Bacongo,bus_stop,platform,,,unofficial
10592062341,5.3401653,-4.0033800,SGBCI Cocody,bus_stop,platform,,no,unofficial
10592313980,5.3025840,-3.9881243,Station Marcory,bus_stop,platform,,no,
10592313981,5.3041831,-3.9884904,Sainte Therese,bus_stop,platform,,no,
10592313982,5.3077404,-3.9924735,Feu du Residentiel,bus_stop,platform,,no,
10592541650,5.3487385,-4.0017915,Carrefour la Vie,bus_stop,platform,,,unofficial
10593555431,5.2599643,-3.9649071,Mairie Port Bouet,bus_stop,platform,,,unofficial
10593632401,5.3622659,-3.9592731,Gare Palmeraie,bus_stop,platform,,,unofficial
10593632402,5.3608825,-3.9590062,Carrefour Palmeraie,bus_stop,platform,,,unofficial
10593632403,5.3590159,-3.9626621,Chic Shop,bus_stop,platform,,,unofficial
10593702270,5.3414118,-4.0657246,Tantie Margot,bus_stop,platform,,,unofficial
10593702271,5.3465313,-4.0634367,Bel Air,bus_stop,platform,,,unofficial
10594422061,5.3205210,-4.0345117,Pinasse Locodjro,bus_stop,platform,,,unofficial
10594422062,5.3216240,-4.0352641,Boulangerie,bus_stop,platform,,,unofficial
10594422063,5.3238339,-4.0366521,Pharmacie Locodjro,bus_stop,platform,,,unofficial
10594422064,5.3244695,-4.0370585,Santé Locodjro,bus_stop,platform,,,unofficial
10594422065,5.3265480,-4.0369546,A l'Arrêt,bus_stop,platform,,,unofficial
10594422067,5.3344283,-4.0423599,Terrain en Haut,bus_stop,platform,,,unofficial
10594422068,5.3367463,-4.0425557,Sous le Pont,bus_stop,platform,,,unofficial
10594422069,5.3399557,-4.0446257,Dede,bus_stop,platform,,,unofficial
10594422070,5.3406854,-4.0458897,Commissariat du 28ᵉ Arrondissement,bus_stop,platform,,,unofficial
10594430758,5.3406707,-4.0457851,Commissariat du 28ᵉ Arrondissement,bus_stop,platform,,,unofficial
10594430759,5.3399697,-4.0442884,Dede,bus_stop,platform,,,unofficial
10594430760,5.3344356,-4.0422747,Terrain en Haut,bus_stop,platform,,,unofficial
10594430761,5.3265256,-4.0369106,A l'Arrêt,bus_stop,platform,,,unofficial
10594430762,5.3257181,-4.0370625,Marché,bus_stop,platform,,,unofficial
10594430763,5.3244789,-4.0369425,Santé Locodjro,bus_stop,platform,,,unofficial
10594430764,5.3238713,-4.0365757,Pharmacie Locodjro,bus_stop,platform,,,unofficial
10594430765,5.3216373,-4.0352044,Boulangerie,bus_stop,platform,,,unofficial
10594430766,5.3205744,-4.0343696,Pinasse Locodjro,bus_stop,platform,,,unofficial
10595017043,5.3371409,-4.1111002,Marché Bagnon,bus_stop,platform,,,unofficial
10595017044,5.3368698,-4.1106717,Espace Médical Eden,bus_stop,platform,,,unofficial
10595017045,5.3350165,-4.1084710,Immeuble Lièvre Rouge,bus_stop,platform,,,unofficial
10595017046,5.3327883,-4.1058919,Collège Atlantique-2,bus_stop,platform,,,unofficial
10595017047,5.3310913,-4.1068080,Saint Mathieu,bus_stop,platform,,,unofficial
10595017048,5.3269706,-4.0922141,Mairie de Yopougon - Annexe de Niangon,bus_stop,platform,,,unofficial
10595017049,5.3266848,-4.0916669,Carrefour Texaco - Saguidiba,bus_stop,platform,,,unofficial
10595017050,5.3262308,-4.0902105,Eglise Baptiste,bus_stop,platform,,,unofficial
10595017051,5.3262175,-4.0887447,Mosquée Aicha Niangon Sud de Yopougon,bus_stop,platform,,,unofficial
10595017052,5.3249983,-4.0876316,Église Saint-Pierre de Niangon,bus_stop,platform,,,unofficial
10595017053,5.3240843,-4.0848769,Marché Saint Pierre / Pont de Sideci,bus_stop,platform,,,unofficial
10595017054,5.3240529,-4.0831000,Carrefour Mandjo,bus_stop,platform,,,unofficial
10595017055,5.3253174,-4.0775786,Rond-point du Palais de justice,bus_stop,platform,,,unofficial
10595025279,5.3238633,-4.0830798,Carrefour Mandjo,bus_stop,platform,,,unofficial
10595025280,5.3242332,-4.0877362,Carrefour Saint Pierre,bus_stop,platform,,,unofficial
10595025281,5.3249997,-4.0877603,Église Saint-Pierre de Niangon,bus_stop,platform,,,unofficial
10595025282,5.3261280,-4.0887889,Mosquée Aicha Niangon Sud de Yopougon,bus_stop,platform,,,unofficial
10595025283,5.3261560,-4.0901005,Eglise Baptiste,bus_stop,platform,,,unofficial
10595025284,5.3268370,-4.0921108,Mairie de Yopougon - Annexe de Niangon,bus_stop,platform,,,unofficial
10595025285,5.3271428,-4.0927532,Bracodi,bus_stop,platform,,,unofficial
10595025287,5.3278332,-4.0981800,Carrefour Marché,bus_stop,platform,,,unofficial
10595025288,5.3284394,-4.1007704,Ancien terminus,bus_stop,platform,,,unofficial
10595025289,5.3339265,-4.1072358,Ecole primaire la prairie,bus_stop,platform,,,unofficial
10595025290,5.3349744,-4.1085126,Immeuble Lièvre Rouge,bus_stop,platform,,,unofficial
10595025291,5.3368311,-4.1107193,Espace Médical Eden,bus_stop,platform,,,unofficial
10595025292,5.3371176,-4.1111130,Marché Bagnon,bus_stop,platform,,,unofficial
10595917523,5.3559155,-4.0684779,Pharmacie Paloma,bus_stop,platform,,,unofficial
10595917524,5.3290537,-4.0758245,Cabine Bleue,bus_stop,platform,,,unofficial
10595928884,5.3437619,-4.0700376,2 poteaux,bus_stop,platform,,,unofficial
10595928885,5.3684480,-3.9984055,Mobil,bus_stop,platform,,,unofficial
10595928886,5.3597276,-3.9988652,Universiré de Grand Bassam,bus_stop,platform,,,unofficial
10595935676,5.3295250,-4.0754972,Carrefour Express,bus_stop,platform,,,unofficial
10595935677,5.3363925,-4.0733716,Après le pont,bus_stop,platform,,,unofficial
10595979534,5.3970651,-3.9917198,Sodeci,bus_stop,platform,,no,unofficial
10595979535,5.3884773,-3.9926083,Ancien SONATT,bus_stop,platform,,no,unofficial
10595979536,5.3870086,-3.9929677,Quincaillerie,bus_stop,platform,,no,unofficial
10595979537,5.3870660,-3.9927900,Quincaillerie,bus_stop,platform,,no,unofficial
10596144281,5.3239568,-4.0848742,Marché Saint Pierre / Pont de Sideci,bus_stop,platform,,,unofficial
10596144282,5.3238953,-4.0875819,Carrefour Saint Pierre,bus_stop,platform,,,unofficial
10596144283,5.3239194,-4.0907456,CPPE Niangon,bus_stop,platform,,,unofficial
10596144284,5.3237885,-4.0925185,Carrefour Sodeci,bus_stop,platform,,,unofficial
10596144285,5.3219404,-4.0931408,Pharmacie Beyniouah,bus_stop,platform,,,unofficial
10596144286,5.3206879,-4.0939428,Carrefour Marché,bus_stop,platform,,,unofficial
10596144287,5.3185994,-4.0945852,Carrefour à droite,bus_stop,platform,,,unofficial
10596144288,5.3186342,-4.0963072,Super Sonia,bus_stop,platform,,,unofficial
10596144289,5.3191429,-4.0992576,Pharmacie des Espérances,bus_stop,platform,,,unofficial
10596144290,5.3194494,-4.1004693,CIE Lokoua,bus_stop,platform,,,unofficial
10596144291,5.3237892,-4.1066846,Carrefour Académie,bus_stop,platform,,,unofficial
10596176709,5.3234146,-4.1057110,Caistab,bus_stop,platform,,,unofficial
10596176710,5.3218443,-4.1033265,Carrefour Jatak,bus_stop,platform,,,unofficial
10596176711,5.3192190,-4.0992334,Pharmacie des Espérances,bus_stop,platform,,,unofficial
10596176712,5.3186943,-4.0962844,Super Sonia,bus_stop,platform,,,unofficial
10596176714,5.3207854,-4.0939763,Carrefour Marché,bus_stop,platform,,,unofficial
10596176715,5.3240903,-4.0924783,Carrefour Sodeci,bus_stop,platform,,,unofficial
10596176716,5.3240749,-4.0902125,Agefosyn,bus_stop,platform,,,unofficial
10596176717,5.3240916,-4.0873727,Petro Ivoire,bus_stop,platform,,,unofficial
10596176718,5.3240796,-4.0857285,Garage,bus_stop,platform,,,unofficial
10597450666,5.4287917,-4.0697124,Garage,bus_stop,platform,,no,unofficial
10597450667,5.4153445,-4.0770637,Carrefour Haïdara,bus_stop,platform,,no,unofficial
10597450668,5.4078251,-4.0812472,Sipec,bus_stop,platform,,no,unofficial
10597450669,5.3927232,-4.0804151,Barrage,bus_stop,platform,,no,unofficial
10597450670,5.3861034,-4.0768008,Cimaf,bus_stop,platform,,no,unofficial
10597450671,5.4078371,-4.0813029,Sipec,bus_stop,platform,,no,unofficial
10597450672,5.4277423,-4.0216117,Gare Routière de l'Est,bus_stop,platform,,no,unofficial
10597450673,5.3901810,-4.0789023,Terre Rouge,bus_stop,platform,,no,unofficial
10597450674,5.3900475,-4.0789600,Terre Rouge,bus_stop,platform,,no,unofficial
10597450675,5.4012969,-4.0842935,Cité Ado,bus_stop,platform,,no,unofficial
10597450676,5.4126022,-4.0785898,Phaiblaiss,bus_stop,platform,,no,unofficial
10597450677,5.4127303,-4.0786287,Phaiblaiss,bus_stop,platform,,no,unofficial
10597450678,5.4153445,-4.0771374,Carrefour Haïdara,bus_stop,platform,,no,unofficial
10597450679,5.4324979,-4.0684524,Sotrapim 2ème Porte,bus_stop,platform,,no,unofficial
10597450680,5.4325446,-4.0650380,SBTA,bus_stop,platform,,no,unofficial
10598445824,5.2886609,-3.9712401,Terminus Grand Carrefour de Koumassi,bus_stop,platform,,,unofficial
10598445825,5.2887788,-3.9711063,Terminus Grand Carrefour de Koumassi,bus_stop,platform,,,unofficial
10598532887,5.2983876,-4.0030038,Treichvile Gare de Bassam,bus_stop,platform,,,unofficial
10600797393,5.3563735,-3.9678669,Cap Nord,bus_stop,platform,,,unofficial
10600864020,5.3155622,-4.0786301,Centre Commercial,bus_stop,platform,,,unofficial
10600864021,5.3114467,-4.0786555,Kiosque,bus_stop,platform,,,unofficial
10600864022,5.3110241,-4.0785456,Boutique,bus_stop,platform,,,unofficial
10600864023,5.3110080,-4.0773922,Mambo,bus_stop,platform,,,unofficial
10600864024,5.3098850,-4.0761336,Gare Marché / Oulaï,bus_stop,platform,,,unofficial
10600864025,5.3109426,-4.0774164,Mambo,bus_stop,platform,,,unofficial
10600864026,5.3116230,-4.0787622,Kiosque,bus_stop,platform,,,unofficial
10600864027,5.3136000,-4.0786918,Bananier,bus_stop,platform,,,unofficial
10600864028,5.3138824,-4.0786267,No Limit,bus_stop,platform,,,unofficial
10600864029,5.3138790,-4.0787467,No Limit,bus_stop,platform,,,unofficial
10600864030,5.3141194,-4.0786515,Carrefour Marché,bus_stop,platform,,,unofficial
10600864031,5.3144305,-4.0787682,Carrefour Marché,bus_stop,platform,,,unofficial
10600864032,5.3157752,-4.0786783,Centre Commercial,bus_stop,platform,,,unofficial
10602193443,5.3342533,-4.0623236,Nouveau bureau,bus_stop,platform,,,unofficial
10602193444,5.3467890,-4.0724100,King Cash,bus_stop,platform,,,unofficial
10602267091,5.3786356,-4.0958686,Conteneur,bus_stop,platform,,,unofficial
10602267092,5.3803701,-4.0979970,3 poulets,bus_stop,platform,,,unofficial
10602267093,5.3800870,-4.0975007,Carreaux Cassé,bus_stop,platform,,,unofficial
10602267094,5.3811285,-4.0997015,Au Terrain,bus_stop,platform,,,unofficial
10602267095,5.3809001,-4.1017983,Menuiserie,bus_stop,platform,,,unofficial
10602318168,5.3780203,-4.0849290,Bonnet Rouge,bus_stop,platform,,,unofficial
10602318169,5.3788788,-4.0866468,Bonnet Rouge,bus_stop,platform,,,unofficial
10602318170,5.3802536,-4.0907644,Cemoi,bus_stop,platform,,,unofficial
10602318171,5.3818614,-4.0917104,Boutique,bus_stop,platform,,,unofficial
10602318172,5.3821590,-4.0923200,Poubelle,bus_stop,platform,,,unofficial
10602318173,5.3829239,-4.0937884,Carrefour Kpakpato,bus_stop,platform,,,unofficial
10602318174,5.3826420,-4.0932121,2 Poteaux,bus_stop,platform,,,unofficial
10602318175,5.3822291,-4.0922592,Poubelle,bus_stop,platform,,,unofficial
10602318176,5.3794669,-4.0889970,Cemoi,bus_stop,platform,,,unofficial
10602318177,5.3789441,-4.0864037,Bonnet Rouge,bus_stop,platform,,,unofficial
10602318178,5.3764628,-4.0817056,Deuxième,bus_stop,platform,,no,unofficial
10602318179,5.3749149,-4.0787938,Au Premier,bus_stop,platform,,no,unofficial
10602635517,5.3554251,-4.0813457,Carrefour Lycée,bus_stop,platform,,,unofficial
10602635518,5.3552181,-4.0875002,Carrefour Port Boët II,bus_stop,platform,,,unofficial
10602635519,5.3547917,-4.0993418,Oasis,bus_stop,platform,,,unofficial
10602635520,5.3497579,-4.1045380,Sacko,bus_stop,platform,,,unofficial
10602635521,5.3467708,-4.1061541,Poubelle,bus_stop,platform,,,unofficial
10602635522,5.3425265,-4.1085566,Moayé,bus_stop,platform,,,unofficial
10602635523,5.3380992,-4.1116642,Lièvre Rouge,bus_stop,platform,,,unofficial
10602635524,5.3371886,-4.1178498,Corridor,bus_stop,platform,,,unofficial
10602635525,5.3372628,-4.1198072,Nouveau Quartier,bus_stop,platform,,,unofficial
10602635526,5.3392375,-4.1221491,Carrefour Nouvelle Morgue,bus_stop,platform,,,unofficial
10602635527,5.3370386,-4.1290034,Km 17,bus_stop,platform,,,unofficial
10602635528,5.3363901,-4.1323465,Garage,bus_stop,platform,,,unofficial
10602635529,5.3361797,-4.1347542,Agnankou,bus_stop,platform,,,unofficial
10602635530,5.3417038,-4.1494155,Brinbresso,bus_stop,platform,,,unofficial
10602635531,5.3425575,-4.1517920,Cité,bus_stop,platform,,,unofficial
10602635532,5.3401533,-4.1688541,Cocorico,bus_stop,platform,,,unofficial
10602635533,5.3379026,-4.1767909,Nouveau Goudron,bus_stop,platform,,,unofficial
10602635534,5.3351863,-4.1832243,Gravier,bus_stop,platform,,,unofficial
10602635535,5.3242518,-4.1901309,Diapoté,bus_stop,platform,,,unofficial
10602635536,5.3222338,-4.1914245,Mairie,bus_stop,platform,,,unofficial
10602635537,5.3180582,-4.1955419,Sous Préfet,bus_stop,platform,,,unofficial
10602635538,5.3192483,-4.2054863,Carrefour PFO,bus_stop,platform,,,unofficial
10602635539,5.3214818,-4.2246244,Campement Gouro,bus_stop,platform,,,unofficial
10602635540,5.3211541,-4.2295741,Pharmacie Carrefour Songon Dagbé,bus_stop,platform,,,unofficial
10602635541,5.3212576,-4.2295897,Pharmacie Carrefour Songon Dagbé,bus_stop,platform,,,unofficial
10602635542,5.3213541,-4.2279753,Cité la Grâce,bus_stop,platform,,,unofficial
10602635543,5.3215538,-4.2246352,Campement Gouro,bus_stop,platform,,,unofficial
10602635544,5.3182013,-4.1954968,Sous Préfet,bus_stop,platform,,,unofficial
10602635545,5.3223002,-4.1915890,Mairie,bus_stop,platform,,,unofficial
10602635546,5.3285997,-4.1875946,Hévéa,bus_stop,platform,,,unofficial
10602635547,5.3352535,-4.1833663,Gravier,bus_stop,platform,,,unofficial
10602635548,5.3390616,-4.1730494,Carrefour SAPH,bus_stop,platform,,,unofficial
10602635549,5.3398049,-4.1706590,1er Kiosque,bus_stop,platform,,,unofficial
10602635550,5.3416917,-4.1491245,Brinbresso,bus_stop,platform,,,unofficial
10602635551,5.3406983,-4.1464898,Domag,bus_stop,platform,,,unofficial
10602635552,5.3399584,-4.1445342,Diallo,bus_stop,platform,,,unofficial
10602635553,5.3384131,-4.1404029,Marché Bagnon,bus_stop,platform,,,unofficial
10602635554,5.3383855,-4.1407666,Marché Bagnon,bus_stop,platform,,,unofficial
10602635555,5.3377422,-4.1386066,A l'Eglise,bus_stop,platform,,,unofficial
10602635556,5.3369954,-4.1365955,Cité Ado,bus_stop,platform,,,unofficial
10602635557,5.3362659,-4.1347040,Agnankou,bus_stop,platform,,,unofficial
10602635558,5.3365099,-4.1322954,Garage,bus_stop,platform,,,unofficial
10602635559,5.3393677,-4.1221023,Carrefour Nouvelle Morgue,bus_stop,platform,,,unofficial
10602635560,5.3373335,-4.1198124,Nouveau Quartier,bus_stop,platform,,,unofficial
10602635561,5.3373007,-4.1178516,Corridor,bus_stop,platform,,,unofficial
10602635562,5.3381950,-4.1116547,Lièvre Rouge,bus_stop,platform,,,unofficial
10602635563,5.3530925,-4.1033843,Bonikro 1er,bus_stop,platform,,,unofficial
10602635564,5.3550444,-4.0954154,A l'antenne,bus_stop,platform,,,unofficial
10602785066,5.3455952,-4.0515894,Lycée Jeune Fille,bus_stop,platform,,,unofficial
10602785067,5.3469732,-4.0547718,Escaliers,bus_stop,platform,,,unofficial
10602785068,5.3457114,-4.0524946,Phalène,bus_stop,platform,,,unofficial
10602785069,5.3470306,-4.0503234,Katianah,bus_stop,platform,,,unofficial
10602785070,5.3442453,-4.0483654,Colonel,bus_stop,platform,,,unofficial
10602785071,5.3441798,-4.0484552,Colonel,bus_stop,platform,,,unofficial
10602785072,5.3466274,-4.0495455,Zoro Marc,bus_stop,platform,,,unofficial
10602785073,5.3457621,-4.0484807,Carrefour Anonymat,bus_stop,platform,,,unofficial
10602785074,5.3459531,-4.0485947,Carrefour Anonymat,bus_stop,platform,,,unofficial
10602785075,5.3465152,-4.0495683,Zoro Marc,bus_stop,platform,,,unofficial
10602785076,5.3469585,-4.0503515,Katianah,bus_stop,platform,,,unofficial
10602785077,5.3457875,-4.0507807,Lavage,bus_stop,platform,,,unofficial
10602785078,5.3458489,-4.0509054,Lavage,bus_stop,platform,,,unofficial
10602785079,5.3457421,-4.0517262,Lycée Jeune Fille,bus_stop,platform,,,unofficial
10602785080,5.3455632,-4.0524155,Phalène,bus_stop,platform,,,unofficial
10602785081,5.3458983,-4.0530458,Pharmacie Afia,bus_stop,platform,,,unofficial
10602785082,5.3459130,-4.0532369,Pharmacie Afia,bus_stop,platform,,,unofficial
10602785083,5.3464311,-4.0538572,Au Terrain,bus_stop,platform,,,unofficial
10602785084,5.3465767,-4.0542676,Au Terrain,bus_stop,platform,,,unofficial
10602785085,5.3473084,-4.0553150,3 Cocotiers,bus_stop,platform,,,unofficial
10602785086,5.3473338,-4.0555644,3 Cocotiers,bus_stop,platform,,,unofficial
10602785087,5.3470240,-4.0576565,Saint Louis,bus_stop,platform,,,unofficial
10602785088,5.3467569,-4.0578872,Saint Louis,bus_stop,platform,,,unofficial
10602792730,5.3559319,-4.0911208,Station Shell du CHU,bus_stop,platform,,,unofficial
10602792731,5.3575575,-4.0931644,Cité Mamie Adjoua,bus_stop,platform,,,unofficial
10602792732,5.3581032,-4.0939261,Portail,bus_stop,platform,,,unofficial
10602792733,5.3584712,-4.0953415,Pharmacie Mamy Adjoa,bus_stop,platform,,,unofficial
10602792734,5.3584703,-4.0994467,Gesco Rond-Point,bus_stop,platform,,,unofficial
10602792736,5.3581648,-4.0938896,Portail,bus_stop,platform,,,unofficial
10602792737,5.3552947,-4.0874933,Carrefour Port Boët II,bus_stop,platform,,,unofficial
10602792738,5.3554823,-4.0809937,Carrefour Lycée,bus_stop,platform,,,unofficial
10602794012,5.3660505,-4.0975774,Poubelle,bus_stop,platform,,,unofficial
10602794013,5.3664704,-4.0999027,3 Feux,bus_stop,platform,,,unofficial
10602794014,5.3671510,-4.1015899,Terminus Gendarmerie,bus_stop,platform,,,unofficial
10602794016,5.3673626,-4.1014346,Terminus Gendarmerie,bus_stop,platform,,,unofficial
10602794017,5.3663221,-4.0972560,Fourrière,bus_stop,platform,,,unofficial
10602794018,5.3662815,-4.0942267,2ème,bus_stop,platform,,,unofficial
10602794019,5.3558026,-4.0668164,Sable,bus_stop,platform,,,unofficial
10603671214,5.3528804,-3.9770347,Riviera 2,bus_stop,platform,,,unofficial
10603671215,5.3523116,-3.9789471,Station Total Riviera 2,bus_stop,platform,,,unofficial
10603671216,5.3458115,-3.9972948,INSAAC,bus_stop,platform,,no,unofficial
10603671217,5.3622085,-3.9593763,Gare Palmeraie,bus_stop,platform,,,unofficial
10604433750,5.3474579,-4.0829719,Pharmacie Maison Blanche,bus_stop,platform,,,unofficial
10604433751,5.3469599,-4.0908971,Carrefour Maquis,bus_stop,platform,,,unofficial
10604433752,5.3469759,-4.0931810,Hôpital Port-Bouet 2,bus_stop,platform,,,unofficial
10604433753,5.3470280,-4.0945020,Au Marché,bus_stop,platform,,,unofficial
10604433754,5.3470226,-4.0929068,Hôpital Port-Bouet 2,bus_stop,platform,,,unofficial
10604433755,5.3470226,-4.0910219,Carrefour Maquis,bus_stop,platform,,,unofficial
10604433756,5.3470200,-4.0876423,Carrefour Koudous,bus_stop,platform,,,unofficial
10604433757,5.3477259,-4.0827132,Shell,bus_stop,platform,,,unofficial
10604433758,5.3478412,-4.0761222,Marché Gouro,bus_stop,platform,,,unofficial
10608601639,5.3546096,-3.9741674,Riviera 2,bus_stop,platform,,,unofficial
10608601641,5.3577241,-3.8905764,Sous-Prefecture de Bingerville,bus_stop,platform,,,unofficial
10608601642,5.3574670,-3.8871083,CIE,bus_stop,platform,,,unofficial
10608601643,5.3524411,-3.8766791,Nouvelle Gare Bingerville,bus_stop,platform,,,unofficial
10608601644,5.3523730,-3.8767127,Nouvelle Gare Bingerville,bus_stop,platform,,,unofficial
10608601645,5.3567313,-3.8828127,Pharmacie du Marché,bus_stop,platform,,,unofficial
10608601646,5.3566392,-3.8828020,Pharmacie du Marché,bus_stop,platform,,,unofficial
10608601647,5.3648549,-3.9086303,Nouveau Chantier,bus_stop,platform,,,unofficial
10608601649,5.3736340,-3.9258716,55 Panneau,bus_stop,platform,,,unofficial
10608601650,5.3720544,-3.9309289,Boulangerie Francaise,bus_stop,platform,,,unofficial
10608601651,5.3695015,-3.9412071,Premier Etage,bus_stop,platform,,,unofficial
10608601652,5.3687397,-3.9426030,Premier Etage,bus_stop,platform,,,unofficial
10608601653,5.3660926,-3.9476833,Garage CFA,bus_stop,platform,,,unofficial
10608601654,5.3638828,-3.9535117,Ferronnerie,bus_stop,platform,,,unofficial
10608601655,5.3641739,-3.9531805,Ferronnerie,bus_stop,platform,,,unofficial
10608601656,5.3634836,-3.9545940,Petit Carrefour,bus_stop,platform,,,
10608601657,5.3553106,-3.9712062,La case Ivoire,bus_stop,platform,,,
10612175581,5.3469791,-4.0947009,Au Marché,bus_stop,platform,,,unofficial
10612175582,5.3496765,-4.0994525,SGBCI,bus_stop,platform,,yes,unofficial
10612175583,5.3511512,-4.0953931,Hambol,bus_stop,platform,,,unofficial
10612175584,5.3499461,-4.0952318,Guichanrolin,bus_stop,platform,,,unofficial
10612458814,5.4171269,-4.0165704,2eme Arrêt,bus_stop,platform,,no,unofficial
10612458817,5.4165087,-4.0168266,2eme Arrêt,bus_stop,platform,,no,unofficial
10613484970,5.3643962,-3.9896729,Cash Center Vallon,bus_stop,platform,,no,unofficial
10613882599,5.3436711,-4.0009815,ISTC,bus_stop,platform,,no,unofficial
10613901604,5.3438220,-4.0007253,ISTC,bus_stop,platform,,no,unofficial
10613935105,5.3441932,-4.0033351,Sodemi,bus_stop,platform,,no,unofficial
10614211950,5.3102946,-4.0041281,Mosquée Libanaise,bus_stop,platform,,,unofficial
10614605022,5.2371376,-3.8737509,Anani - Rond-point,bus_stop,platform,,,unofficial
10614605023,5.2398994,-3.9008036,Terminus Gonzagueville,bus_stop,platform,,,unofficial
10614605024,5.2521218,-3.9559713,Carrefour Ecole,bus_stop,platform,,,unofficial
10614605025,5.2506234,-3.9552538,Port-Bouët Phare,bus_stop,platform,,,unofficial
10614605026,5.2557890,-3.9573017,43ème Bima,bus_stop,platform,,,unofficial
10614605027,5.2918028,-3.9742291,Ancien Feu,bus_stop,platform,,,unofficial
10614605028,5.2930594,-3.9764875,Aichi,bus_stop,platform,,,unofficial
10614654297,5.2930821,-3.9758545,Aichi,bus_stop,platform,,,unofficial
10614654298,5.2909214,-3.9719895,Univers des Meubles,bus_stop,platform,,,unofficial
10614654299,5.2688070,-3.9616925,Akwaba - Station Total,bus_stop,platform,,,unofficial
10614800242,5.2931115,-3.9763266,Aichi,bus_stop,platform,,,unofficial
10614800243,5.2465114,-3.9412440,ex Hôtel Vigie,bus_stop,platform,,,unofficial
10614916045,5.2278264,-3.8547233,Anani - Rond-point,bus_stop,platform,,,unofficial
10614916046,5.2300300,-3.8585883,Nourabel,bus_stop,platform,,,unofficial
10614916047,5.2344959,-3.8690650,Afriquia,bus_stop,platform,,,unofficial
10614916048,5.2360264,-3.8754594,Station Total Route de Bassam,bus_stop,platform,,,unofficial
10615098857,5.3256273,-4.0721351,Petit Paris,bus_stop,platform,,,unofficial
10615098858,5.3239861,-4.0654027,Carrefour Petit Toit Rouge,bus_stop,platform,,,unofficial
10615098859,5.3105193,-4.0441194,37 ème Arrondissement,bus_stop,platform,,,unofficial
10615098860,5.3238499,-4.0660545,Carrefour Petit Toit Rouge,bus_stop,platform,,,unofficial
10615098861,5.3254029,-4.0719634,Petit Paris,bus_stop,platform,,,unofficial
10615098862,5.3257087,-4.0731664,Carrefour Lycée,bus_stop,platform,,,unofficial
10616595425,5.4164556,-4.0166465,2eme Arrêt,bus_stop,platform,,no,unofficial
10649796297,5.2874107,-3.9715791,Grand Carrefour de Koumassi,bus_stop,platform,,,unofficial
10649796298,5.3020398,-3.9941888,Solibra,bus_stop,platform,,,unofficial
10649975463,5.3505451,-4.0634193,Garage,bus_stop,platform,,,unofficial
10649975464,5.3558006,-4.0661068,Pharmacie Sainte Rita,bus_stop,platform,,,unofficial
10650105062,5.3619548,-3.9677502,La maison de la destinée,bus_stop,platform,,,unofficial
10650105063,5.3628334,-3.9683390,Siriki Konaté,bus_stop,platform,,,unofficial
10650105064,5.3637467,-3.9686421,Valoris,bus_stop,platform,,,unofficial
10650105065,5.3644784,-3.9688727,Carrefour Djédjé Mady,bus_stop,platform,,,unofficial
10650105066,5.3668564,-3.9695714,Avocatier,bus_stop,platform,,,unofficial
10650105067,5.3683024,-3.9699939,AIST,bus_stop,platform,,,unofficial
10650105068,5.3698072,-3.9704338,Bleu blanc,bus_stop,platform,,,unofficial
10650105069,5.3740118,-3.9703520,Cash Express,bus_stop,platform,,,unofficial
10650105070,5.3760126,-3.9664822,Rond-Point ADO,bus_stop,platform,,,unofficial
10650105071,5.3754926,-3.9682028,Immeuble Tamadja,bus_stop,platform,,,unofficial
10650105072,5.3739971,-3.9702769,Cash Express,bus_stop,platform,,,unofficial
10650105073,5.3703614,-3.9692000,Oscar 3,bus_stop,platform,,,unofficial
10650105074,5.3693172,-3.9681512,Saint Joseph,bus_stop,platform,,,unofficial
10650105075,5.3668150,-3.9674217,Pizza Express,bus_stop,platform,,,unofficial
10650105076,5.3654290,-3.9669952,Ahmed Outtara,bus_stop,platform,,,unofficial
10650105077,5.3645518,-3.9667457,Aboussouan,bus_stop,platform,,,unofficial
10654157092,5.3768411,-3.9548770,Carrefour Complexe,bus_stop,platform,,,
10654157093,5.3884293,-3.9550835,Kimi,bus_stop,platform,,,unofficial
10654157094,5.3915763,-3.9552377,Carrefour Berre,bus_stop,platform,,,unofficial
10654157095,5.3737508,-3.9616093,Quick Market,bus_stop,platform,,,unofficial
10654157096,5.3703533,-3.9617327,Fatima,bus_stop,platform,,,
10654157098,5.3626010,-3.9593294,Station,bus_stop,platform,,,unofficial
10654221687,5.3800002,-3.9963184,Lavage Professionel,bus_stop,platform,,no,unofficial
10654234383,5.3864372,-4.0005107,Résidence Sanon,bus_stop,platform,,no,unofficial
10654234385,5.3861708,-3.9999642,Maternelle la Providence,bus_stop,platform,,no,unofficial
10741073224,5.3267489,-4.0628278,Collège Singa / Marché petit Toits Rouges,bus_stop,platform,,,unofficial
10741073225,5.3308643,-4.0639034,Carrefour CFOMIS,bus_stop,platform,,,unofficial
10741112442,5.3558767,-4.0687448,Auto Ecole,bus_stop,platform,,,unofficial
10741112443,5.3534225,-4.0687461,Police municipale de Wassakara,bus_stop,platform,,,unofficial
10741112444,5.3528818,-4.0682834,Hôpital de Wassakara,bus_stop,platform,,,unofficial
10741112445,5.3484587,-4.0678285,Carrefour Jean Baptiste de la Salle,bus_stop,platform,,,unofficial
10741112446,5.3459371,-4.0677778,Cité SIB,bus_stop,platform,,,unofficial
10741112447,5.3272083,-4.0603146,Pharmacie Chigata,bus_stop,platform,,,unofficial
10741112448,5.3233692,-4.0623356,Carrefour Camp militaire,bus_stop,platform,,,unofficial
10741112449,5.3209443,-4.0621412,Église catholique Sainte Marie Madeleine,bus_stop,platform,,,unofficial
10741354106,5.3362856,-4.1100092,Paris baguette,bus_stop,platform,,,unofficial
10741354107,5.3339682,-4.1071949,Ecole primaire la prairie,bus_stop,platform,,,unofficial
10741554214,5.3328206,-4.1059366,Collège Atlantique-2,bus_stop,platform,,,unofficial
10741554215,5.3356781,-4.1093662,Lièvre Rouge 2ème portail,bus_stop,platform,,,unofficial
10741554216,5.3362389,-4.1100454,Paris baguette,bus_stop,platform,,,unofficial
10833697589,5.3134150,-4.0888412,Carrefour Akwaba,bus_stop,platform,,,unofficial
10833697590,5.3055498,-4.0841085,Auto-école,bus_stop,platform,,,unofficial
10833697591,5.3058189,-4.0845229,Gabadrome,bus_stop,platform,,,unofficial
10833697592,5.3061053,-4.0849949,Monaco,bus_stop,platform,,,unofficial
10833697593,5.3110134,-4.0881465,Boulangerie,bus_stop,platform,,,unofficial
10833697594,5.3117699,-4.0883745,Carrefour Sicogi,bus_stop,platform,,,unofficial
10833697595,5.3128655,-4.0887232,Carrefour Calebasse,bus_stop,platform,,,unofficial
10833697596,5.3134304,-4.0889049,Carrefour Akwaba,bus_stop,platform,,,unofficial
10833741805,5.3261003,-4.1057733,Portail Caféier,bus_stop,platform,,,unofficial
10833741806,5.3266194,-4.1055393,Panneau,bus_stop,platform,,,unofficial
10833741807,5.3292112,-4.1044463,Brouette,bus_stop,platform,,,unofficial
10833741809,5.3324587,-4.0908408,Carrefour Boby,bus_stop,platform,,,unofficial
10833741810,5.3368188,-4.0838148,Pharmacie Tereza,bus_stop,platform,,,unofficial
10833741811,5.3395865,-4.0835526,Terminus 47,bus_stop,platform,,,unofficial
10833741812,5.3395838,-4.0817830,Église Evangelique,bus_stop,platform,,,unofficial
10833741813,5.3420594,-4.0793368,PMI,bus_stop,platform,,,unofficial
10833774189,5.3395237,-4.0736331,Feu du Score (Wokouboué),bus_stop,platform,,,unofficial
10833774190,5.3395264,-4.0795326,Pont Vagabond,bus_stop,platform,,,unofficial
10833774191,5.3395311,-4.0817709,Église Evangelique,bus_stop,platform,,,unofficial
10833774192,5.3393975,-4.0837571,Carrefour Terminus 47,bus_stop,platform,,,unofficial
10833774193,5.3367063,-4.0837035,Pharmacie Tereza,bus_stop,platform,,,unofficial
10833774194,5.3354337,-4.0859525,Poubelle,bus_stop,platform,,,unofficial
10833774195,5.3354478,-4.0894394,Bon Prix,bus_stop,platform,,,unofficial
10833774196,5.3341078,-4.0907805,Carrefour Policiers,bus_stop,platform,,yes,
10833774197,5.3308563,-4.0907389,Station Shell,bus_stop,platform,,,unofficial
10833774198,5.3290790,-4.0907805,Carrefour Menuiserie,bus_stop,platform,,,unofficial
10833774199,5.3297841,-4.1039756,Lubafrique,bus_stop,platform,,,unofficial
10833774200,5.3291044,-4.1044383,Brouette,bus_stop,platform,,,unofficial
10833774201,5.3281657,-4.1048124,Station First Petroleum,bus_stop,platform,,,unofficial
10833774202,5.3265540,-4.1054924,Panneau,bus_stop,platform,,,unofficial
10833774203,5.3254456,-4.1059598,Saint Chamel,bus_stop,platform,,,unofficial
10833795516,5.3490202,-3.9988182,SODEFOR,bus_stop,platform,,,unofficial
10833795517,5.3413090,-4.0206045,GSPM,bus_stop,platform,,,unofficial
10833795518,5.3481035,-4.0228482,Grand Marché Adjamé,bus_stop,platform,,,unofficial
10834085049,5.3415427,-4.0217377,Caisse,bus_stop,platform,,,unofficial
10834116938,5.3537270,-3.9803130,Collège Pierre Monty,bus_stop,platform,,,unofficial
10834116939,5.3667349,-3.9795875,Djire Telecom,bus_stop,platform,,,unofficial
10834214738,5.3447380,-4.0182039,Frat-Mat,bus_stop,platform,,no,unofficial
10836653666,5.3564616,-4.0448865,SI béton,bus_stop,platform,,,unofficial
10836653667,5.3418258,-4.0458696,Garage,bus_stop,platform,,,unofficial
10836653668,5.3330342,-4.0534790,Pharmacie Yacine,bus_stop,platform,,,unofficial
10836688908,5.3266074,-4.0547182,CIE,bus_stop,platform,,,unofficial
10836688909,5.3312596,-4.0561156,FSUCOM toît rouge,bus_stop,platform,,,
10836688910,5.3579731,-4.0452755,Carrefour Policier,bus_stop,platform,,,unofficial
10836688911,5.3615489,-4.0421440,Au Banco,bus_stop,platform,,,unofficial
10836688912,5.3587462,-4.0315264,Adjamé Agban Village,bus_stop,platform,,,unofficial
10836730163,5.3613940,-4.0421748,Au Banco,bus_stop,platform,,,unofficial
10836754149,5.3271749,-4.0604004,Pharmacie Chigata,bus_stop,platform,,,unofficial
10836754150,5.3409558,-4.0467373,Mossikro,bus_stop,platform,,,unofficial
10837332170,5.3358770,-4.1121161,Carrefour Mosquée,bus_stop,platform,,,unofficial
10837332171,5.3323045,-4.1104659,Carrefour Cité Verte,bus_stop,platform,,,unofficial
10837332172,5.3284822,-4.1103888,Boutique,bus_stop,platform,,,unofficial
10837332173,5.3277317,-4.1101232,Pharmacie de la Cité Verte,bus_stop,platform,,,unofficial
10837332174,5.3270721,-4.1098751,Mosquée Rahma,bus_stop,platform,,,unofficial
10837332175,5.3257615,-4.1096458,Boulangerie Carrefour,bus_stop,platform,,,unofficial
10837332176,5.3229152,-4.1108702,Fin Goudron,bus_stop,platform,,,unofficial
10837332177,5.3229927,-4.1109185,Fin Goudron,bus_stop,platform,,,unofficial
10837332178,5.3237992,-4.1094929,Carrefour Chambéry,bus_stop,platform,,,unofficial
10837332179,5.3246271,-4.1095915,Chambéry,bus_stop,platform,,,unofficial
10837332180,5.3258429,-4.1097122,Boulangerie Carrefour,bus_stop,platform,,,unofficial
10837332181,5.3272049,-4.1099730,Mosquée Rahma,bus_stop,platform,,,unofficial
10837332182,5.3277497,-4.1101889,Pharmacie de la Cité Verte,bus_stop,platform,,,unofficial
10837332183,5.3285262,-4.1104605,Boutique,bus_stop,platform,,,unofficial
10837332184,5.3311060,-4.1106704,Clinique médicale Saint Mathieu,bus_stop,platform,,,unofficial
10837332185,5.3316548,-4.1106141,Carrefour Sebaco,bus_stop,platform,,,unofficial
10837332186,5.3323372,-4.1105363,Carrefour Cité Verte,bus_stop,platform,,,unofficial
10837332187,5.3371339,-4.1111331,Marché Bagnon,bus_stop,platform,,,unofficial
10837447849,5.3356968,-4.1093105,Lièvre Rouge 2ème portail,bus_stop,platform,,,unofficial
10837447850,5.3260505,-4.1056922,Portail Caféier,bus_stop,platform,,,unofficial
10837447851,5.3207807,-4.1018727,Carrefour Délice,bus_stop,platform,,,unofficial
10837452825,5.3207633,-4.1019092,Carrefour Délice,bus_stop,platform,,,unofficial
10837452826,5.3232210,-4.1055299,Caistab,bus_stop,platform,,,unofficial
10839438836,5.3526721,-4.0143657,Adjamé Liberté,bus_stop,platform,,,unofficial
10839438839,5.3499202,-3.9887895,Ecole de Police,bus_stop,platform,,,unofficial
10839438840,5.3547852,-4.0058051,Escaliers,bus_stop,platform,,,unofficial
10839438841,5.3534205,-4.0149936,Adjamé Liberté,bus_stop,platform,,,unofficial
10839915214,5.3315129,-4.1119409,Terminus 44,bus_stop,platform,,,unofficial
10839915215,5.3273831,-4.0953442,Cité Sopim,bus_stop,platform,,,unofficial
10839915216,5.3255599,-4.0923919,Carrefour Bar Éclat,bus_stop,platform,,,unofficial
10839915217,5.3156460,-4.0915348,Allocodrome,bus_stop,platform,,,unofficial
10839915218,5.3185157,-4.0947007,Carrefour à droite,bus_stop,platform,,yes,unofficial
10839915219,5.3314003,-4.1037245,Carrefour Lièvre Rouge,bus_stop,platform,,,unofficial
10839920785,5.3208532,-4.0205072,District du Plateau,bus_stop,platform,,,unofficial
10839920786,5.3215126,-4.0207625,Police Economique,bus_stop,platform,,,unofficial
10839920787,5.3210152,-4.0191286,Super U,bus_stop,platform,,,unofficial
10839920788,5.3241215,-4.0218628,Gare Externat Saint Paul,bus_stop,platform,,,unofficial
10839920789,5.3241549,-4.0234604,Conseil Economique et Social,bus_stop,platform,,,unofficial
10839920790,5.3242317,-4.0238857,Service Technique,bus_stop,platform,,,unofficial
10839920791,5.3261437,-4.0239599,Pharmacie et Laboratoire du Boulevard Carde,bus_stop,platform,,,unofficial
10840175905,5.3369086,-4.0139541,PISAM,bus_stop,platform,,,unofficial
10840175906,5.3377328,-4.0108265,La Corniche,bus_stop,platform,,,unofficial
10840175907,5.3285944,-4.0070428,Grande Chancellerie de l'Ordre National,bus_stop,platform,,,unofficial
10840175908,5.3285149,-4.0070428,Grande Chancellerie de l'Ordre National,bus_stop,platform,,,unofficial
10840175909,5.3344206,-4.0099911,Cerfam,bus_stop,platform,,,unofficial
10840175910,5.3392050,-4.0262268,INSP,bus_stop,platform,,,unofficial
10840582163,5.3429447,-4.0261942,Mairie d'Adjamé,bus_stop,platform,,,unofficial
10840582164,5.3445257,-4.0260789,Pharmacie du Marché,bus_stop,platform,,,unofficial
10840582165,5.3452868,-4.0260185,forum d'Adjamé,bus_stop,platform,,,unofficial
10840582166,5.3467476,-4.0259327,Centre commercial petit Dubaï,bus_stop,platform,,,unofficial
10840582167,5.3490516,-4.0257289,Hopital General d'Adjamé,bus_stop,platform,,,unofficial
10840582168,5.3502406,-4.0256497,Pharmacie du Banco,bus_stop,platform,,,unofficial
10840582171,5.3540969,-4.0265054,Adjamé Mosquée,bus_stop,platform,,,unofficial
10840582172,5.3540207,-4.0259770,Chic Shop Adjamé,bus_stop,platform,,,unofficial
10840582173,5.3531982,-4.0255786,Bon Prix Mosquée,bus_stop,platform,,,unofficial
10840582174,5.3490723,-4.0255049,Hopital General d'Adjamé,bus_stop,platform,,,unofficial
10840582175,5.3465740,-4.0256511,Centre commercial petit Dubaï,bus_stop,platform,,,unofficial
10840582176,5.3451159,-4.0257597,forum d'Adjamé,bus_stop,platform,,,unofficial
10840582177,5.3423849,-4.0259699,Mairie Adjamé,bus_stop,platform,,,unofficial
10844094639,5.3414631,-4.0259283,Adjamé Mairie-Dallas,bus_stop,platform,,no,unofficial
10844094640,5.3409793,-4.0238471,Mission Libanaise Adjamé,bus_stop,platform,,no,
10844094641,5.3360356,-4.0236357,Hôpital de Police Plateau,bus_stop,platform,,no,
10844094642,5.3307141,-4.0194955,Palais de Justice du Plateau,bus_stop,platform,,no,
10844094643,5.3252769,-4.0190515,RTI,bus_stop,platform,,no,
10844094644,5.3261466,-4.0195516,Commissariat du 1ᵉʳ Arrondissement du Plateau,bus_stop,platform,,no,
10844094646,5.3084765,-3.9997137,Piscine Etat,bus_stop,platform,,no,
10844094647,5.3074260,-3.9939002,Pharmacie des Lagunes,bus_stop,platform,,no,
10844094648,5.3105718,-3.9868813,Nouvelle Clinique Farah,bus_stop,platform,,no,
10844094649,5.3098968,-3.9893814,Maurice,bus_stop,platform,,no,
10844094650,5.3014112,-3.9769909,Marché Marcory,bus_stop,platform,,,
10844094651,5.3014029,-3.9766723,Marché Marcory,bus_stop,platform,,,
10844094653,5.3018590,-3.9782451,Antenne Sicogi,bus_stop,platform,,,
10844094654,5.3027230,-3.9797563,Pharmacie Elishana,bus_stop,platform,,,
10844094655,5.3060477,-3.9857478,Commissariat du 9 ème,bus_stop,platform,,,
10844094656,5.3063232,-3.9862767,Carrefour Konankro,bus_stop,platform,,no,
10844094657,5.3083223,-3.9896503,Pharmacie PTT,bus_stop,platform,,no,
10844094658,5.3414397,-4.0259364,Adjamé Mairie-Dallas,bus_stop,platform,,no,unofficial
10844232128,5.3329336,-4.0238259,Musée des Civilisations de Côte d’Ivoire,bus_stop,platform,,no,
10844232129,5.3309395,-4.0238721,Cité Administrative,bus_stop,platform,,no,
10844232130,5.3253043,-4.0223545,Pharmacie du Longchamp,bus_stop,platform,,,unofficial
10844232131,5.3102564,-4.0035032,Mosquée Libanaise,bus_stop,platform,,,unofficial
10844232132,5.2891986,-3.9663933,Centre Commercial,bus_stop,platform,,,unofficial
10844232133,5.2958392,-3.9546300,Sotici,bus_stop,platform,,,unofficial
10844232134,5.3081623,-3.9995038,Piscine Etat,bus_stop,platform,,no,
10844232135,5.3314706,-4.0239364,Cité Administrative,bus_stop,platform,,no,
10844232136,5.3336320,-4.0238922,Musée des Civilisations de Côte d’Ivoire,bus_stop,platform,,no,
10844333480,5.3417578,-4.0261257,Mairie Adjamé,bus_stop,platform,,,unofficial
10844333481,5.3404592,-4.0262490,Pharmacie d'Adjamé-Santé,bus_stop,platform,,,unofficial
10844333482,5.3391141,-4.0261305,INSP,bus_stop,platform,,,unofficial
10844333483,5.3330399,-4.0241412,Musée des Civilisations de Côte d’Ivoire,bus_stop,platform,,no,
10844333484,5.3252894,-4.0202708,Pigier Côte d'Ivoire,bus_stop,platform,,no,
10844405168,5.3320372,-4.0202490,Cathédrale Saint Paul,bus_stop,platform,,no,
10844405169,5.3206966,-4.0197562,Super U,bus_stop,platform,,,unofficial
10844405170,5.3318375,-4.0234212,Cité Administrative,bus_stop,platform,,no,
10844893052,5.3564209,-4.0016023,Saint Jacques,bus_stop,platform,,,unofficial
10844893053,5.3596292,-3.9994183,VIPNet,bus_stop,platform,,,unofficial
10844893054,5.3670921,-4.0006566,Garage,bus_stop,platform,,no,unofficial
10844893055,5.3671926,-4.0013386,Carrefour Maquis,bus_stop,platform,,no,unofficial
10844893056,5.3685645,-4.0013624,Carrefour du Marché,bus_stop,platform,,no,unofficial
10844901374,5.3309390,-4.0227603,CCIA,bus_stop,platform,,,unofficial
10844901375,5.3293602,-4.0227831,"Cours Supreme,Parquet Generale",bus_stop,platform,,,unofficial
10844901376,5.3255983,-4.0227915,Station Shell Plateau,bus_stop,platform,,,unofficial
10844901377,5.3220574,-4.0210565,Collège Moderne du Plateau,bus_stop,platform,,,unofficial
10844901378,5.3200685,-4.0188015,Rue des Banques,bus_stop,platform,,,unofficial
10844901379,5.3295257,-4.0239646,Cour d'Arbitrage,bus_stop,platform,,no,
10844901380,5.3303072,-4.0239578,Pharmacie les Harmonies,bus_stop,platform,,no,
10846539650,5.3294969,-4.0238739,Cour d'Arbitrage,bus_stop,platform,,no,
10846539651,5.3256444,-4.0231565,Station Shell Plateau,bus_stop,platform,,,unofficial
10846539652,5.3256057,-4.0232623,Station Shell Plateau,bus_stop,platform,,,unofficial
10846665597,5.3222593,-4.0195670,Galerie du Parc,bus_stop,platform,,no,
10846665598,5.3192997,-4.0185853,Seen Hotel Abidjan Plateau,bus_stop,platform,,no,
10846665599,5.3188142,-4.0162970,Mosquée Libanaise,bus_stop,platform,,no,
10846665600,5.3175165,-4.0164061,Sociam,bus_stop,platform,,no,
10846665601,5.3153244,-4.0176596,Gare Sud,bus_stop,platform,,no,
10846665602,5.3188277,-4.0190690,Pharmacie du memorial,bus_stop,platform,,no,
10846665603,5.3330018,-4.0242209,Musée des Civilisations de Côte d’Ivoire,bus_stop,platform,,no,
10846719266,5.3415564,-4.0154773,Résidence Baie de Cocody,bus_stop,platform,,,unofficial
10846719267,5.3420807,-4.0147286,Nestle Cocody,bus_stop,platform,,,unofficial
10846719268,5.3433878,-4.0125484,Guichet Unique,bus_stop,platform,,,unofficial
10846719269,5.3441436,-4.0112740,Pharmacie Lycée Technique,bus_stop,platform,,,unofficial
10846719270,5.3441380,-4.0066500,Fondation for Freedom,bus_stop,platform,,no,unofficial
10846719271,5.3360305,-4.0053960,Carrefour Lycée Classique,bus_stop,platform,,,unofficial
10846719272,5.3345851,-4.0097153,Cerfam,bus_stop,platform,,,unofficial
10846719273,5.3380510,-4.0210387,Cours UNESCO,bus_stop,platform,,,unofficial
10846825928,5.3443695,-4.0307365,Au Mouton,bus_stop,platform,,,unofficial
10846825929,5.3464138,-4.0307486,Centre de Santé Guyguiya,bus_stop,platform,,,unofficial
10846825930,5.3469425,-4.0308720,Carrefour ESF,bus_stop,platform,,,unofficial
10846825931,5.3502019,-4.0316995,Station Afriquia,bus_stop,platform,,,unofficial
10846825932,5.3519584,-4.0325920,A la Poubelle,bus_stop,platform,,,unofficial
10846825933,5.3551884,-4.0325618,Carrefour Mosquée,bus_stop,platform,,,unofficial
10846825935,5.3590807,-4.0289609,Adjamé Nouvelle Gare,bus_stop,platform,,,unofficial
10846825936,5.3503221,-4.0315613,Station Afriquia,bus_stop,platform,,,unofficial
10846825937,5.3490696,-4.0311563,Score,bus_stop,platform,,,unofficial
10846825938,5.3456166,-4.0305324,Carrefour Station,bus_stop,platform,,,unofficial
10846825939,5.3441331,-4.0306259,Au Mouton,bus_stop,platform,,,unofficial
10846825940,5.3425548,-4.0310383,Sous le Pont,bus_stop,platform,,,unofficial
10846825941,5.3413450,-4.0314319,Gare Attécoubé,bus_stop,platform,,,unofficial
10846895564,5.3539909,-4.0282019,Gare Mosquée,bus_stop,platform,,,unofficial
10846895565,5.3533611,-4.0302792,Pharmacie Château d'Eau,bus_stop,platform,,,unofficial
10846895566,5.3531101,-4.0311027,Centre Commercial du Château,bus_stop,platform,,,unofficial
10846895567,5.3530059,-4.0329091,Attécoubé Garage,bus_stop,platform,,,unofficial
10846895568,5.3502233,-4.0322010,Station Afriquia,bus_stop,platform,,,unofficial
10846895569,5.3489000,-4.0344179,Royal Palace,bus_stop,platform,,,unofficial
10846895570,5.3483766,-4.0344152,Carrefour la Poste,bus_stop,platform,,,unofficial
10846895571,5.3475461,-4.0344427,Carrefour Mairie,bus_stop,platform,,,unofficial
10846895572,5.3431437,-4.0347746,Carrefour Poubelle,bus_stop,platform,,,unofficial
10846895573,5.3458049,-4.0361801,Carrefour Mosquée,bus_stop,platform,,,unofficial
10846895574,5.3453495,-4.0372060,Gare Attecoube,bus_stop,platform,,,unofficial
10846895575,5.3446338,-4.0361258,Mosquée,bus_stop,platform,,,unofficial
10846895576,5.3454958,-4.0345547,Pharmacie Montana,bus_stop,platform,,,unofficial
10846895577,5.3476235,-4.0345024,Carrefour Mairie,bus_stop,platform,,,unofficial
10846895578,5.3483819,-4.0345211,Carrefour la Poste,bus_stop,platform,,,unofficial
10846895579,5.3488974,-4.0344930,Royal Palace,bus_stop,platform,,,unofficial
10846895580,5.3502286,-4.0323056,Station Afriquia,bus_stop,platform,,,unofficial
10846895581,5.3533748,-4.0303838,Pharmacie Château d'Eau,bus_stop,platform,,,unofficial
10846895582,5.3539633,-4.0287597,Au Marché,bus_stop,platform,,,unofficial
10846895583,5.3540648,-4.0282582,Gare Mosquée,bus_stop,platform,,,unofficial
10852045719,5.3538832,-4.0287906,Au Marché,bus_stop,platform,,,unofficial
10852045720,5.3532009,-4.0310745,Centre Commercial du Château,bus_stop,platform,,,unofficial
10852475108,5.3455004,-4.0345071,Pharmacie Montana,bus_stop,platform,,,unofficial
10852475109,5.3441825,-4.0345111,Carrefour Palais de Bidjante,bus_stop,platform,,,unofficial
10852475110,5.3449082,-4.0344802,Dépôt Solibra,bus_stop,platform,,,unofficial
10852475111,5.3441825,-4.0361264,Centre de Soins Américain Chez Bamba,bus_stop,platform,,,unofficial
10852475112,5.3535294,-4.0332994,Attécoubé Garage,bus_stop,platform,,,unofficial
10855568859,5.3619561,-4.0172806,Gare Kobenan Agban,bus_stop,platform,,,unofficial
10855568860,5.3576767,-3.9644887,9 Kilo,bus_stop,platform,,,unofficial
10855579563,5.3378159,-4.0178700,Nestle Cocody,bus_stop,platform,,,unofficial
10855579564,5.3094003,-4.0058389,Avenue 8,bus_stop,platform,,,unofficial
10855579565,5.3094497,-4.0059435,Avenue 8,bus_stop,platform,,,unofficial
10855620535,5.3587529,-4.0315680,Adjamé Agban Village,bus_stop,platform,,,unofficial
10855620536,5.3413450,-4.0462089,Sibeco / Garage,bus_stop,platform,,,unofficial
10855620537,5.3511179,-4.0454820,Depôt,bus_stop,platform,,,unofficial
10855652619,5.3305185,-4.0567580,B.A.E,bus_stop,platform,,,unofficial
10855652620,5.3581453,-4.0302376,Paharmacie Agban,bus_stop,platform,,,unofficial
10855652622,5.3537443,-4.0331049,Attécoubé Garage,bus_stop,platform,,,unofficial
10855669258,5.3547882,-4.0533918,Carrefour Choco,bus_stop,platform,,,unofficial
10855669259,5.3590112,-4.0324163,Cité Fairmont,bus_stop,platform,,,unofficial
10855691513,5.3569797,-4.0451226,SI béton,bus_stop,platform,,,unofficial
10855850054,5.3165764,-4.0354384,Carrefour Jérusalem,bus_stop,platform,,,unofficial
10855886533,5.3588276,-4.0453747,Carrefour Policier,bus_stop,platform,,,unofficial
10855886534,5.3602095,-4.0417205,Complexe sportif d'Attecoubé,bus_stop,platform,,,unofficial
10855886535,5.3574815,-4.0526123,Garage Massa,bus_stop,platform,,,unofficial
10855886536,5.3566138,-4.0656904,SANgel Yopougon,bus_stop,platform,,,unofficial
10855886537,5.3585486,-4.0953510,Pharmacie Mamy Adjoa,bus_stop,platform,,,unofficial
10855886549,5.3588523,-4.0456796,Carrefour Policier,bus_stop,platform,,,unofficial
10855940190,5.3503661,-4.0229189,Gare en haut,bus_stop,platform,,,unofficial
10855940191,5.3577207,-3.9437686,Antenne,bus_stop,platform,,,unofficial
10855940192,5.3581093,-3.9431396,Carrefour bambou,bus_stop,platform,,,unofficial
10855940193,5.3604473,-3.9403246,Carrefour Village,bus_stop,platform,,,unofficial
10855940198,5.3575965,-3.9266038,Gare Abatta,bus_stop,platform,,,unofficial
10855940199,5.3575645,-3.9266615,Gare Abatta,bus_stop,platform,,,unofficial
10855940200,5.3581861,-3.9263738,Pharmacie Eau Vive,bus_stop,platform,,,unofficial
10855940201,5.3598865,-3.9283311,Avant AB Center,bus_stop,platform,,,unofficial
10855940202,5.3601936,-3.9288206,Avant AB Center,bus_stop,platform,,,unofficial
10855940203,5.3636812,-3.9331363,Laurier 9,bus_stop,platform,,,unofficial
10855940204,5.3634155,-3.9367741,Carrefour Decharge,bus_stop,platform,,,unofficial
10855955005,5.3610815,-3.9591511,Carrefour Palmeraie,bus_stop,platform,,,unofficial
10855955006,5.3492625,-3.9970071,Carrefour Cocody,bus_stop,platform,,,unofficial
10855955007,5.3413250,-4.0197717,GSPM,bus_stop,platform,,,unofficial
10855955008,5.3487491,-4.0201425,Carrefour Complexe,bus_stop,platform,,,unofficial
10855955009,5.3503908,-4.0229492,Gare en haut,bus_stop,platform,,,unofficial
10856019040,5.3549354,-4.0042363,Escalier,bus_stop,platform,,,unofficial
10856019041,5.3537370,-3.9775007,Riviera 2,bus_stop,platform,,,unofficial
10856019042,5.3722280,-3.9311354,Menuiserie,bus_stop,platform,,,unofficial
10856099230,5.3547952,-3.9600858,Station Corlay,bus_stop,platform,,,unofficial
10856099231,5.3462108,-3.9472434,École,bus_stop,platform,,,unofficial
10856099232,5.3391178,-3.9436063,Groupe Scolaire les scarabées,bus_stop,platform,,,unofficial
10856099233,5.3487545,-3.9535975,Pharmacie de la Riviera 3,bus_stop,platform,,,unofficial
10856099234,5.3547298,-3.9601274,Station Corlay,bus_stop,platform,,,unofficial
10856127538,5.3424707,-4.0571429,Garage,bus_stop,platform,,,unofficial
10856127539,5.3297440,-4.0501785,Pharmacie Tizra,bus_stop,platform,,,unofficial
10856127540,5.3268451,-4.0499304,La Référence,bus_stop,platform,,,unofficial
10856127541,5.3260652,-4.0491781,Carrefour Sebgé,bus_stop,platform,,,unofficial
10856127542,5.3223223,-4.0550588,Yopougon Kowëit,bus_stop,platform,,,unofficial
10856127544,5.3232410,-4.0560921,Collège Saint Augustin,bus_stop,platform,,,unofficial
10856127545,5.3234120,-4.0563221,La Joie,bus_stop,platform,,,unofficial
10856127546,5.3234881,-4.0565595,Lavage,bus_stop,platform,,,unofficial
10856127547,5.3235281,-4.0588957,Pharmace Carrefour Gandhi,bus_stop,platform,,,unofficial
10856127548,5.3427551,-4.0595073,Au Tournant,bus_stop,platform,,,unofficial
10856127549,5.3420154,-4.0458903,Garage Lagunaire,bus_stop,platform,,,unofficial
10856127550,5.3518096,-4.0456027,2eme Terrain,bus_stop,platform,,,unofficial
10856201514,5.3633007,-4.0247780,Station Corlay,bus_stop,platform,,,unofficial
10856566916,5.4118572,-4.0156169,Rond Point du Banco,bus_stop,platform,,no,unofficial
10856566917,5.4197370,-4.0153313,Carrefour Marché,bus_stop,platform,,no,unofficial
10856566919,5.3586414,-4.0305575,Adjamé Agban Village,bus_stop,platform,,,unofficial
10856566920,5.4146155,-4.0141062,Au tournant,bus_stop,platform,,no,unofficial
10856566921,5.4115487,-4.0159670,Banco,bus_stop,platform,,no,unofficial
10856637709,5.3535013,-4.0160877,Adjamé Liberté - 220 logements,bus_stop,platform,,,unofficial
10856637712,5.3200810,-4.0187095,Chambre du Commerce,bus_stop,platform,,,unofficial
10856637713,5.3203968,-4.0178606,Rue des Banques,bus_stop,platform,,,unofficial
10856637714,5.3217602,-4.0180524,Pyramide,bus_stop,platform,,,unofficial
10856637715,5.3230541,-4.0203725,Au Jardin,bus_stop,platform,,,unofficial
10857026951,5.3659364,-4.0918989,A la sortie,bus_stop,platform,,,unofficial
10857026954,5.3495490,-4.0993890,SGBCI,bus_stop,platform,,yes,
10857026955,5.3484060,-4.0993783,Libanais Ecole,bus_stop,platform,,yes,
10857026956,5.3461828,-4.0997967,Petroci,bus_stop,platform,,yes,
10857026958,5.3384368,-4.1003962,Eglise Saint Pierre-Marie,bus_stop,platform,,yes,
10857026959,5.3363711,-4.1008937,Pharmacie Anador,bus_stop,platform,,yes,
10857026960,5.3312262,-4.1036376,Carrefour Lièvre Rouge,bus_stop,platform,,yes,
10857026962,5.3244328,-4.1063869,Carrefour Académie,bus_stop,platform,,yes,
10857026964,5.3273338,-4.0936504,Boulangerie,bus_stop,platform,,yes,
10857026965,5.3298735,-4.0908422,Boulangerie,bus_stop,platform,,yes,
10857026966,5.3422677,-4.0892503,Eglise,bus_stop,platform,,yes,
10857026967,5.3473391,-4.0874894,Mosquée Koudous,bus_stop,platform,,yes,
10857026968,5.3584004,-4.0853772,Carrefour CHU,bus_stop,platform,,yes,
10860881261,5.3439809,-4.1004901,Carrefour petit canari,bus_stop,platform,,yes,
10860881262,5.3462295,-4.0998691,Petroci,bus_stop,platform,,yes,
10860881263,5.3483058,-4.0994722,Libanais Ecole,bus_stop,platform,,yes,
10860881265,5.3556858,-4.0994775,Oasis,bus_stop,platform,,,unofficial
10861149962,5.3540383,-4.1029250,Cité Nawa,bus_stop,platform,,,unofficial
10861149963,5.3509413,-4.1041046,Station Pétro Ivoire,bus_stop,platform,,,unofficial
10861149964,5.3483266,-4.1052484,Arouna Koné,bus_stop,platform,,,unofficial
10861149965,5.3447506,-4.1073251,Barrique,bus_stop,platform,,,unofficial
10861149966,5.3448153,-4.1073991,Barrique,bus_stop,platform,,,unofficial
10861149967,5.3488881,-4.1050499,Bonikro,bus_stop,platform,,,unofficial
10861149968,5.3508821,-4.1042078,Station Pétro Ivoire,bus_stop,platform,,,unofficial
10861156458,5.3657931,-4.0976121,Grand Carrefour,bus_stop,platform,,,unofficial
10861341108,5.3235775,-4.0590146,Pharmace Carrefour Gandhi,bus_stop,platform,,,unofficial
10862717380,5.3399459,-4.0732611,Score,bus_stop,platform,,,unofficial
10862788324,5.3298088,-4.0907478,Boulangerie,bus_stop,platform,,yes,
10862788325,5.3243132,-4.0926041,Carrefour Sodeci,bus_stop,platform,,,unofficial
10862788326,5.3374814,-4.0793084,Pharmacie du Marché,bus_stop,platform,,,unofficial
10862788327,5.3423027,-4.0791784,PMI,bus_stop,platform,,,unofficial
10863014856,5.3229251,-4.0136121,Carrefour ancienne Station,bus_stop,platform,,,
10863014858,5.3014793,-3.9771375,Marché Marcory,bus_stop,platform,,,
10863014860,5.3051003,-3.9840222,Station,bus_stop,platform,,yes,
10863014861,5.3068329,-3.9871974,Mosquée,bus_stop,platform,,yes,
10863322856,5.3708999,-3.9360627,Coqivoire,bus_stop,platform,,,unofficial
10863322857,5.3657724,-3.9087656,Cité Hevea,bus_stop,platform,,,unofficial
10863322858,5.3611974,-3.9051119,Petit Carrefour,bus_stop,platform,,,unofficial
10863322859,5.3576976,-3.8910005,Lycée Garçon de Bingerville,bus_stop,platform,,,unofficial
10863322860,5.3610066,-3.9051328,Petit Carrefour,bus_stop,platform,,,unofficial
10863322861,5.3659197,-3.9090134,Cité Hevea,bus_stop,platform,,,unofficial
10863419957,5.3083621,-3.9895924,Pharmacie PTT,bus_stop,platform,,no,
10863420064,5.2884587,-3.9712510,Terminus Grand Carrefour de Koumassi,bus_stop,platform,,,unofficial
10863420065,5.3529156,-4.0142971,Adjamé Liberté,bus_stop,platform,,,unofficial
10863593476,5.3015191,-3.9771914,Marché Marcory,bus_stop,platform,,,
10863593477,5.3030520,-3.9803675,Centre commercial,bus_stop,platform,,no,
10863593478,5.3035435,-3.9811595,Aby Raoul,bus_stop,platform,,no,
10863593479,5.3040289,-3.9821139,Nouvelle Boulangerie,bus_stop,platform,,no,
10863593480,5.3045275,-3.9829973,Carrefour Tantie Alice,bus_stop,platform,,no,
10863593481,5.3078648,-3.9890863,Arrêt Lamartine,bus_stop,platform,,no,
10863698804,5.3534812,-4.0155021,Adjamé Liberté,bus_stop,platform,,,unofficial
10863718707,5.3533929,-4.0151242,Adjamé Liberté,bus_stop,platform,,,unofficial
10863748338,5.3073214,-4.0051157,Pharmacie Nanan Yamousso,bus_stop,platform,,,unofficial
10863748339,5.2996749,-4.0024573,Gare de Bassam,bus_stop,platform,,,unofficial
10863748340,5.2995901,-4.0024761,Gare de Bassam,bus_stop,platform,,,unofficial
10863748341,5.3012393,-4.0030801,Arras 2,bus_stop,platform,,,unofficial
10866022951,5.3493685,-3.9973815,Carrefour Cocody,bus_stop,platform,,,unofficial
10866022952,5.3485265,-4.0020777,Carrefour la Vie,bus_stop,platform,,no,unofficial
10866022953,5.3546250,-4.0044009,Escalier,bus_stop,platform,,,unofficial
10866049928,5.3377979,-4.1123334,Bagnon,bus_stop,platform,,,unofficial
10866049929,5.3468211,-4.1062272,Poubelle,bus_stop,platform,,,unofficial
10866078763,5.3636872,-4.0835019,Pont BAE,bus_stop,platform,,no,unofficial
10866078764,5.4365127,-4.0684303,Bon repos,bus_stop,platform,,no,unofficial
10866078765,5.4385058,-4.0686083,Assoko,bus_stop,platform,,no,unofficial
10866078766,5.4403190,-4.0689619,Carrefour Marché,bus_stop,platform,,no,unofficial
10866078767,5.4411598,-4.0691375,Carrefou N'dotré,bus_stop,platform,,no,unofficial
10866078769,5.4411703,-4.0690383,Carrefou N'dotré,bus_stop,platform,,no,unofficial
10868072350,5.3376864,-4.0892650,Cabine,bus_stop,platform,,,unofficial
10868072351,5.3502153,-4.0874820,Boulangerie,bus_stop,platform,,,unofficial
10868072352,5.3516707,-4.0874921,Ancienne Gare,bus_stop,platform,,,unofficial
10868072353,5.3532997,-4.0874974,Mosquée,bus_stop,platform,,,unofficial
10870001679,5.2886152,-3.9689894,Pharmacie de Koumassi,bus_stop,platform,,,unofficial
10870001680,5.3554949,-4.0200345,Eglise Universel,bus_stop,platform,,,unofficial
10870008557,5.3097865,-3.9854786,Pharmacie Bethesda,bus_stop,platform,,no,
10870183962,5.3280281,-4.0174247,Stade Félix Houphouët-Boigny,bus_stop,platform,,no,unofficial
10870183963,5.3281350,-4.0171498,Stade Félix Houphouët-Boigny,bus_stop,platform,,no,unofficial
10870183964,5.3502713,-4.0170814,Pharmacie le Belier,bus_stop,platform,,,unofficial
10870183966,5.2998004,-4.0016131,Gare de Bassam,bus_stop,platform,,,unofficial
10870183967,5.3081557,-4.0025948,Lycee Professionnel Commercial 2 de Treichville,bus_stop,platform,,,unofficial
10870264384,5.3569516,-4.0203618,Adjamé Renault,bus_stop,platform,,,unofficial
10870264385,5.3556845,-4.0201847,Eglise Universel,bus_stop,platform,,,unofficial
10870264386,5.3229232,-4.0207212,Collège Moderne du Plateau,bus_stop,platform,,,unofficial
10870264387,5.3378346,-4.0238902,Cité Policière Plateau,bus_stop,platform,,,unofficial
10870264388,5.3493834,-4.0195423,Pharmacie Espoir,bus_stop,platform,,,unofficial
10870264389,5.3569670,-4.0204020,Adjamé Renault,bus_stop,platform,,,unofficial
10870333608,5.3375916,-4.0106146,La Corniche,bus_stop,platform,,,unofficial
10870333609,5.3508548,-4.0180235,Institut Soma Samake,bus_stop,platform,,no,unofficial
10870333610,5.3525146,-4.0180738,College Victor,bus_stop,platform,,no,unofficial
10870333611,5.3549341,-4.0189227,Texaco,bus_stop,platform,,no,unofficial
10870376802,5.3467476,-3.9952710,CHU de Cocody,bus_stop,platform,,no,unofficial
10870376804,5.3466047,-3.9954896,INFS,bus_stop,platform,,no,unofficial
10870549724,5.3552064,-4.0193707,Station Service Shell,bus_stop,platform,,,unofficial
10870600292,5.3566495,-4.0194813,Institut Marie-Thérèse,bus_stop,platform,,,unofficial
10870600293,5.3530180,-4.0168950,Rond-Point d'Adjamé-Liberté,bus_stop,platform,,,unofficial
10870880392,5.3234440,-4.0877724,Pharmacie les phalènes,bus_stop,platform,,,unofficial
10870880393,5.3220606,-4.0877844,Timotel,bus_stop,platform,,,unofficial
10871005531,5.3364165,-4.1009635,Pharmacie Anador,bus_stop,platform,,yes,
10871005532,5.3384575,-4.1004787,Eglise Saint Pierre-Marie,bus_stop,platform,,yes,
10872532549,5.3372925,-4.0792148,Pharmacie du Marché,bus_stop,platform,,,unofficial
10874106062,5.3713815,-4.0846342,Nestle,bus_stop,platform,,,unofficial
10874106063,5.3786784,-4.0941896,2eme Boutique,bus_stop,platform,,,unofficial
10874106064,5.3798947,-4.0936893,1ere Boutique,bus_stop,platform,,,unofficial
10874106065,5.3785208,-4.0941185,Boutique,bus_stop,platform,,,unofficial
10875026925,5.3577434,-4.0631416,Machine,bus_stop,platform,,,unofficial
10910005863,5.3852350,-3.9930023,Opera,bus_stop,platform,,no,unofficial
11009848905,5.3100701,-4.0147992,Terminus Marché TREICHVILLE,bus_stop,platform,,,
11097057905,5.3102531,-4.0150712,Terminus Marché Treichville,bus_stop,platform,,,
11417460354,5.3018555,-4.0847160,Gare Lagunaire AZITO STL,,platform,,,
11982106670,5.3921897,-4.0108452,Terminus Wôrô-wôrô,bus_stop,platform,,,
12729631495,5.4035813,-3.9840366,Gare Terminus 81,bus_stop,platform,,no,
12800189302,5.3106111,-4.0144220,Terminus 67 marché de treichville,bus_stop,,,,
13790130701,5.2546022,-3.9392236,EPP aéroport,bus_stop,platform,,,
