@id	@lat	@lon	name	highway	public_transport	operator	shelter	official_status
768587345	5.3164002	-4.0892201	Terminus 27 Niangon Sud à Gauche	bus_stop	platform	SOTRA	no	official
768587373	5.3198813	-4.0803926	Pharmacie St Martin	bus_stop	platform	SOTRA		official
2460519991	5.3423405	-4.0732826	Terminus Saint André	bus_stop	platform	SOTRA	yes	official
2948146673	5.3396167	-4.0832298	Terminus 47 Yopougon Attié	bus_stop	platform	SOTRA	no	official
3067761599	5.3396157	-4.0912463	Carrefour Obama	bus_stop	platform	SOTRA		official
3067766555	5.3400523	-4.0973501	Mosquée du Maroc	bus_stop	platform	SOTRA		official
3075945505	5.3423254	-4.0738295	Paroisse St André	bus_stop	platform	SOTRA	no	official
3137208051	5.3427541	-4.0668084	Mairie Selmer	bus_stop	platform	SOTRA		official
3137217828	5.3436761	-4.0709484	Lycée Williams Ponty	bus_stop	platform	SOTRA	no	official
3137243386	5.3446768	-4.0679411	Mairie Selmer Yopougon	bus_stop	platform	Sotra	no	official
3666057101	5.3470567	-4.0884501	Pharmacie Port-Bouët 2	bus_stop	platform	SOTRA		official
3950172145	5.3493487	-4.0734515	Figayo	bus_stop	platform	SOTRA		official
4411562346	5.3296306	-4.0613730	Terminus Phalènes	bus_stop	platform	SOTRA		official
4819697544	5.3159469	-4.0896320	Gare Azito	bus_stop	platform			
5281604034	5.3437686	-4.0711802	Lycée Williams Ponty	bus_stop	platform	SOTRA	no	official
5390465849	5.3078259	-4.0374018	Gare lagunaire Aqualines Yopougon		platform			
5739489700	5.3415108	-4.0623610	Complexe sportif Yopougon	bus_stop	platform	SOTRA		official
5927302128	5.3493427	-4.0732080	Figayo	bus_stop	platform	SOTRA		official
5934409413	5.3419853	-4.1003725	Banque Atlantique	bus_stop	platform	SOTRA		official
5936892363	5.3672637	-4.1023177	Terminus Gesco	bus_stop	platform	SOTRA		official
6909225529	5.3618800	-4.0724972	Carrefour Marché Andokoi	bus_stop	platform	SOTRA		official
6909225530	5.3647534	-4.0745652	Epp Konaté Yopougon	bus_stop	platform	SOTRA		official
6909225533	5.3727101	-4.0961792	Darling	bus_stop	platform	SOTRA		official
6909225534	5.3742257	-4.0895635	Sonaco	bus_stop	platform	SOTRA		official
6909225535	5.3727220	-4.0867558	Nestle Yopougon	bus_stop	platform	SOTRA		official
6909225536	5.3745633	-4.0781781	Arrêt 1er Carrefour	bus_stop	platform	SOTRA	no	official
6909225537	5.3703700	-4.0796829	Carrefour Zone	bus_stop	platform	SOTRA		official
6909225538	5.3688806	-4.0795353	SGBCI Carrefour Zone Industrielle	bus_stop	platform	SOTRA		official
6909225539	5.3670367	-4.0761986	Arrêt Departement Reseau Bus Yopougon	bus_stop	platform	SOTRA		official
6909225541	5.3612471	-4.0702482	Station Total Andokoua	bus_stop	platform	SOTRA		official
6909225542	5.3623019	-4.0678704	Lycée Andokoua	bus_stop	platform	SOTRA		official
6909225543	5.3615148	-4.0667894	Ivoire Couture	bus_stop	platform	SOTRA		official
6909430718	5.3765208	-4.0941580	Carrefour MICAO	bus_stop	platform	SOTRA		official
6909430721	5.3621938	-4.0678369	Lycée Andokoua	bus_stop	platform	SOTRA		official
6909430722	5.3607938	-4.0710622	Station Total Andokoua	bus_stop	platform	SOTRA		official
6909430723	5.3626998	-4.0736921	Carrefour Marché Andokoi	bus_stop	platform	SOTRA		official
6909430724	5.3654090	-4.0742996	Epp Konaté Yopougon	bus_stop	platform	SOTRA		official
6909430725	5.3670700	-4.0764347	Arrêt Departement Reseau Bus Yopougon	bus_stop	platform	SOTRA		official
6909430727	5.3687658	-4.0795434	SGBCI Carrefour Zone Industrielle	bus_stop	platform	SOTRA		official
6909430728	5.3699698	-4.0819788	Arrêt Bernabe	bus_stop	platform	SOTRA		official
6909430729	5.3740098	-4.0895102	Sonaco	bus_stop	platform	SOTRA		official
6909430730	5.3741528	-4.0958456	Terminus MICAO	bus_stop	platform	SOTRA		official
6909707221	5.3226268	-4.1045114	Terminus 39 NSD	bus_stop	platform	SOTRA		official
6909707223	5.3233626	-4.1057358	EPP Laurier 2	bus_stop	platform	SOTRA		official
6909707224	5.3254632	-4.1060202	Saint Chamel	bus_stop	platform			unofficial
6909707225	5.3309892	-4.1037831	Station Shell Niangon Nord	bus_stop	platform	SOTRA		official
6909707226	5.3338915	-4.1029765	SIB Maroc	bus_stop	platform	SOTRA		official
6909707227	5.3358784	-4.1014047	Carrefour ANADOR	bus_stop	platform	SOTRA		official
6909707228	5.3404237	-4.1004632	Pharmacie Cité Maroc	bus_stop	platform	SOTRA		official
6909707229	5.3401182	-4.0892501	Arrêt de bus cité CIE	bus_stop	platform	SOTRA		official
6909707230	5.3462519	-4.0892687	Carrefour Niangon	bus_stop	platform	SOTRA		official
6909707232	5.3544963	-4.0875030	Ancienne Mosquée PB2	bus_stop	platform	SOTRA		official
6909707233	5.3561104	-4.0851103	Station Shell Carrefour Zone	bus_stop	platform	SOTRA	yes	official
6909707234	5.3604209	-4.0850901	Cité BAE	bus_stop	platform	SOTRA	yes	official
6909812228	5.3572641	-4.0849641	Terminus 77 Carrefour Zone	bus_stop	platform	SOTRA	no	official
6909812229	5.3552565	-4.0867444	Pharmacie Divine Grace PB2	bus_stop	platform	SOTRA		official
6909812230	5.3469666	-4.0880983	Arrêt Koudouss	bus_stop	platform	SOTRA		official
6909812232	5.3400138	-4.0974297	Mosquée du Maroc	bus_stop	platform	SOTRA		official
6909812233	5.3401836	-4.1004172	Pharmacie Cité Maroc	bus_stop	platform	SOTRA		official
6909812234	5.3358610	-4.1013081	Carrefour ANADOR	bus_stop	platform	SOTRA		official
6909812235	5.3305692	-4.1037999	Station Shell Niangon Nord	bus_stop	platform	SOTRA		official
6909812237	5.3256900	-4.1058531	Groupe Scolaire St Chalmel	bus_stop	platform	SOTRA		official
6909923471	5.3568101	-4.0739979	Sicomex Yopougon	bus_stop	platform	SOTRA		official
6909923472	5.3538004	-4.0740046	Ex Cinéma Kabadougou	bus_stop	platform	SOTRA		official
6909923473	5.3451355	-4.0732384	Ex Cinéma Dialogue	bus_stop	platform	SOTRA	yes	official
6909923474	5.3388868	-4.0732871	16e Arrondissement	bus_stop	platform	SOTRA	yes	official
6909923475	5.3326109	-4.0733247	Ex Cinéma Saguidiba	bus_stop	platform	SOTRA	yes	official
6909923477	5.3297734	-4.0735526	Gare Yopougon Kouté	bus_stop	platform	SOTRA	yes	official
6910224902	5.3297134	-4.0738578	Gare Yopougon Kouté	bus_stop	platform	SOTRA	yes	official
6910224905	5.3315587	-4.0735191	Ex Cinéma Saguidiba	bus_stop	platform	SOTRA	yes	official
6910224906	5.3344863	-4.0734252	CITELCOM	bus_stop	platform	SOTRA	yes	official
6910224907	5.3388340	-4.0734096	16e Arrondissement	bus_stop	platform	SOTRA	yes	official
6910224908	5.3418778	-4.0734078	Yopougon St André	bus_stop	platform	SOTRA	yes	official
6910224909	5.3456660	-4.0734038	Ex Cinéma Dialogue	bus_stop	platform	SOTRA	yes	official
6910224910	5.3540881	-4.0741881	Ex Cinéma Kabadougou	bus_stop	platform	SOTRA	yes	official
6910224911	5.3566819	-4.0741772	Sicomex Yopougon	bus_stop	platform	SOTRA		official
6910703473	5.3509550	-4.0632851	Institut des Aveugles	bus_stop	platform	SOTRA		official
6910703474	5.3476916	-4.0632758	Bel Air	bus_stop	platform	SOTRA		official
6910703475	5.3418057	-4.0622364	Complexe sportif Yopougon	bus_stop	platform	SOTRA		official
6910703476	5.3380456	-4.0622136	Pharmacie Nouveau Quartier	bus_stop	platform	SOTRA		official
6910703477	5.3333961	-4.0621975	Clinique les Oliviers	bus_stop	platform	SOTRA		official
6910743309	5.3292749	-4.0613523	Phalènes	bus_stop	platform	SOTRA		official
6910743310	5.3338213	-4.0623685	Clinique les Oliviers	bus_stop	platform	SOTRA		official
6910743311	5.3375141	-4.0623477	Pharmacie Nouveau Quartier	bus_stop	platform	SOTRA		official
6910743312	5.3460439	-4.0634635	Bel Air	bus_stop	platform	SOTRA		official
6910743313	5.3556644	-4.0660062	3 Caféiers	bus_stop	platform	SOTRA		official
6910743314	5.3513983	-4.0634474	Institut des Aveugles	bus_stop	platform	SOTRA		official
6910755171	5.3237935	-4.0804727	Carrefour Akadjoba	bus_stop	platform	SOTRA		official
6910755172	5.3255979	-4.0764964	Marche Koute	bus_stop	platform			official
6910755173	5.3255738	-4.0718266	Paroisse St Laurent	bus_stop	platform			official
6910755174	5.3205090	-4.0802510	Pharmacie St Martin	bus_stop	platform	SOTRA		official
6910755176	5.3242746	-4.0667291	Arret Camp Militaire	bus_stop	platform			official
6910755177	5.3236042	-4.0615042	Johanesbourg 1	bus_stop	platform			official
6910755178	5.3236336	-4.0577316	Johanesbourg	bus_stop	platform	SOTRA		official
6910755179	5.3221811	-4.0535122	Carrefour Kowëit	bus_stop	platform	SOTRA		official
6910755180	5.3222275	-4.0507693	Mosquée Kowëit	bus_stop	platform	SOTRA		official
6910755181	5.3222395	-4.0464583	Cité Zadi Kessi	bus_stop	platform	SOTRA		official
6910755182	5.3198693	-4.0439746	Pharmacie Chenain	bus_stop	platform	SOTRA		official
6910755183	5.3171339	-4.0439826	Jerusalem	bus_stop	platform	SOTRA		official
6910794085	5.3095505	-4.0439558	Santé Village	bus_stop	platform	SOTRA		official
6912805207	5.3373258	-4.0765581	EPP SICOGI 3	bus_stop	platform	SOTRA	no	official
6912805208	5.3384020	-4.0753033	Patisserie SICOGI	bus_stop	platform	SOTRA	no	official
6912805209	5.3467361	-4.0652151	Arret Cine Cool Rue princesse	bus_stop	platform		no	official
6912805210	5.3408074	-4.0599957	Nouveau Quartier FRCI	bus_stop	platform	SOTRA	no	official
6912805211	5.3404419	-4.0585186	Marché Nouveau Quartier	bus_stop	platform	SOTRA	no	official
6912805212	5.3373205	-4.0549944	Pharmacie Sacré Cœur	bus_stop	platform	SOTRA	no	official
6912805213	5.3337105	-4.0550186	Poste Toit Rouge	bus_stop	platform	SOTRA	no	official
6913011677	5.3293875	-4.0734990	Gare Yopougon Kouté	bus_stop	platform		yes	
6913190444	5.3087112	-4.0437680	Santé Village	bus_stop	platform	SOTRA	no	official
6913190445	5.3166799	-4.0440879	Jerusalem	bus_stop	platform	SOTRA	no	official
6913190446	5.3208014	-4.0441167	Pharmacie Chenain	bus_stop	platform	SOTRA	no	official
6913190447	5.3221154	-4.0468311	Cité Zadi Kessi	bus_stop	platform	SOTRA	no	official
6913190452	5.3337753	-4.0550937	Poste Toit Rouge	bus_stop	platform	SOTRA	no	official
6913190453	5.3369773	-4.0550930	Pharmacie Sacré Cœur	bus_stop	platform	SOTRA	no	official
6913190454	5.3401473	-4.0585470	Marché Nouveau Quartier	bus_stop	platform	SOTRA	no	official
6913190455	5.3407362	-4.0608235	Nouveau Quartier FRCI	bus_stop	platform	SOTRA	no	official
6913190456	5.3466167	-4.0650474	Arret Cine Cool Rue princesse	bus_stop	platform		no	official
6913190457	5.3447353	-4.0678006	Mairie Selmer Yopougon	bus_stop	platform		no	official
6913190458	5.3395304	-4.0745628	Phamacie Wakouboué	bus_stop	platform	SOTRA	no	official
6913190459	5.3379928	-4.0751928	Patisserie SICOGI	bus_stop	platform	SOTRA	no	official
6913190460	5.3372574	-4.0770331	EPP SICOGI 3	bus_stop	platform	SOTRA	no	official
6913190461	5.3372711	-4.0806585	Terrain Sogefiha	bus_stop	platform	SOTRA	no	official
6913201898	5.3290163	-4.0757574	Carrefour Express	bus_stop	platform	SOTRA	no	official
6913201899	5.3243321	-4.0799808	Pharmacie Akadjoba	bus_stop	platform	SOTRA	no	official
6913201900	5.3239194	-4.0871836	Paroisse Saint Pierre	bus_stop	platform	SOTRA	no	official
6913201901	5.3233739	-4.0925668	Carrefour SODECI	bus_stop	platform	SOTRA	no	official
6913201902	5.3197171	-4.0944323	Marché Niangon Sud	bus_stop	platform	SOTRA	no	official
6913201903	5.3163701	-4.0947904	EPP Niangon Sud	bus_stop	platform	SOTRA	no	official
6913201904	5.3152544	-4.0928404	Cité Sicogi	bus_stop	platform	SOTRA	no	official
6913201907	5.3160664	-4.0900502	Shell Carrefour Azito	bus_stop	platform	SOTRA	no	official
6913201908	5.3152072	-4.0925927	Cité Sicogi	bus_stop	platform	SOTRA	no	official
6913201909	5.3172602	-4.0948509	EPP Niangon Sud	bus_stop	platform	SOTRA	no	official
6913201911	5.3233885	-4.0926667	Carrefour SODECI	bus_stop	platform	SOTRA	no	official
6913201912	5.3240967	-4.0869619	Paroisse Saint Pierre	bus_stop	platform	SOTRA	no	official
6913201914	5.3289331	-4.0761376	Cabine Bleue Palais	bus_stop	platform	SOTRA	no	official
6913857608	5.3557108	-4.0658826	3 Caféiers	bus_stop	platform	SOTRA		official
6913857611	5.3407344	-4.0646331	Station Total Selmer	bus_stop	platform	SOTRA	no	official
6913929664	5.3443401	-4.0375561	École de la Marine	bus_stop	platform	SOTRA	yes	official
6913929668	5.3445865	-4.0380731	École de la Marine	bus_stop	platform	SOTRA	yes	official
6913929669	5.3295615	-4.0737128	Gare Yopougon Kouté	bus_stop	platform	SOTRA	no	official
6919312942	5.3270854	-4.0923844	Texaco	bus_stop	platform		no	official
6919312945	5.3315793	-4.1099879	Cite Verte	bus_stop	platform		no	official
6919312946	5.3306787	-4.1058974	Paroisse St Matthieu	bus_stop	platform		no	official
6919312947	5.3296893	-4.1035223	BNI Lubafrique	bus_stop	platform		no	official
6919312948	5.3284241	-4.1005390	Ancien Terminus 044	bus_stop	platform		no	official
6919312949	5.3278005	-4.0976201	Paroisse Sainte Rita	bus_stop	platform		no	official
6919312950	5.3241547	-4.0812954	Laurent Mandjo	bus_stop	platform	SOTRA	no	official
6919327587	5.3221260	-4.0536520	Carrefour Kowëit	bus_stop	platform	SOTRA		official
6919327588	5.3235388	-4.0573213	Johanesbourg	bus_stop	platform	SOTRA		official
6919327589	5.3241224	-4.0669544	Carrefour Petit Toit Rouge	bus_stop	platform			official
6919327590	5.3251706	-4.0710314	Marche Koute	bus_stop	platform			official
6919327591	5.3254550	-4.0761933	Palais de Justice Yopougon	bus_stop	platform			official
6919327594	5.3264405	-4.0914322	Texaco	bus_stop	platform		no	official
6919327595	5.3277290	-4.0976496	Paroisse Sainte Rita	bus_stop	platform		no	official
6919327596	5.3283566	-4.1005786	Ancien Terminus 044	bus_stop	platform		no	official
6919327597	5.3295851	-4.1035169	BNI Lubafrique	bus_stop	platform		no	official
6919327598	5.3307695	-4.1063239	Paroisse St Matthieu	bus_stop	platform		no	official
6932152400	5.3266688	-4.0600764	Pharmacie Chigatha	bus_stop	platform	SOTRA	no	official
6932152402	5.3250076	-4.0598402	Terminus Ecole Gandhi	bus_stop	platform	SOTRA	no	official
6932152404	5.3253408	-4.0599193	Terminus Ecole Gandhi	bus_stop	platform	SOTRA	no	official
6933043352	5.3222604	-4.0623433	Terminus 37 Camp Militaire	bus_stop	platform	SOTRA		official
6933043354	5.3246012	-4.0599135	Terminus Ecole Gandhi	bus_stop	platform	SOTRA	no	official
6933043356	5.3300685	-4.0581514	Arrêt BAE	bus_stop	platform	SOTRA	no	official
6933043357	5.3314563	-4.0559341	Pharmacie Toit Rouge	bus_stop	platform	SOTRA	no	official
6933128807	5.3312516	-4.0560298	Pharmacie Toit Rouge	bus_stop	platform	SOTRA	no	official
6933128808	5.3299735	-4.0578547	Arrêt BAE	bus_stop	platform	SOTRA	no	official
6933128810	5.3222614	-4.0624208	Terminus 37 Camp Militaire	bus_stop	platform	SOTRA		official
6934648723	5.3892384	-4.0784530	MACA	bus_stop	platform	SOTRA	no	official
6934648724	5.3836466	-4.0757427	SODEFOR	bus_stop	platform	SOTRA	no	official
6934648725	5.3747704	-4.0773951	Arrêt 1er Carrefour 2	bus_stop	platform	SOTRA	no	official
6934648728	5.3838941	-4.0759718	SODEFOR	bus_stop	platform	SOTRA	no	official
6934648729	5.3890320	-4.0784458	MACA	bus_stop	platform	SOTRA	no	official
6934872150	5.3221427	-4.0507592	Terminus Mosquée Kowëit	bus_stop	platform	SOTRA		official
6934872151	5.3236560	-4.0802954	EPP Espoir des Mamans	bus_stop	platform	SOTRA		official
6944816371	5.3314425	-4.0768933	Pharmacie Lem	bus_stop	platform	SOTRA	no	official
6944816372	5.3305385	-4.0798317	EPP Sicogi 11	bus_stop	platform	SOTRA	no	official
6944816373	5.3272912	-4.0814191	Cité SGBCI Sideci	bus_stop	platform	SOTRA	no	official
6944934858	5.3274379	-4.0817052	Cité SGBCI Sideci	bus_stop	platform	SOTRA	no	official
6944934859	5.3301540	-4.0808120	EPP Sicogi 11	bus_stop	platform	SOTRA	no	official
6944934860	5.3314305	-4.0773064	Pharmacie Lem	bus_stop	platform	SOTRA	no	official
6961643501	5.3727621	-4.0930161	Arrêt Chocolat	bus_stop	platform	SOTRA		official
6963093974	5.3396466	-4.0858988	Terminus Amondji	bus_stop	platform	SOTRA	no	official
6963093975	5.3395998	-4.0810166	Eglise Baptiste	bus_stop	platform	SOTRA	no	official
6963093976	5.3382505	-4.0792436	Pont Vagabond	bus_stop	platform	SOTRA	no	official
6963093982	5.3395197	-4.0859069	Terminus Amondji	bus_stop	platform	SOTRA	no	official
6966758103	5.3609547	-4.0846449	Cité BAE	bus_stop	platform	SOTRA	yes	official
6966758104	5.3551851	-4.0882243	Station Shell Port-Bouët 2	bus_stop	platform	SOTRA	yes	official
6966758105	5.3550495	-4.0957527	Station Total Ananeraie	bus_stop	platform	SOTRA	yes	official
6966758107	5.3502259	-4.0993729	SGBCI	bus_stop	platform	SOTRA	yes	official
6966758108	5.3462622	-4.0997625	Arrêt PETROCI	bus_stop	platform	SOTRA	yes	official
6966758111	5.3288386	-4.1046154	Marché Niangon Nord	bus_stop	platform	SOTRA	yes	official
6966758113	5.3460138	-4.0999784	Arrêt PETROCI	bus_stop	platform	SOTRA	yes	official
6966758114	5.3500978	-4.0994869	SGBCI	bus_stop	platform	SOTRA	yes	official
6966758115	5.3525679	-4.0994742	Groupe Médical Promethee	bus_stop	platform	SOTRA	yes	official
6966758116	5.3545535	-4.0994856	Shell Carrefour Oasis	bus_stop	platform	SOTRA	yes	official
6966758117	5.3551971	-4.0918869	Eglise Protestante CEMA PB2	bus_stop	platform	SOTRA	yes	official
6968911556	5.3570551	-4.0851445	CHU de Yopougon	bus_stop	platform		no	official
6968911557	5.3698106	-4.0802360	Carrefour Zone	bus_stop	platform		no	official
6968911558	5.3746728	-4.0777087	Arrêt 1er Carrefour 2	bus_stop	platform	SOTRA	no	official
6969221529	5.3408063	-4.0650047	Station Total Selmer	bus_stop	platform	SOTRA	no	official
7025992286	5.3292373	-4.1043900	Marché Niangon Nord	bus_stop	platform	SOTRA		official
7043642288	5.3550970	-4.0949352	Station Total Ananeraie	bus_stop	platform	SOTRA	yes	official
7049258139	5.3672689	-4.1023077	Terminus Gesco	bus_stop	platform	SOTRA		official
7049258140	5.3659030	-4.0973914	Collège Roi David	bus_stop	platform	SOTRA	yes	official
7049258144	5.3580239	-4.0936315	Collège Mamie Adjoua	bus_stop	platform	SOTRA	yes	official
7049258145	5.3552799	-4.0886280	Station Shell Port-Bouët 2	bus_stop	platform	SOTRA	yes	official
7052366504	5.3519284	-4.0633898	Institut des aveugles	bus_stop	platform			unofficial
7052366505	5.3410046	-4.0622270	Complexe	bus_stop	platform			unofficial
7052366506	5.3381504	-4.0622612	Carrefour Bicici	bus_stop	platform			unofficial
7052366507	5.3342810	-4.0622150	Nouveau bureau	bus_stop	platform			unofficial
7052366509	5.3221769	-4.0542743	Yopougon Kowëit	bus_stop	platform			unofficial
7052366510	5.3221604	-4.0545300	Pharmacie Kowëit	bus_stop	platform			unofficial
7052366513	5.3287312	-4.0610944	Carrefour sapeur-pompier	bus_stop	platform			unofficial
7052366514	5.3322798	-4.0623638	China mall	bus_stop	platform			unofficial
7052366515	5.3353309	-4.0623249	Brésil	bus_stop	platform			unofficial
7052366516	5.3367390	-4.0623618	5 étoiles	bus_stop	platform			unofficial
7052366517	5.3386732	-4.0623524	Pharmacie Nouveau Quartier	bus_stop	platform			unofficial
7052366518	5.3402714	-4.0623437	Boulagerie T7 Blé	bus_stop	platform			unofficial
7052366519	5.3412890	-4.0623383	Complexe	bus_stop	platform			unofficial
7052366520	5.3437319	-4.0633670	Menuiserie	bus_stop	platform			unofficial
7052366521	5.3451185	-4.0634467	Centre Commercial	bus_stop	platform			unofficial
7052366522	5.3473357	-4.0634085	Bel Air	bus_stop	platform			unofficial
7052366523	5.3523751	-4.0636345	Institut des aveugles	bus_stop	platform			unofficial
7054787049	5.3547164	-4.0741669	Siporex après le feu	bus_stop	platform			unofficial
7054787050	5.3270494	-4.0769919	Yopougon Palais	bus_stop	platform			unofficial
7054787051	5.3308490	-4.0741280	Kouté Terminus 40	bus_stop	platform			unofficial
7054787052	5.3324467	-4.0734440	Saguidiba	bus_stop	platform			unofficial
7054787053	5.3339755	-4.0734476	Pharmacie de l'Antenne	bus_stop	platform			unofficial
7054787055	5.3383350	-4.0733823	16ème	bus_stop	platform			unofficial
7054787056	5.3400184	-4.0734105	Score	bus_stop	platform			unofficial
7054787057	5.3431871	-4.0734266	Saint André	bus_stop	platform			unofficial
7054787058	5.3461828	-4.0734024	Station OLA	bus_stop	platform			unofficial
7054787059	5.3468143	-4.0733783	Keneya	bus_stop	platform			unofficial
7054787060	5.3523409	-4.0740139	La Poste	bus_stop	platform			unofficial
7054787061	5.3560457	-4.0741513	Siporex	bus_stop	platform			unofficial
7054787062	5.3601442	-4.0731409	Pont piéton	bus_stop	platform			unofficial
7054787063	5.3609066	-4.0672085	1er Pont	bus_stop	platform			unofficial
7054787073	5.3561658	-4.0740167	Siporex après le feu	bus_stop	platform			unofficial
7054787074	5.3553287	-4.0739999	Siporex au feux	bus_stop	platform			unofficial
7054787076	5.3433827	-4.0732482	Saint André	bus_stop	platform			unofficial
7054787077	5.3340250	-4.0733018	Pharmacie de l'Antenne	bus_stop	platform			unofficial
7054787078	5.3323826	-4.0733193	Saguidiba	bus_stop	platform			unofficial
7054787079	5.3307989	-4.0740274	Kouté Terminus 40	bus_stop	platform			unofficial
7054787080	5.3270398	-4.0769119	Yopougon Palais	bus_stop	platform			unofficial
7054917910	5.3161184	-4.0900737	Terminus 27 Niangon Sud à Gauche	bus_stop	platform			unofficial
7054917911	5.3173936	-4.0886039	Collège Gloris	bus_stop	platform			unofficial
7054917912	5.3200176	-4.0887192	Carrefour Depôt	bus_stop	platform			unofficial
7054917913	5.3211312	-4.0882578	Carrefour Timotel	bus_stop	platform			unofficial
7054917914	5.3244175	-4.0804620	Akadjoba	bus_stop	platform			unofficial
7054917915	5.3487652	-4.0734239	Cosmos Yopougon	bus_stop	platform			unofficial
7054917916	5.3558587	-4.0715101	Carrefour Gabriel Gare	bus_stop	platform			unofficial
7054917917	5.3560583	-4.0670134	Sable	bus_stop	platform			unofficial
7054917918	5.3603942	-4.0669081	1er Pont	bus_stop	platform			unofficial
7054917922	5.3501558	-4.0732348	Figayo	bus_stop	platform			unofficial
7054917923	5.3465513	-4.0732516	Keneya	bus_stop	platform			unofficial
7054917924	5.3410193	-4.0732267	Ancien Lavage	bus_stop	platform			unofficial
7054917925	5.3210711	-4.0881318	Carrefour Timotel	bus_stop	platform			unofficial
7054917926	5.3163785	-4.0891969	Niangon Sud à Gauche	bus_stop	platform			unofficial
7055147054	5.3597930	-4.0716402	Pont piéton	bus_stop	platform			unofficial
7055147056	5.3294603	-4.0754168	Carrefour Express	bus_stop	platform			unofficial
7055147057	5.3261687	-4.0771763	Yopougon Palais	bus_stop	platform			unofficial
7055147058	5.3510244	-4.0734923	Figayo	bus_stop	platform			unofficial
7055147059	5.3557663	-4.0735668	Siporex	bus_stop	platform			unofficial
7055596703	5.3465580	-4.0632784	Bel Air	bus_stop	platform			unofficial
7055596704	5.3286918	-4.0609677	Carrefour sapeur-pompier	bus_stop	platform			unofficial
7055596705	5.3238006	-4.0595529	Carrefour Gandhi	bus_stop	platform			unofficial
7055596706	5.3197051	-4.0616222	Yopougon camp militaire - Pharmacacie Saint Laurent	bus_stop	platform			unofficial
7055596707	5.3196904	-4.0617268	Yopougon camp militaire - Pharmacacie Saint Laurent	bus_stop	platform			unofficial
7055596709	5.3210872	-4.0622967	Église catholique Sainte Marie Madeleine	bus_stop	platform			unofficial
7055596711	5.3289148	-4.0606928	Carrefour sapeur-pompier	bus_stop	platform			unofficial
7055596712	5.3305786	-4.0568438	B.A.E	bus_stop	platform			unofficial
7055596713	5.3345431	-4.0551029	Au 4ème Pont	bus_stop	platform			unofficial
7055596714	5.3378960	-4.0551084	Carrefour Lama Fofana	bus_stop	platform			unofficial
7055596715	5.3397387	-4.0576699	Carrefour Marché	bus_stop	platform			unofficial
7055596716	5.3405008	-4.0586644	Pharmacie les Béatitudes	bus_stop	platform			unofficial
7055596717	5.3417910	-4.0548255	Hôtel	bus_stop	platform			unofficial
7055596718	5.3415507	-4.0463094	Sibeco / Garage	bus_stop	platform			unofficial
7055596719	5.3527389	-4.0456362	1er Terrain	bus_stop	platform			unofficial
7055696176	5.3242799	-4.1065625	Carrefour Académie	bus_stop	platform			unofficial
7055696177	5.3269826	-4.1054173	Carrefour Super marché	bus_stop	platform			unofficial
7055696178	5.3297734	-4.1037490	Lubafrique	bus_stop	platform			unofficial
7055696179	5.3286611	-4.1010426	Ancien terminus	bus_stop	platform		yes	unofficial
7055696180	5.3278933	-4.0981660	Carrefour Marché	bus_stop	platform			unofficial
7055696181	5.3276115	-4.0966304	Église Sainte-Rita	bus_stop	platform			unofficial
7055696182	5.3270558	-4.0916616	Carrefour Texaco - Saguidiba	bus_stop	platform			unofficial
7055696183	5.3391843	-4.0892468	Pharmacie Roxanne	bus_stop	platform			unofficial
7055696184	5.3469666	-4.0892637	Carrefour Niangon	bus_stop	platform			unofficial
7055717185	5.3619681	-4.0844370	Carrefour B.A.E	bus_stop	platform			unofficial
7055717187	5.3648682	-4.0956353	Gesco BATIM	bus_stop	platform			unofficial
7055717190	5.3585245	-4.1012934	Rond-point de Gesco	bus_stop	platform		yes	unofficial
7055717191	5.3516218	-4.1038495	Pharmacie Alicia	bus_stop	platform			unofficial
7055717192	5.3509036	-4.0993904	Carrefour Sorbonne	bus_stop	platform			unofficial
7055717193	5.3438300	-4.1004029	Carrefour petit canari	bus_stop	platform		yes	unofficial
7055717194	5.3356127	-4.1014852	Carrefour Anador	bus_stop	platform			unofficial
7055717195	5.3300979	-4.1040306	Lubafrique	bus_stop	platform			unofficial
7055717196	5.3238157	-4.1066719	Carrefour Académie	bus_stop	platform			unofficial
7056274249	5.3563127	-4.0717535	Gabriel Gare	bus_stop	platform			unofficial
7056274250	5.3577741	-4.0741675	Sicomex	bus_stop	platform			unofficial
7056274251	5.3826599	-4.0947756	Micao	bus_stop	platform			unofficial
7056274253	5.3826332	-4.0946871	Micao	bus_stop	platform			unofficial
7056274254	5.3810256	-4.0955186	Pharmacie Micao	bus_stop	platform			unofficial
7056274255	5.3768899	-4.0946435	Carrefour Gargill	bus_stop	platform			unofficial
7056274256	5.3562386	-4.0717945	Gabriel Gare	bus_stop	platform			unofficial
7056730266	5.3192324	-4.0997296	Carrefour Lokoa	bus_stop	platform			unofficial
7056730267	5.3218770	-4.1035451	Carrefour Jatak	bus_stop	platform			unofficial
7056730268	5.3227109	-4.1047736	Carrefour Internat	bus_stop	platform			unofficial
7056730270	5.3291264	-4.1024521	Pharmacie Niangon Nord	bus_stop	platform			unofficial
7056730272	5.3355058	-4.0859498	Poubelle	bus_stop	platform			unofficial
7056730273	5.3396813	-4.0792899	Marché Sicogi / Pont Vagabond	bus_stop	platform			unofficial
7056730274	5.3467396	-4.0635762	Bel Air	bus_stop	platform			unofficial
7056730275	5.3447246	-4.0724006	Ecole William Ponty	bus_stop	platform			unofficial
7056730276	5.3466955	-4.0683250	Pharmacie Wassakara	bus_stop	platform			unofficial
7056730280	5.3395304	-4.0751439	Au Score	bus_stop	platform			unofficial
7056730281	5.3395324	-4.0778583	Marche de Sicogi	bus_stop	platform			unofficial
7056730282	5.3228090	-4.1047581	Carrefour Internat	bus_stop	platform			unofficial
7056730283	5.3192899	-4.0997248	Carrefour Lokoa	bus_stop	platform			unofficial
7057276359	5.3672735	-4.1022643	Gare Gesco	bus_stop	platform			unofficial
7057912884	5.3672691	-4.1023082	Gare Gesco	bus_stop	platform			unofficial
7057928785	5.3659041	-4.0976190	Grand Carrefour	bus_stop	platform			unofficial
7057928788	5.3585319	-4.0994108	Gesco Rond-Point	bus_stop	platform			unofficial
7057928789	5.3576374	-4.0931250	Cité Mamie Adjoua	bus_stop	platform			unofficial
7057928790	5.3559988	-4.0910404	Station Shell du CHU	bus_stop	platform			unofficial
7057928791	5.3552570	-4.0893689	Carrefour CHU	bus_stop	platform			unofficial
7057928792	5.3553702	-4.0845871	Carrefour Zone	bus_stop	platform			unofficial
7057928793	5.3555598	-4.0792026	Carrefour Marché Siporex	bus_stop	platform			unofficial
7057928794	5.3556818	-4.0756477	Marché Siporex	bus_stop	platform			unofficial
7057928795	5.3560180	-4.0684660	Pharmacie Paloma	bus_stop	platform			unofficial
7057928796	5.3566512	-4.0657169	SANgel Yopougon	bus_stop	platform			unofficial
7057928797	5.3575070	-4.0526099	Garage Massa	bus_stop	platform			unofficial
7066312418	5.3697005	-4.0800511	Carrefour Zone	bus_stop	platform		no	unofficial
7066312420	5.3695567	-4.0803618	Carrefour Zone	bus_stop	platform		no	unofficial
7066312421	5.3744804	-4.0777900	1er Carrefour	bus_stop	platform		no	unofficial
7066312422	5.3889235	-4.0783838	MACA	bus_stop	platform		no	unofficial
7068199655	5.3423365	-4.1004713	Banque Atlantique	bus_stop	platform	SOTRA		official
7071584250	5.3190808	-4.0803581	Yopougon IGES	bus_stop	platform			unofficial
7071584251	5.3290737	-4.0759130	Cabine Bleue	bus_stop	platform			unofficial
7071584252	5.3454457	-4.0733944	Dialogue	bus_stop	platform			unofficial
7071584253	5.3532984	-4.0741897	Kabadougou	bus_stop	platform			unofficial
7071584254	5.3598000	-4.0678546	Motar	bus_stop	platform			unofficial
7071584256	5.3574483	-4.0739858	Sicomex	bus_stop	platform			unofficial
7071584257	5.3533185	-4.0740462	Kabadougou	bus_stop	platform			unofficial
7071584258	5.3521848	-4.0737994	La Poste	bus_stop	platform			unofficial
7071584259	5.3454484	-4.0732348	Dialogue	bus_stop	platform			unofficial
7071584260	5.3438661	-4.0732549	William-Ponty	bus_stop	platform			unofficial
7071584263	5.3380482	-4.0732938	16ème	bus_stop	platform			unofficial
7071584264	5.3190728	-4.0802675	Yopougon IGES	bus_stop	platform			unofficial
7076835390	5.3166085	-4.0889874	Niangon Sud à Gauche	bus_stop	platform			unofficial
7076835391	5.3228805	-4.0877382	Église des Assemblés de Dieu de Niangon-Sud	bus_stop	platform			unofficial
7076835392	5.3249396	-4.0787803	Marché	bus_stop	platform			unofficial
7076835393	5.3415093	-4.0734118	Ancien Lavage	bus_stop	platform			unofficial
7076835397	5.3484186	-4.0732647	Cosmos Yopougon	bus_stop	platform			unofficial
7076835398	5.3266060	-4.0917099	Carrefour Texaco - Saguidiba	bus_stop	platform			unofficial
7076835399	5.3158780	-4.0949781	Centre Social	bus_stop	platform			unofficial
7076873474	5.3653489	-4.0934305	Église Évangélique la Victoire Gesco	bus_stop	platform			unofficial
7076873475	5.3551016	-4.1025641	Carrefour Ananeraie	bus_stop	platform			unofficial
7076873476	5.3534339	-4.1031395	Bonikro 1er	bus_stop	platform			unofficial
7076873477	5.3443912	-4.1074932	2ème	bus_stop	platform			unofficial
7076873478	5.3404104	-4.1097672	Yopougon marché Bagnon	bus_stop	platform			unofficial
7076873480	5.3442292	-4.1077065	2ème	bus_stop	platform			unofficial
7076873481	5.3425646	-4.1086396	Moayé	bus_stop	platform			unofficial
7076873482	5.3404397	-4.1098228	Yopougon marché Bagnon	bus_stop	platform			unofficial
7076873484	5.3483409	-4.1053376	Arouna Koné	bus_stop	platform			unofficial
7076942285	5.3539965	-4.1030616	Cité Nawa	bus_stop	platform			unofficial
7076942286	5.3585686	-4.1014342	Rond-point de Gesco	bus_stop	platform		yes	unofficial
7076942288	5.3650284	-4.0958444	Gesco BATIM	bus_stop	platform			unofficial
7076942289	5.3668524	-4.0971507	Fourrière	bus_stop	platform			unofficial
7076942290	5.3634943	-4.0823543	En bas du Pont	bus_stop	platform			unofficial
7076942291	5.3623946	-4.0803605	Uniwax	bus_stop	platform			unofficial
7078451669	5.3272386	-4.0927203	Bracodi	bus_stop	platform			unofficial
7078451670	5.3309578	-4.0908596	Station Shell	bus_stop	platform			unofficial
7078451671	5.3355299	-4.0894528	Bon Prix	bus_stop	platform			unofficial
7078451672	5.3354911	-4.0874378	Carrefour Canal	bus_stop	platform			unofficial
7078451673	5.3423158	-4.0768088	École	bus_stop	platform			unofficial
7078451674	5.3564776	-4.0665106	Sable	bus_stop	platform			unofficial
7078451675	5.3583062	-4.0669021	Première Station	bus_stop	platform			unofficial
7078451679	5.3393334	-4.0792798	Sicogi	bus_stop	platform			unofficial
7078451680	5.3269759	-4.0916267	Carrefour Texaco - Saguidiba	bus_stop	platform			unofficial
7078451681	5.3269512	-4.1053193	Carrefour Super marché	bus_stop	platform			unofficial
7079601690	5.3593995	-4.0656745	1er Pont	bus_stop	platform			unofficial
7079601691	5.3600535	-4.0749877	Siporex	bus_stop	platform			unofficial
7079601692	5.3647662	-4.0851595	Carrefour BAE	bus_stop	platform			unofficial
7079601693	5.3659980	-4.0898102	Yoplait	bus_stop	platform			unofficial
7079601694	5.3660404	-4.0955651	Bon Prix	bus_stop	platform			unofficial
7082416533	5.3582975	-4.0662497	1er Pont	bus_stop	platform			unofficial
7082416535	5.3471802	-4.0632664	Bel Air - Station Shell	bus_stop	platform			unofficial
7082416536	5.3331731	-4.0622297	Clinique les Oliviers	bus_stop	platform			unofficial
7082416538	5.3235975	-4.0582030	Ivoire Boutique Superette	bus_stop	platform			unofficial
7082416539	5.3222509	-4.0547088	Yopougon Kowëit	bus_stop	platform			unofficial
7082416540	5.3235281	-4.0569470	Ancienne Boulangerie	bus_stop	platform			unofficial
7082416541	5.3235115	-4.0594818	Carrefour Gandhi	bus_stop	platform			unofficial
7082416542	5.3382425	-4.0623269	Carrefour Bicici	bus_stop	platform			unofficial
7082416543	5.3516201	-4.0634710	Afriquia	bus_stop	platform			unofficial
7082468461	5.3621697	-4.0804191	Uniwax	bus_stop	platform			unofficial
7082468462	5.3632192	-4.0823784	En bas du Pont	bus_stop	platform			unofficial
7082468463	5.3511355	-4.1037675	Station Pétro Ivoire	bus_stop	platform			unofficial
7082468464	5.3511513	-4.1011566	SODECI	bus_stop	platform			unofficial
7082468466	5.3470734	-4.0993810	Carrefour Véritas	bus_stop	platform			unofficial
7082468467	5.3428005	-4.1003653	Resto chawamar pizza café	bus_stop	platform			unofficial
7082468468	5.3412710	-4.1003828	Carrefour Antenne	bus_stop	platform			unofficial
7082468470	5.3340530	-4.1027311	Société Ivoirienne de Banque	bus_stop	platform			unofficial
7082468471	5.3329928	-4.1032246	Pharmacie Maty	bus_stop	platform			unofficial
7082468472	5.3304224	-4.1039863	Lubafrique	bus_stop	platform			unofficial
7082468474	5.3328940	-4.1033627	Pharmacie Maty	bus_stop	platform			unofficial
7082468475	5.3355406	-4.1016743	Carrefour Anador	bus_stop	platform			unofficial
7082468476	5.3370835	-4.1005511	Maquis Ivoire	bus_stop	platform			unofficial
7082468477	5.3401753	-4.1004807	Pharmacie Cité Maroc	bus_stop	platform			unofficial
7082468478	5.3414439	-4.1004505	Carrefour Antenne	bus_stop	platform			unofficial
7082468479	5.3426857	-4.1004793	Resto chawamar pizza café	bus_stop	platform			unofficial
7082468480	5.3445200	-4.1004880	Carrefour Tiken Jah	bus_stop	platform			unofficial
7082468481	5.3469438	-4.0995016	Carrefour Véritas	bus_stop	platform			unofficial
7082468482	5.3509103	-4.0994455	Carrefour Sorbonne	bus_stop	platform			unofficial
7082468483	5.3510995	-4.1000053	SODECI	bus_stop	platform			unofficial
7082468484	5.3510954	-4.1037981	Station Pétro Ivoire	bus_stop	platform			unofficial
7082486685	5.3514410	-4.1040212	Pharmacie Alicia	bus_stop	platform			unofficial
7082486688	5.3658523	-4.0955642	Bon Prix	bus_stop	platform			unofficial
7082486689	5.3655906	-4.0862945	Après le 3ème Pont	bus_stop	platform			unofficial
7082486690	5.3662288	-4.0905055	Station Total	bus_stop	platform			unofficial
7083218790	5.3578956	-4.0451843	Carrefour Policier	bus_stop	platform			unofficial
7083218791	5.3528450	-4.0454954	1er Terrain	bus_stop	platform			unofficial
7083218792	5.3511353	-4.0453331	Depôt	bus_stop	platform			unofficial
7083218793	5.3495717	-4.0453640	Maquis	bus_stop	platform			unofficial
7083218794	5.3409202	-4.0467319	Mossikro	bus_stop	platform			unofficial
7083218795	5.3403169	-4.0479054	Pharmacie Notre Dame des Victoires	bus_stop	platform			unofficial
7083218796	5.3401850	-4.0495760	Dinamori Boutique	bus_stop	platform			unofficial
7083218797	5.3417076	-4.0548382	Hôtel	bus_stop	platform			unofficial
7083218798	5.3426750	-4.0594751	Au Tournant	bus_stop	platform			unofficial
7083218799	5.3407255	-4.0586637	Pharmacie les Béatitudes	bus_stop	platform			unofficial
7083218800	5.3398362	-4.0575117	Carrefour Marché	bus_stop	platform			unofficial
7083218801	5.3314746	-4.0519327	Offoumou Yapo	bus_stop	platform			unofficial
7083218802	5.3292033	-4.0496481	Collège Jeunnes Filles Singa	bus_stop	platform			unofficial
7083218805	5.3283693	-4.0495858	Boissy	bus_stop	platform			unofficial
7083218806	5.3268618	-4.0522599	Carrefour Gnawa	bus_stop	platform			unofficial
7083218807	5.3271455	-4.0552251	Gendarmerie	bus_stop	platform			unofficial
7083218808	5.3290977	-4.0561411	Caféier	bus_stop	platform			unofficial
7083218809	5.3333400	-4.0550990	La Poste	bus_stop	platform			unofficial
7083218810	5.3425227	-4.0601127	Au Tournant	bus_stop	platform			unofficial
7083218811	5.3426803	-4.0574493	Supermarché	bus_stop	platform			unofficial
7083218812	5.3423412	-4.0564294	Chantier	bus_stop	platform			unofficial
7083218813	5.3410727	-4.0530834	Collège Jean Baptiste de la Salle 2	bus_stop	platform			unofficial
7083218814	5.3402220	-4.0495240	Dinamori Boutique	bus_stop	platform			unofficial
7083218815	5.3469228	-4.0453191	Cirocco	bus_stop	platform			unofficial
7084919708	5.3422130	-4.0563664	Chantier	bus_stop	platform			unofficial
7084919709	5.3318044	-4.0554665	Pharmacie Toits-Rouges	bus_stop	platform			unofficial
7084919710	5.3311274	-4.0561685	FSUCOM toît rouge	bus_stop	platform			
7084919711	5.3222943	-4.0624268	Terminus 37 Camp Militaire	bus_stop	platform			
7084919712	5.3317216	-4.0556503	Pharmacie Toits-Rouges	bus_stop	platform			unofficial
7084919714	5.3493727	-4.0454672	Maquis	bus_stop	platform			unofficial
7084943041	5.3242033	-4.0803718	Akadjoba	bus_stop	platform			unofficial
7084943042	5.3239361	-4.0857339	Garage	bus_stop	platform			unofficial
7084943043	5.3218056	-4.0878019	Timotel	bus_stop	platform			unofficial
7084943044	5.3176327	-4.0883571	Collège Gloris	bus_stop	platform			unofficial
7084943045	5.3159962	-4.0902976	Terminus 27 Niangon Sud à Gauche	bus_stop	platform			unofficial
7084943047	5.3175690	-4.0947580	Carrefour à gauche	bus_stop	platform			unofficial
7084943048	5.3219979	-4.0932548	Pharmacie Beyniouah	bus_stop	platform			unofficial
7084943049	5.3246304	-4.0926708	SODECI	bus_stop	platform			unofficial
7084943050	5.3254703	-4.0924869	Carrefour Bar Éclat	bus_stop	platform			unofficial
7084943051	5.3276462	-4.0913665	Super marché moins cher	bus_stop	platform			unofficial
7084943052	5.3290717	-4.0908273	Carrefour Menuiserie	bus_stop	platform			unofficial
7084943053	5.3351782	-4.0909012	Station Pétro Ivoire	bus_stop	platform			unofficial
7084943054	5.3356153	-4.0838134	Magasin	bus_stop	platform			unofficial
7084943055	5.3394637	-4.0838000	Carrefour Terminus 47	bus_stop	platform			unofficial
7084943056	5.3423185	-4.0804312	Pharmacie des 3 Ponts	bus_stop	platform			unofficial
7085152205	5.3511772	-4.0996081	Carrefour Sorbonne	bus_stop	platform			unofficial
7085152206	5.3446897	-4.1004079	Carrefour Tiken Jah	bus_stop	platform			unofficial
7085152207	5.3422618	-4.1003833	Banque Atlantique	bus_stop	platform			unofficial
7085152208	5.3369876	-4.1004606	Maquis Ivoire	bus_stop	platform			unofficial
7085152209	5.3282465	-4.1048736	Station First Petroleum	bus_stop	platform			unofficial
7085152210	5.3551229	-4.1026352	Carrefour Ananeraie	bus_stop	platform			unofficial
7085185967	5.3354311	-4.0838188	Magasin	bus_stop	platform			unofficial
7843927985	5.3557302	-4.0745615	Siporex - Gare SBTA	bus_stop	platform			unofficial
7843927986	5.3467175	-4.0722625	Poisson d’Afrique	bus_stop	platform			unofficial
7843927987	5.3556865	-4.0745444	Siporex - Pharmacie	bus_stop	platform			unofficial
7843928085	5.3306520	-4.0473904	Toit Rouge Jean-Paul 2	bus_stop	platform			unofficial
7843928086	5.3288320	-4.0491566	Collège Jeunnes Filles Singa	bus_stop	platform			unofficial
7843928185	5.3306046	-4.0473468	Toit Rouge Jean-Paul 2	bus_stop	platform			unofficial
7843928285	5.3309398	-4.0515082	Auchan	bus_stop	platform			unofficial
7843928385	5.3317363	-4.0523297	Offoumou Yapo	bus_stop	platform			unofficial
7844053285	5.3366368	-4.0622411	5 étoiles	bus_stop	platform			unofficial
7844053286	5.3221935	-4.0540805	Carrefour Koweit	bus_stop	platform			unofficial
7844054485	5.3221434	-4.0540886	Carrefour Koweit	bus_stop	platform			unofficial
7847553385	5.3557098	-4.0735976	Siporex	bus_stop	platform			unofficial
7847553386	5.3690635	-4.0806779	Carrefour Zone	bus_stop	platform			unofficial
7847553387	5.3559923	-4.0732898	Siporex	bus_stop	platform			unofficial
7847553485	5.3691797	-4.0801911	Carrefour Zone	bus_stop	platform			unofficial
7847553585	5.3618693	-4.0688038	Mosquée	bus_stop	platform			unofficial
7855287155	5.3283115	-4.0611394	Carrefour sapeur-pompier	bus_stop	platform			unofficial
7855287156	5.3278994	-4.0627540	Cité Gem2	bus_stop	platform			unofficial
7855287157	5.3256788	-4.0623867	Marché	bus_stop	platform			unofficial
7855287158	5.3246178	-4.0623360	Carrefour Hôtel Lagunaire	bus_stop	platform			unofficial
7855287159	5.3223027	-4.0623353	Terminus 37 Camp Militaire	bus_stop	platform			unofficial
7855287160	5.3189849	-4.0615875	Yopougon camp militaire - King Cash	bus_stop	platform			unofficial
7855287161	5.3247987	-4.0624180	Carrefour Hôtel Lagunaire	bus_stop	platform			unofficial
7855287162	5.3233680	-4.0624285	Carrefour Camp militaire	bus_stop	platform			unofficial
7855287164	5.3189860	-4.0616871	Yopougon camp militaire - King Cash	bus_stop	platform			unofficial
7855287166	5.3283527	-4.0611894	Carrefour sapeur-pompier	bus_stop	platform			unofficial
7855330728	5.3289869	-4.0709496	Carrefour	bus_stop	platform			unofficial
7855330729	5.3281345	-4.0654311	CNPS	bus_stop	platform			unofficial
7855330730	5.3302866	-4.0741618	Kouté Terminus 40	bus_stop	platform			unofficial
7855330732	5.3303458	-4.0741175	Kouté Terminus 40	bus_stop	platform			unofficial
7855330733	5.3290522	-4.0693829	Carrefour Kouté	bus_stop	platform			unofficial
7855330734	5.3282352	-4.0657525	CNPS	bus_stop	platform			unofficial
7855330735	5.3280605	-4.0631877	Pharmacie Nankoko	bus_stop	platform			unofficial
7866306285	5.3563634	-4.0725998	Gabriel Gare	bus_stop	platform			unofficial
7866306685	5.3563969	-4.0726025	Gabriel Gare	bus_stop	platform			unofficial
7866467385	5.3437542	-4.0692453	Lavage le Sticker	bus_stop	platform			unofficial
7866467486	5.3555510	-4.0745620	Siporex - Pharmacie	bus_stop	platform			unofficial
7869419886	5.3409377	-4.0466524	Mossikro	bus_stop	platform			unofficial
7869419985	5.3466995	-4.0677269	Ô Blé Doré	bus_stop	platform			unofficial
7869420085	5.3466788	-4.0655751	Ciné Cool	bus_stop	platform			unofficial
7869420086	5.3466344	-4.0661276	Café Jackpot	bus_stop	platform			unofficial
7869420285	5.3509890	-4.0687424	carrefour Marché Wassakara	bus_stop	platform			unofficial
7873450686	5.3404965	-4.0622572	Complexe	bus_stop	platform			unofficial
7873450785	5.3357048	-4.0622424	Brésil	bus_stop	platform			unofficial
7873450786	5.3332265	-4.0623491	Pharmacie Laoulo	bus_stop	platform			unofficial
7875553955	5.3408149	-4.0730457	Ancien Lavage	bus_stop	platform			unofficial
7875553956	5.3408336	-4.0680018	Carrefour marché de Selmer	bus_stop	platform			unofficial
7875553957	5.3408219	-4.0625083	Complexe	bus_stop	platform			unofficial
7875553958	5.3378940	-4.0550119	Carrefour Lama Fofana	bus_stop	platform			unofficial
7875553959	5.3407428	-4.0667083	Coopec Selmer	bus_stop	platform			unofficial
7875553960	5.3407328	-4.0730511	Ancien Lavage	bus_stop	platform			unofficial
7875631029	5.3408000	-4.0657982	Espace Karamel	bus_stop	platform			unofficial
7875631032	5.3407215	-4.0677845	Carrefour marché de Selmer	bus_stop	platform			unofficial
7876023212	5.3389696	-4.0621626	Picasso	bus_stop	platform			unofficial
7876023214	5.3312476	-4.0620419	Collège Sôna	bus_stop	platform			unofficial
7876023217	5.3312196	-4.0621828	Collège Sôna	bus_stop	platform			unofficial
7876057936	5.3254540	-4.0769248	Rond-point du Palais de justice	bus_stop	platform			unofficial
7876057937	5.3260553	-4.0739022	Carrefour Lycée	bus_stop	platform			unofficial
7876057940	5.3264337	-4.0599683	Passeport	bus_stop	platform			unofficial
7876057941	5.3251856	-4.0770448	Rond-point du Palais de justice	bus_stop	platform			unofficial
7876367205	5.3324640	-4.0670992	Carrefour Asanvon	bus_stop	platform			unofficial
7876367206	5.3321289	-4.0731530	Saguidiba	bus_stop	platform			unofficial
7876367208	5.3322464	-4.0731516	Saguidiba	bus_stop	platform			unofficial
7876367209	5.3324186	-4.0686053	Carrefour Lonaci	bus_stop	platform			unofficial
7876367210	5.3321916	-4.0654081	Harmonie	bus_stop	platform			unofficial
7876448804	5.3236844	-4.0603106	Carrefour Gandhi	bus_stop	platform			unofficial
7876448805	5.3096260	-4.0439772	carrefour Santé Village	bus_stop	platform			unofficial
7876448808	5.3078359	-4.0385008	Marché Abobo Doumé	bus_stop	platform			unofficial
7876580786	5.3466294	-4.0604427	Carrefour Pitch	bus_stop	platform			unofficial
7876580885	5.3466064	-4.0593580	Ancien Bel Air	bus_stop	platform			unofficial
7876632886	5.3474352	-4.0571120	Carrefour Gecos-Formation	bus_stop	platform			unofficial
7876632887	5.3482564	-4.0504588	Millionnaire Antenne	bus_stop	platform			unofficial
7876632985	5.3467262	-4.0629204	Bel Air	bus_stop	platform			unofficial
7876633085	5.3467182	-4.0604380	Carrefour Pitch	bus_stop	platform			unofficial
7876633086	5.3473044	-4.0570879	Carrefour Gecos-Formation	bus_stop	platform			unofficial
7876633185	5.3481897	-4.0505487	Millionnaire Antenne	bus_stop	platform			unofficial
7878290488	5.3308723	-4.0637840	Carrefour CFOMIS	bus_stop	platform			unofficial
7878315786	5.3323445	-4.0686475	Carrefour Lonaci	bus_stop	platform			unofficial
7878317585	5.3322643	-4.0724613	Carrefour Sicogi 10	bus_stop	platform			unofficial
7878317586	5.3324160	-4.0662792	Canaan	bus_stop	platform			unofficial
7878317785	5.3295183	-4.0635265	Carrefour Marché	bus_stop	platform			unofficial
7878317885	5.3321769	-4.0704614	Saint Mathias	bus_stop	platform			unofficial
7878348685	5.3251045	-4.0699256	Carrefour Saint Laurent	bus_stop	platform			unofficial
7878348686	5.3250637	-4.0707015	Carrefour Saint Laurent	bus_stop	platform			unofficial
7878348885	5.3235868	-4.0623282	Carrefour Camp militaire	bus_stop	platform			unofficial
7878384486	5.3260005	-4.0491989	Carrefour Sebgé	bus_stop	platform			unofficial
7878395385	5.3245723	-4.0496635	Carrefour le Boss	bus_stop	platform			unofficial
7878395585	5.3300959	-4.0467238	Immeuble Elite	bus_stop	platform			unofficial
7878395586	5.3276162	-4.0471885	Ciollège OSCAD	bus_stop	platform			unofficial
7878395785	5.3221388	-4.0540657	Carrefour Koweit	bus_stop	platform			unofficial
7878542186	5.3235689	-4.0565870	Boulagerie Blé Doré	bus_stop	platform			unofficial
7878542187	5.3233512	-4.0562242	Collège Saint Augustin	bus_stop	platform			unofficial
7881213785	5.3254203	-4.0701476	Carrefour Saint Laurent	bus_stop	platform			unofficial
7881213885	5.3284541	-4.0694314	Garage	bus_stop	platform			unofficial
7881213886	5.3288574	-4.0692852	Carrefour Kouté	bus_stop	platform			unofficial
7881343885	5.3407958	-4.0715762	Carrefour CP1	bus_stop	platform			unofficial
7881343886	5.3406921	-4.0625569	Complexe	bus_stop	platform			unofficial
7881344086	5.3407308	-4.0642869	Carrefour Complexe	bus_stop	platform			unofficial
7881452485	5.3466493	-4.0736678	Keneya	bus_stop	platform			unofficial
7881452486	5.3477820	-4.0761478	Marché Gouro	bus_stop	platform			unofficial
7881452487	5.3553044	-4.0793105	Nouveau Goudron	bus_stop	platform			unofficial
7881452686	5.3553026	-4.0793834	Nouveau Goudron	bus_stop	platform			unofficial
7881452786	5.3535344	-4.0793096	Pharmacie de l'Amitié	bus_stop	platform			unofficial
7881452787	5.3521277	-4.0792825	CDCI	bus_stop	platform			unofficial
7881452788	5.3466974	-4.0738378	Keneya	bus_stop	platform			unofficial
7881639185	5.3619334	-4.0667988	Gare CTE	bus_stop	platform			unofficial
7881639186	5.3687764	-4.0794294	Pharmacie La Délivrance	bus_stop	platform			unofficial
7881639187	5.3707562	-4.0759019	Huake Automobile	bus_stop	platform			unofficial
7881639285	5.3649484	-4.0681420	Carrefour harriste	bus_stop	platform			unofficial
7881639385	5.3664905	-4.0709361	Carrefour Château	bus_stop	platform			unofficial
7881639485	5.3664498	-4.0711594	Carrefour Château	bus_stop	platform			unofficial
7881639585	5.3691143	-4.0802320	Carrefour Zone	bus_stop	platform			unofficial
7884438888	5.3552719	-4.0889686	Carrefour CHU	bus_stop	platform			unofficial
7884438889	5.3553373	-4.0865962	Carrefour Marché	bus_stop	platform			unofficial
7884438890	5.3560143	-4.0670068	Sable	bus_stop	platform			unofficial
7884438891	5.3558728	-4.0701033	Bon Prix	bus_stop	platform			unofficial
7884438892	5.3558028	-4.0716020	Carrefour Gabriel Gare	bus_stop	platform			unofficial
7884438893	5.3556429	-4.0756224	Marché Siporex	bus_stop	platform			unofficial
7884438894	5.3554922	-4.0792564	Carrefour Marché Siporex	bus_stop	platform			unofficial
7884438895	5.3553086	-4.0851887	Carrefour Zone	bus_stop	platform			unofficial
7884438897	5.3551898	-4.0889680	Carrefour CHU	bus_stop	platform			unofficial
7884545387	5.3645077	-4.0827928	Après le Pont	bus_stop	platform			unofficial
7884545388	5.3556551	-4.0848340	Carrefour Zone	bus_stop	platform			unofficial
7884552460	5.3698986	-4.0817677	Sotaci	bus_stop	platform			unofficial
7884552461	5.3777210	-4.0963514	Micao - Fin goudron	bus_stop	platform			unofficial
7884552462	5.3778165	-4.0963045	Micao - Fin goudron	bus_stop	platform			unofficial
7884616329	5.3469626	-4.0857071	Au Mouton	bus_stop	platform			unofficial
7884616330	5.3469666	-4.0873016	Carrefour Koudous	bus_stop	platform			unofficial
7884616331	5.3549795	-4.0892825	Carrefour CHU	bus_stop	platform			unofficial
7884616333	5.3549741	-4.0891524	Carrefour CHU	bus_stop	platform			unofficial
7884616334	5.3470280	-4.0857513	Au Mouton	bus_stop	platform			unofficial
7884616335	5.3479239	-4.0789492	Au feu du Phoenix	bus_stop	platform			unofficial
7884683655	5.3556885	-4.0715349	Carrefour Gabriel Gare	bus_stop	platform			unofficial
7884683656	5.3439422	-4.0678959	Mairie de Yopougon	bus_stop	platform			unofficial
7884683657	5.3484554	-4.0679267	Carrefour Jean Baptiste de la Salle	bus_stop	platform			unofficial
7884683658	5.3509777	-4.0704990	Carrefour SODECI	bus_stop	platform			unofficial
7884683659	5.3542063	-4.0715960	Lavage Auto	bus_stop	platform			unofficial
7884683661	5.3556952	-4.0715994	Carrefour Gabriel Gare	bus_stop	platform			unofficial
7884683662	5.3504389	-4.0678000	Collège Moderne Amadou Hampaté Ba	bus_stop	platform			unofficial
7884683663	5.3439355	-4.0677913	Mairie de Yopougon	bus_stop	platform			unofficial
7884688605	5.3465900	-4.0638658	Bel Air	bus_stop	platform			unofficial
7884688606	5.3475100	-4.0678865	Restaurant Wamh	bus_stop	platform			unofficial
7884688607	5.3510725	-4.0706770	Carrefour SODECI	bus_stop	platform			unofficial
7884688610	5.3467222	-4.0639651	Bel Air	bus_stop	platform			unofficial
7884722630	5.3479787	-4.0953496	Parc auto	bus_stop	platform			unofficial
7884722631	5.3489601	-4.0953469	Pharmacie Bethesda	bus_stop	platform			unofficial
7884722632	5.3473431	-4.0953362	Coopec Ananeraie	bus_stop	platform			unofficial
7884722633	5.3505023	-4.0953040	Supermarché Nasr	bus_stop	platform			unofficial
7884722634	5.3548900	-4.0953362	Station Total Ananeraie	bus_stop	platform			unofficial
7884722635	5.3548806	-4.0952021	Station Total Ananeraie	bus_stop	platform			unofficial
7884722637	5.3473384	-4.0952309	Coopec Ananeraie	bus_stop	platform			unofficial
7887860476	5.3478318	-4.0789533	Au feu du Phoenix	bus_stop	platform			unofficial
7887860477	5.3469572	-4.0952142	Coopec Ananeraie	bus_stop	platform			unofficial
7887860478	5.3470373	-4.0952235	Coopec Ananeraie	bus_stop	platform			unofficial
7887860479	5.3470439	-4.0893470	Carrefour Niangon	bus_stop	platform			unofficial
7887876462	5.3466234	-4.0679010	Ô Blé Doré	bus_stop	platform			unofficial
7887876463	5.3465887	-4.0705030	KS	bus_stop	platform			unofficial
7887876464	5.3466060	-4.0729371	Pharmacie Keneya	bus_stop	platform			unofficial
7887876466	5.3467062	-4.0729250	Pharmacie Keneya	bus_stop	platform			unofficial
7888055021	5.3466248	-4.0627748	Bel Air - Station	bus_stop	platform			unofficial
7888087745	5.3272337	-4.0508772	Pharmacie du Cinéma Boissy	bus_stop	platform			unofficial
7888087746	5.3288267	-4.0606271	Carrefour sapeur-pompier	bus_stop	platform			unofficial
7888129900	5.3205744	-4.0439666	Station Service Shell	bus_stop	platform			unofficial
7888148152	5.3552725	-4.0656804	Sable-SGBCI	bus_stop	platform			unofficial
7888223366	5.3409859	-4.0463497	Mossikro	bus_stop	platform			unofficial
7888223367	5.3316535	-4.0395972	Collège privé Oscad	bus_stop	platform			unofficial
7888223369	5.3095539	-4.0440953	carrefour Santé Village	bus_stop	platform			unofficial
7888223372	5.3251586	-4.0372275	Carrefour Eglise	bus_stop	platform			unofficial
7888223373	5.3409151	-4.0463470	Mossikro	bus_stop	platform			unofficial
7902826896	5.3552785	-4.0862086	Carrefour Marché	bus_stop	platform			unofficial
7902826897	5.3550115	-4.0954489	A l'antenne	bus_stop	platform			unofficial
7902826898	5.3547404	-4.1026117	Carrefour Ananeraie	bus_stop	platform			unofficial
7902826899	5.3489187	-4.1048969	Bonikro	bus_stop	platform			unofficial
7902826900	5.3377754	-4.1131485	Pharmacie Inox	bus_stop	platform			unofficial
7902826901	5.3383847	-4.1407728	Institut Pasteur	bus_stop	platform			unofficial
7902826929	5.3376295	-4.1273146	Marché Km 17	bus_stop	platform			unofficial
7902826930	5.3378473	-4.1131260	Pharmacie Inox	bus_stop	platform			unofficial
7902877638	5.3553440	-4.0656059	Sable-SGBCI	bus_stop	platform			unofficial
7902959148	5.3354458	-4.0874585	Carrefour Canal	bus_stop	platform			unofficial
7902959149	5.3293087	-4.1025755	Pharmacie Niangon Nord	bus_stop	platform			unofficial
7902959150	5.3423025	-4.0747690	Pharmacie Saint André	bus_stop	platform			unofficial
7902973078	5.3395411	-4.0827969	Terminus bus 47	bus_stop	platform			unofficial
7902973079	5.3354417	-4.0905686	Station Pétro Ivoire	bus_stop	platform			unofficial
7902973080	5.3324273	-4.0907697	Carrefour Boby	bus_stop	platform			unofficial
7902973081	5.3275715	-4.0968141	Église Sainte-Rita	bus_stop	platform			unofficial
7903002099	5.3551584	-4.0904137	CEMA	bus_stop	platform			unofficial
7903002100	5.3584551	-4.0949889	Arrêt Annaneraie 2e	bus_stop	platform			official
7903002102	5.3670934	-4.1019043	Gare Gesco	bus_stop	platform			unofficial
7903535327	5.3238606	-4.1069488	Carrefour Académie	bus_stop	platform			unofficial
7903535328	5.3237525	-4.1093025	Carrefour Chambéry	bus_stop	platform			unofficial
7903535329	5.3190974	-4.1123645	À l'école	bus_stop	platform			unofficial
7903535330	5.3133707	-4.1114532	Yopougon Diop	bus_stop	platform			unofficial
7903535331	5.3133753	-4.1115303	Yopougon Diop	bus_stop	platform			unofficial
7903535332	5.3145559	-4.1109541	Carrefour Bawin	bus_stop	platform			unofficial
7903535333	5.3151560	-4.1106179	À l'église	bus_stop	platform			unofficial
7903535334	5.3156589	-4.1103794	Carrefour Diop	bus_stop	platform			unofficial
7903535335	5.3163336	-4.1103451	À l'école	bus_stop	platform			unofficial
7903535336	5.3239435	-4.1069152	Carrefour Académie	bus_stop	platform			unofficial
7903583520	5.3368959	-4.0732710	Après le pont	bus_stop	platform			unofficial
7966272062	5.3677530	-4.0776463	Direction de la Sotra	bus_stop	platform			unofficial
7966272063	5.3618513	-4.0720580	Carrefour Marché	bus_stop	platform			unofficial
7966272064	5.3617999	-4.0720566	Carrefour Marché	bus_stop	platform			unofficial
7966272065	5.3618292	-4.0734313	Carrefour Andokoi	bus_stop	platform			unofficial
7966272066	5.3642207	-4.0749742	La Prudence	bus_stop	platform			unofficial
7966345988	5.3890766	-4.0783595	MACA	bus_stop	platform		no	unofficial
7966560585	5.3606195	-4.0850285	BAE	bus_stop	platform		yes	
7966767630	5.3185746	-4.0779347	42	bus_stop	platform			unofficial
7966767631	5.3148642	-4.0786163	Savant 2	bus_stop	platform			unofficial
7966767633	5.3098150	-4.0761371	Gare Marché / Oulaï	bus_stop	platform			unofficial
7966767634	5.3102972	-4.0770377	Ferronnerie	bus_stop	platform			unofficial
7966767635	5.3109371	-4.0785980	Boutique	bus_stop	platform			unofficial
7966780489	5.3244333	-4.0775645	Palais de justice	bus_stop	platform			unofficial
7966780597	5.3130809	-4.0787054	Taille Basse	bus_stop	platform			unofficial
7966780701	5.3244188	-4.0774641	Palais de justice	bus_stop	platform			unofficial
7966781186	5.3148688	-4.0787247	Savant 2	bus_stop	platform			unofficial
7966786685	5.3131796	-4.0785750	Taille Basse	bus_stop	platform			unofficial
7966786785	5.3102486	-4.0769078	Ferronnerie	bus_stop	platform			unofficial
7966877485	5.3690422	-4.0788151	Zone Industrielle	bus_stop	platform			unofficial
7966877785	5.3691690	-4.0789747	Zone Industrielle	bus_stop	platform			unofficial
7966993885	5.3688105	-4.0789687	Zone Industrielle	bus_stop	platform			unofficial
7966994385	5.3685014	-4.0789063	Zone Industrielle	bus_stop	platform			unofficial
7967074789	5.3323472	-4.0414822	Jean-Paul 2	bus_stop	platform			unofficial
7967074790	5.3409358	-4.0459772	Garage	bus_stop	platform			unofficial
7967074792	5.3470039	-4.0452164	Cirocco	bus_stop	platform			unofficial
7967074886	5.3251711	-4.0370677	Carrefour Eglise	bus_stop	platform			unofficial
7967074987	5.3257301	-4.0371618	Marché	bus_stop	platform			unofficial
7967075485	5.3324230	-4.0413485	Jean-Paul 2	bus_stop	platform			unofficial
8010519328	5.3661901	-4.0881881	Yoplait	bus_stop	platform			unofficial
8759129358	5.3436404	-4.0372986	Boribana	bus_stop	platform	SOTRA	yes	official
8759129364	5.3418106	-4.0660633	Pharmacie Mairie	bus_stop	platform	SOTRA	no	official
8759129365	5.3233780	-4.1056110	EPP Laurier 2	bus_stop	platform	SOTRA		official
8759217734	5.3251265	-4.1061857	Groupe Scolaire St Chalmel	bus_stop	platform	SOTRA		official
8759217735	5.3261073	-4.0772112	Palais de Justice Yopougon 1	bus_stop	platform	SOTRA	no	official
8765327229	5.3551103	-4.0912069	Eglise Protestante CEMA PB2	bus_stop	platform	SOTRA	yes	official
8765327230	5.3543826	-4.0993971	Shell Carrefour Oasis	bus_stop	platform	SOTRA	yes	official
8765327231	5.3522502	-4.0993729	Groupe Médical Promethee	bus_stop	platform	SOTRA	yes	official
8765327232	5.3330329	-4.1032104	Hôtel Zenith	bus_stop	platform	SOTRA		official
8788475985	5.3217335	-4.1034443	Terminus 212 Jatak	bus_stop	platform	SOTRA		official
8790203477	5.3634102	-4.0743010	Ecole D BAZ	bus_stop	platform	SOTRA		official
8790203478	5.3618146	-4.0668941	Ivoire Couture	bus_stop	platform	SOTRA		official
8790203479	5.3719410	-4.0856743	Ancien Terminus 20	bus_stop	platform	SOTRA		official
8790203480	5.3636265	-4.0744069	Ecole D BAZ	bus_stop	platform	SOTRA		official
8807162727	5.3075920	-4.0407366	Cité Douane	bus_stop	platform	SOTRA	no	official
8807193249	5.3075343	-4.0405512	Cité Douane	bus_stop	platform	SOTRA	no	official
8807208605	5.3186413	-4.0803522	Terminus 42 SIDECI	bus_stop	platform	SOTRA		official
8807218404	5.3186471	-4.0802864	Terminus 42 SIDECI	bus_stop	platform	SOTRA		official
8807318336	5.3233866	-4.0629143	Arret Camp Militaire	bus_stop	platform		no	official
8807318337	5.3314971	-4.1099958	Cite Verte	bus_stop	platform		no	official
8808912283	5.3543653	-4.0874135	Ancienne Mosquée PB2	bus_stop	platform	SOTRA		official
8808912284	5.3516251	-4.0874109	Pharmacie Gnimah PB2	bus_stop	platform	SOTRA		official
8808912285	5.3464028	-4.0891758	Carrefour Niangon	bus_stop	platform	SOTRA		official
8808912286	5.3412790	-4.0891480	Boulangerie CIE	bus_stop	platform	SOTRA		official
8808912287	5.3395124	-4.0918257	Carrefour Obama	bus_stop	platform	SOTRA		official
8808912713	5.3519680	-4.0875262	Pharmacie Gnimah PB2	bus_stop	platform	SOTRA		official
8808962069	5.3291127	-4.0604717	Arrêt Sapeur Pompier	bus_stop	platform	SOTRA		official
8809017705	5.3296265	-4.0597936	Arrêt Sapeur Pompier	bus_stop	platform	SOTRA		official
8812622953	5.3585287	-4.0951469	Arrêt Annaneraie 2e	bus_stop	platform	SOTRA	yes	official
8812622954	5.3554968	-4.0817402	Lycée Professionnel	bus_stop	platform	SOTRA		official
8812622955	5.3556938	-4.0759169	SIB Siporex	bus_stop	platform	SOTRA		official
8812651184	5.3556505	-4.0753361	SIB Siporex	bus_stop	platform	SOTRA		official
8812651185	5.3554263	-4.0806815	Lycée Professionnel	bus_stop	platform	SOTRA		official
8812651186	5.3578316	-4.0935255	Collège Mamie Adjoua	bus_stop	platform	SOTRA	yes	official
8812651188	5.3658908	-4.0981117	Collège Roi David	bus_stop	platform	SOTRA	yes	official
8814367991	5.3163756	-4.0892087	Terminus 27 Niangon Sud à Gauche	bus_stop	platform	SOTRA	no	official
9229594147	5.3459157	-4.0999538	Ferrari	bus_stop	platform			unofficial
9229594148	5.3434904	-4.0892456	Patisserie Flora Port-Bouet 2	bus_stop	platform			unofficial
9229594149	5.3477091	-4.0874806	Pharmacie Port-Bouët 2	bus_stop	platform			unofficial
9229594150	5.3556421	-4.0850771	Carrefour Zone	bus_stop	platform			unofficial
9229653483	5.3781576	-4.0849681	Industrap	bus_stop	platform			unofficial
9229653484	5.3819242	-4.0916743	Boutique	bus_stop	platform			unofficial
9229653485	5.3826880	-4.0931924	2 Poteaux	bus_stop	platform			unofficial
9229653486	5.3832366	-4.0943384	Micao	bus_stop	platform			unofficial
9229653487	5.3565423	-4.0734252	Gare Siporex	bus_stop	platform			unofficial
9229653488	5.3564856	-4.0734373	Gare Siporex	bus_stop	platform			unofficial
9229653494	5.3831995	-4.0943824	Micao	bus_stop	platform			unofficial
9250076881	5.3860791	-4.0769815	Cimaf	bus_stop	platform		no	unofficial
9250161448	5.3431955	-4.1081833	Carrefour Gravier	bus_stop	platform			unofficial
9250161449	5.3405428	-4.1096671	Yopougon Gare marché Bagnon	bus_stop	platform			unofficial
9250161450	5.3405910	-4.1097634	Yopougon Gare marché Bagnon	bus_stop	platform			unofficial
9250161451	5.3430859	-4.1083314	Carrefour Gravier	bus_stop	platform			unofficial
9250161452	5.3497748	-4.1046307	Sacko	bus_stop	platform			unofficial
9272827000	5.3594178	-4.0450294	Abeille beton	bus_stop	platform			unofficial
9275332375	5.3364125	-4.0549744	Pharmacie Sacre Cœur	bus_stop	platform			unofficial
9275332376	5.3307815	-4.0512420	Auchan	bus_stop	platform			unofficial
9275332378	5.3273658	-4.0505741	19 ème	bus_stop	platform			unofficial
9275332379	5.3266154	-4.0536828	Mairie Annexe	bus_stop	platform			unofficial
9275549234	5.3741907	-4.0898377	Sonaco	bus_stop	platform			unofficial
9275549235	5.3768158	-4.0947139	Carrefour Gargill	bus_stop	platform			unofficial
9275549236	5.3802506	-4.0943364	Gare Yopougon Micao	bus_stop	platform			unofficial
9275549237	5.3803086	-4.0943035	Gare Yopougon Micao	bus_stop	platform			unofficial
9275549238	5.3797839	-4.0934989	A la boutique	bus_stop	platform			unofficial
9275549239	5.3778933	-4.0944739	Commissariat du 38ème	bus_stop	platform			unofficial
9275549240	5.3730158	-4.0963810	Au Marché	bus_stop	platform			unofficial
9275549241	5.3687217	-4.0894273	Acipac	bus_stop	platform			unofficial
9289149081	5.3299724	-4.1044398	Lubafrique	bus_stop	platform			unofficial
9289149082	5.3303758	-4.1054054	Au marché	bus_stop	platform			unofficial
9289149083	5.3314650	-4.1096263	Collège Sebaco	bus_stop	platform			unofficial
9289149084	5.3320636	-4.1123995	Cité Verte	bus_stop	platform			unofficial
9289149086	5.3320776	-4.1123498	Cité Verte	bus_stop	platform			unofficial
9289149087	5.3305126	-4.1055013	Au marché	bus_stop	platform			unofficial
9289149088	5.3300642	-4.1044031	Lubafrique	bus_stop	platform			unofficial
9293428944	5.3721185	-4.0860611	Ivograin	bus_stop	platform			unofficial
9293428945	5.3794020	-4.0963662	Superette Bon Prix	bus_stop	platform			unofficial
9293428946	5.3807559	-4.0986601	A l'entenne	bus_stop	platform			unofficial
9293428947	5.3805209	-4.1022885	A l'école	bus_stop	platform			unofficial
9293428948	5.3802272	-4.1047856	Yopougon Mênekré	bus_stop	platform			unofficial
9293428949	5.3801881	-4.1038110	Boulangerie	bus_stop	platform			unofficial
9293428950	5.3802643	-4.1047823	Yopougon Mênekré	bus_stop	platform			unofficial
9293428951	5.3802212	-4.1037337	Boulangerie	bus_stop	platform			unofficial
9293428952	5.3809589	-4.1018553	Menuiserie	bus_stop	platform			unofficial
9293428953	5.3803641	-4.1025124	A l'école	bus_stop	platform			unofficial
9293428954	5.3813427	-4.0996680	Au Terrain	bus_stop	platform			unofficial
9293428963	5.3809115	-4.0988878	Escalier	bus_stop	platform			unofficial
9293428964	5.3801311	-4.0974800	Carreaux Cassé	bus_stop	platform			unofficial
9293428965	5.3794227	-4.0963186	Superette Bon Prix	bus_stop	platform			unofficial
9293428966	5.3786557	-4.0958036	Conteneur	bus_stop	platform			unofficial
9293428967	5.3778452	-4.0961771	Micao - Fin goudron	bus_stop	platform			unofficial
9333205749	5.3159420	-4.0896761	Terminus 27 Niangon Sud à Gauche	bus_stop	platform			unofficial
9333205750	5.3141835	-4.0890706	Carrefour Fanta	bus_stop	platform			unofficial
9333205751	5.3128615	-4.0886548	Carrefour Calebasse	bus_stop	platform			unofficial
9333205752	5.3117635	-4.0883142	Carrefour Sicogi	bus_stop	platform			unofficial
9333205753	5.3109359	-4.0880171	Boulangerie	bus_stop	platform			unofficial
9333205754	5.3097935	-4.0876879	Carrefour Policier	bus_stop	platform			unofficial
9333205755	5.3085049	-4.0872990	Conteneur	bus_stop	platform			unofficial
9333205756	5.3073271	-4.0866894	Supermarché	bus_stop	platform			unofficial
9333205757	5.3066628	-4.0857466	Assemblée de Dieu	bus_stop	platform			unofficial
9333205758	5.3061641	-4.0849567	Monaco	bus_stop	platform			unofficial
9333205759	5.3058556	-4.0844867	Gabadrome	bus_stop	platform			unofficial
9333205760	5.3055852	-4.0840723	Auto-école	bus_stop	platform			unofficial
9333205761	5.3051946	-4.0833588	Palace	bus_stop	platform			unofficial
9333205762	5.3041764	-4.0813713	Azito	bus_stop	platform			unofficial
9333205763	5.3041016	-4.0814055	Azito	bus_stop	platform			unofficial
9333205765	5.3051245	-4.0834004	Palace	bus_stop	platform			unofficial
9333205766	5.3066675	-4.0858680	Assemblée de Dieu	bus_stop	platform			unofficial
9333205767	5.3074947	-4.0869194	Supermarché	bus_stop	platform			unofficial
9333205768	5.3084068	-4.0873566	Conteneur	bus_stop	platform			unofficial
9333205769	5.3097835	-4.0878005	Carrefour Policier	bus_stop	platform			unofficial
9333205770	5.3141661	-4.0891543	Carrefour Fanta	bus_stop	platform			unofficial
9333205772	5.3159361	-4.0897032	Terminus 27 Niangon Sud à Gauche	bus_stop	platform			unofficial
9337342510	5.3573322	-4.1017145	CAT	bus_stop	platform			unofficial
9337342511	5.3154730	-4.0918470	Allocodrome	bus_stop	platform			unofficial
9337342512	5.3157585	-4.0950948	Centre Social	bus_stop	platform			unofficial
9337342513	5.3186048	-4.0946596	Carrefour à droite	bus_stop	platform		yes	unofficial
9337342514	5.3341118	-4.0908663	Carrefour Policiers	bus_stop	platform		yes	
9337342515	5.3577167	-4.0852424	Carrefour Coris Bank	bus_stop	platform		yes	
10570388539	5.3434915	-4.0723591	Gare Lavage Yopougon	bus_stop	platform			unofficial
10570388540	5.3437712	-4.0734172	William-Ponty	bus_stop	platform			unofficial
10570388541	5.3476863	-4.0733957	CIE Kenya	bus_stop	platform		no	unofficial
10570414432	5.3434921	-4.0723082	Gare Lavage Yopougon	bus_stop	platform			unofficial
10570999964	5.3459718	-4.0723886	Asthoria Palace	bus_stop	platform			unofficial
10570999965	5.3505157	-4.0723993	Figayo	bus_stop	platform			unofficial
10570999966	5.3571954	-4.0741861	Ecole Mohamed VI	bus_stop	platform			unofficial
10575048878	5.3436280	-4.0723233	Gare Lavage Yopougon	bus_stop	platform			unofficial
10575048880	5.3436307	-4.0723641	Gare Lavage Yopougon	bus_stop	platform			unofficial
10575048881	5.3437566	-4.0687146	Pharmacie Selmer	bus_stop	platform			unofficial
10575048882	5.3434000	-4.0674841	Mairie de Yopougon	bus_stop	platform			unofficial
10575048883	5.3408337	-4.0641991	Carrefour Complexe	bus_stop	platform			unofficial
10588610206	5.3311835	-4.1072667	Saint Mathieu	bus_stop	platform			unofficial
10588610207	5.3315654	-4.1104840	Carrefour Sebaco	bus_stop	platform			unofficial
10588610208	5.3314358	-4.1118908	Terminus 44	bus_stop	platform			unofficial
10588610209	5.3316508	-4.1104679	Carrefour Sebaco	bus_stop	platform			unofficial
10588610210	5.3315026	-4.1093065	Collège Sebaco	bus_stop	platform			unofficial
10588610211	5.3311354	-4.1069368	Saint Mathieu	bus_stop	platform			unofficial
10588802311	5.3621844	-4.0679234	Lycée Andokoi	bus_stop	platform			unofficial
10588802312	5.3608826	-4.0720412	Commissariat du 23ᵉ Arrondissement	bus_stop	platform			unofficial
10588802313	5.3658911	-4.0740327	Pharmacie Les Ecluses	bus_stop	platform		no	unofficial
10588802314	5.3666815	-4.0735781	Collège Minerva	bus_stop	platform		no	unofficial
10588802315	5.3683478	-4.0726018	Lavage	bus_stop	platform		no	unofficial
10588802316	5.3693773	-4.0734038	Carrefour Poubelle	bus_stop	platform		no	unofficial
10588802317	5.3792632	-4.0757440	Carrefour Etage	bus_stop	platform		no	unofficial
10588802318	5.3801831	-4.0756944	Antenne	bus_stop	platform		no	unofficial
10588802319	5.3844130	-4.0761289	SODEFOR	bus_stop	platform		no	unofficial
10588802322	5.3842234	-4.0759291	SODEFOR	bus_stop	platform		no	unofficial
10588802323	5.3822914	-4.0755160	Maquis Carrefour	bus_stop	platform		no	unofficial
10588802324	5.3801190	-4.0755576	Antenne	bus_stop	platform		no	unofficial
10588802325	5.3792712	-4.0755884	Carrefour Etage	bus_stop	platform		no	unofficial
10588802326	5.3741000	-4.0777288	1er Carrefour	bus_stop	platform		no	unofficial
10588833492	5.3510351	-4.0687334	carrefour Marché Wassakara	bus_stop	platform			unofficial
10588833493	5.3520099	-4.0677805	Pharmacie Segaï	bus_stop	platform			unofficial
10588833496	5.3405105	-4.0513775	A l'Arrêt	bus_stop	platform			unofficial
10588833497	5.3401834	-4.0488750	Safari	bus_stop	platform			unofficial
10588833498	5.3404371	-4.0478531	Pharmacie Notre Dame des Victoires	bus_stop	platform			unofficial
10588833499	5.3401146	-4.0488730	Safari	bus_stop	platform			unofficial
10588833500	5.3404638	-4.0515693	A l'Arrêt	bus_stop	platform			unofficial
10588833501	5.3411154	-4.0534884	Collège Jean Baptiste de la Salle 2	bus_stop	platform			unofficial
10588833502	5.3426510	-4.0577437	Supermarché	bus_stop	platform			unofficial
10588833503	5.3466381	-4.0594858	Ancien Bel Air	bus_stop	platform			unofficial
10588833504	5.3466227	-4.0655094	Ciné Cool	bus_stop	platform			unofficial
10588877040	5.3678011	-4.0776242	Direction de la Sotra	bus_stop	platform			unofficial
10588877041	5.3707926	-4.0758701	Huake Automobile	bus_stop	platform			unofficial
10588877042	5.3699902	-4.0742648	Sotra	bus_stop	platform			unofficial
10588877043	5.3694494	-4.0733139	Carrefour Poubelle	bus_stop	platform		no	unofficial
10588877044	5.3690755	-4.0725790	Prestige	bus_stop	platform			unofficial
10588877045	5.3675654	-4.0729129	Nazareth Carrefour	bus_stop	platform			unofficial
10588877046	5.3656000	-4.0693402	Eglise Catholique	bus_stop	platform			unofficial
10588877047	5.3615195	-4.0696169	Coopec	bus_stop	platform			unofficial
10588877048	5.3622579	-4.0678469	Lycée Andokoi	bus_stop	platform			unofficial
10588877049	5.3626094	-4.0669742	Carrefour Mangou	bus_stop	platform			unofficial
10588877050	5.3612978	-4.0667693	Centre Ivoire Couture	bus_stop	platform			unofficial
10588877051	5.3606956	-4.0667358	1er Pont	bus_stop	platform			unofficial
10588897621	5.3800216	-4.0960631	Petit Marché Micao	bus_stop	platform			unofficial
10588897622	5.3810483	-4.0955883	Pharmacie Micao	bus_stop	platform			unofficial
10588897623	5.3817383	-4.0952071	Cité HKB	bus_stop	platform			unofficial
10588897624	5.3807332	-4.0956379	Mosqueé	bus_stop	platform			unofficial
10588897625	5.3799642	-4.0959960	Petit Marché Micao	bus_stop	platform			unofficial
10588897626	5.3742882	-4.0897384	Sonaco	bus_stop	platform			unofficial
10588897627	5.3667069	-4.0904586	1er Arrêt	bus_stop	platform			unofficial
10588901234	5.3613579	-4.0668954	Centre Ivoire Couture	bus_stop	platform			unofficial
10588901235	5.3625129	-4.0670630	Carrefour Mangou	bus_stop	platform			unofficial
10588901236	5.3617932	-4.0687662	Mosquée	bus_stop	platform			unofficial
10588901237	5.3614634	-4.0695870	Coopec	bus_stop	platform		no	unofficial
10588901239	5.3605922	-4.0715712	Pharmacie Sainte Marie	bus_stop	platform		no	unofficial
10588901240	5.3630663	-4.0736921	Marienah	bus_stop	platform		no	unofficial
10588901241	5.3634836	-4.0744042	Collège D. BAZ	bus_stop	platform		no	unofficial
10588901242	5.3658310	-4.0740931	Pharmacie Les Ecluses	bus_stop	platform		no	unofficial
10588957176	5.3563294	-4.0668518	Gare Sable Nouveau Goudron	bus_stop	platform			unofficial
10588957177	5.3687180	-4.0794565	Pharmacie La Délivrance	bus_stop	platform			unofficial
10588957178	5.3629268	-4.0735540	Boulangerie	bus_stop	platform		no	unofficial
10588957179	5.3618700	-4.0734272	Carrefour Andokoi	bus_stop	platform			unofficial
10588957180	5.3608559	-4.0719460	Commissariat du 23ᵉ Arrondissement	bus_stop	platform			unofficial
10588957181	5.3563220	-4.0668947	Gare Sable Nouveau Goudron	bus_stop	platform			unofficial
10589076386	5.3272816	-4.0503362	19 ème	bus_stop	platform			unofficial
10589076387	5.3258102	-4.0490010	Carrefour Sebgé	bus_stop	platform			unofficial
10589076388	5.3243193	-4.0495603	Carrefour le Boss	bus_stop	platform			unofficial
10589076389	5.3222235	-4.0495214	Carrefour Awa	bus_stop	platform			unofficial
10589076390	5.3221993	-4.0476390	Carrefour Agbayaté	bus_stop	platform			unofficial
10589076391	5.3222088	-4.0455557	Cité SODECI	bus_stop	platform			unofficial
10589076392	5.3213542	-4.0439773	Hôtel Blanc	bus_stop	platform			unofficial
10589076393	5.3196450	-4.0439960	Pharmacie Chenain	bus_stop	platform			unofficial
10589076394	5.3186141	-4.0440041	Carrefour Opéra	bus_stop	platform			unofficial
10589076395	5.3162546	-4.0440001	BasileBoli	bus_stop	platform			unofficial
10589076396	5.3147951	-4.0439853	Carrefour BAD	bus_stop	platform			unofficial
10589076397	5.3139859	-4.0440041	Carrefour Mosquée Blanche	bus_stop	platform			unofficial
10589076398	5.3117852	-4.0440094	Carrefour Cité Céleste	bus_stop	platform			unofficial
10589076399	5.3080476	-4.0428333	Carrefour Diamant	bus_stop	platform			unofficial
10589076400	5.3075845	-4.0406121	Anoumabo	bus_stop	platform			unofficial
10589076401	5.3078780	-4.0385398	Marché Abobo Doumé	bus_stop	platform			unofficial
10589076402	5.3093041	-4.0376365	Pharmacie Saint Étienne	bus_stop	platform			unofficial
10589076403	5.3099985	-4.0370277	Carrefour Marché	bus_stop	platform			unofficial
10589080708	5.3097799	-4.0371095	Carrefour Marché	bus_stop	platform			unofficial
10589080709	5.3092120	-4.0375728	Pharmacie Saint Étienne	bus_stop	platform			unofficial
10589080710	5.3082893	-4.0377143	Aqualines	bus_stop	platform			unofficial
10589080711	5.3075331	-4.0405893	Anoumabo	bus_stop	platform			unofficial
10589080712	5.3082025	-4.0432504	Carrefour Diamant	bus_stop	platform			unofficial
10589080713	5.3119254	-4.0440926	Carrefour Cité Céleste	bus_stop	platform			unofficial
10589080714	5.3140433	-4.0440785	Carrefour Mosquée Blanche	bus_stop	platform			unofficial
10589080715	5.3149807	-4.0441127	Carrefour BAD	bus_stop	platform			unofficial
10589080716	5.3166492	-4.0441161	BasileBoli	bus_stop	platform			unofficial
10589080717	5.3186502	-4.0441194	Carrefour Opéra	bus_stop	platform			unofficial
10589080718	5.3198186	-4.0441275	Pharmacie Chenain	bus_stop	platform			unofficial
10589080719	5.3215185	-4.0441744	Hôtel Blanc	bus_stop	platform			unofficial
10589080720	5.3222983	-4.0496407	Carrefour Awa	bus_stop	platform			unofficial
10589080721	5.3284161	-4.0496482	Boissy	bus_stop	platform			unofficial
10589080722	5.3288600	-4.0491982	Collège Jeunnes Filles Singa	bus_stop	platform			unofficial
10589119868	5.3466902	-4.0714900	Coqivoire	bus_stop	platform			unofficial
10589119869	5.3466915	-4.0705043	KS	bus_stop	platform			unofficial
10589119870	5.3466154	-4.0642601	NSIA	bus_stop	platform			unofficial
10589119871	5.3466080	-4.0716644	Coqivoire	bus_stop	platform			unofficial
10589119872	5.3466060	-4.0724637	King Cash	bus_stop	platform			unofficial
10589324382	5.3322611	-4.0621921	China mall	bus_stop	platform			unofficial
10589324383	5.3299758	-4.0615741	Collège les Phalènes	bus_stop	platform			unofficial
10589324384	5.3233425	-4.0560653	Collège Saint Augustin	bus_stop	platform			unofficial
10589324385	5.3226081	-4.0554155	Geo Beton	bus_stop	platform			unofficial
10589324386	5.3259611	-4.0599605	A l'Eglise	bus_stop	platform			unofficial
10589324387	5.3264258	-4.0600947	Passeport	bus_stop	platform			unofficial
10589324388	5.3302554	-4.0618274	Collège les Phalènes	bus_stop	platform			unofficial
10589584333	5.3446018	-4.0593249	Sopim	bus_stop	platform			unofficial
10589584334	5.3359144	-4.0549904	Dépôt	bus_stop	platform			unofficial
10589584335	5.3345364	-4.0549985	Au 4ème Pont	bus_stop	platform			unofficial
10589584336	5.3333346	-4.0549636	La Poste	bus_stop	platform			unofficial
10589584337	5.3323652	-4.0528071	Lonaci	bus_stop	platform			unofficial
10589614488	5.3359011	-4.0551098	Dépôt	bus_stop	platform			unofficial
10589635487	5.3324186	-4.0530351	Lonaci	bus_stop	platform			unofficial
10589635488	5.3365126	-4.0551125	Pharmacie Sacre Cœur	bus_stop	platform			unofficial
10589635489	5.3427571	-4.0601641	Sopim 1ère Porte	bus_stop	platform			unofficial
10591191398	5.3525619	-4.0748496	Maïs	bus_stop	platform			unofficial
10591191399	5.3407968	-4.0666326	Coopec Selmer	bus_stop	platform			unofficial
10591191400	5.3407903	-4.0604166	Carrefour FRCI	bus_stop	platform			unofficial
10591191401	5.3227481	-4.0495512	Pharmacie Eden	bus_stop	platform			unofficial
10591191402	5.3105305	-4.0439883	37 ème Arrondissement	bus_stop	platform			unofficial
10591191403	5.3083340	-4.0377364	Aqualines	bus_stop	platform			unofficial
10591191404	5.3221417	-4.0476800	Carrefour Agbayaté	bus_stop	platform			unofficial
10591203005	5.3221400	-4.0487152	Collège Djedje Abel	bus_stop	platform			unofficial
10591203006	5.3289486	-4.0495594	Collège Jeunnes Filles Singa	bus_stop	platform			unofficial
10591203007	5.3407472	-4.0605468	Carrefour FRCI	bus_stop	platform			unofficial
10591203008	5.3414845	-4.0658382	Tantie Margot	bus_stop	platform			unofficial
10591203009	5.3427558	-4.0669159	Chez Zota	bus_stop	platform			unofficial
10591203010	5.3455861	-4.0678743	Birango	bus_stop	platform			unofficial
10591223711	5.3212020	-4.0782076	Carrefour Kouté	bus_stop	platform			unofficial
10591223712	5.3188372	-4.0783967	Carrefour 42 / Hôtel Paradis	bus_stop	platform			unofficial
10591223713	5.3180853	-4.0772407	Mosquée Kaba	bus_stop	platform			unofficial
10591223714	5.3175632	-4.0773024	Carrefour 1er Cocotier	bus_stop	platform			unofficial
10591223715	5.3169410	-4.0773989	Antenne	bus_stop	platform			unofficial
10591223716	5.3163588	-4.0775169	3ème Cocotier	bus_stop	platform			unofficial
10591223717	5.3158233	-4.0776135	Diamant Noir	bus_stop	platform			unofficial
10591223718	5.3153372	-4.0776873	Carrefour Marché Alpi	bus_stop	platform			unofficial
10591223719	5.3142796	-4.0778529	Carrefour Marché Alpi	bus_stop	platform			unofficial
10591223720	5.3126372	-4.0759143	Portail Alpi	bus_stop	platform			unofficial
10591223721	5.3117906	-4.0753806	Carrefour Piment	bus_stop	platform			unofficial
10591223722	5.3105874	-4.0742835	1er Sinois	bus_stop	platform			unofficial
10591223723	5.3100600	-4.0737364	2ème Sinois	bus_stop	platform			unofficial
10591223724	5.3091239	-4.0716603	Carrefour Behianian	bus_stop	platform			unofficial
10591223725	5.3083160	-4.0714619	Carrefour Ecole	bus_stop	platform			unofficial
10591223726	5.3073732	-4.0707859	Gare Panneau Stop	bus_stop	platform			unofficial
10591223727	5.3074453	-4.0698740	Beago Village	bus_stop	platform			unofficial
10591223728	5.3073746	-4.0698928	Beago Village	bus_stop	platform			unofficial
10591223729	5.3073265	-4.0709268	Gare Panneau Stop	bus_stop	platform			unofficial
10591223730	5.3083373	-4.0715960	Carrefour Ecole	bus_stop	platform			unofficial
10591223731	5.3090371	-4.0717167	Carrefour Behianian	bus_stop	platform			unofficial
10591223732	5.3100746	-4.0738745	2ème Sinois	bus_stop	platform			unofficial
10591223733	5.3105781	-4.0743828	1er Sinois	bus_stop	platform			unofficial
10591223734	5.3117719	-4.0755066	Carrefour Piment	bus_stop	platform			unofficial
10591223735	5.3125998	-4.0760082	Portail Alpi	bus_stop	platform			unofficial
10591223736	5.3142880	-4.0779008	Carrefour Marché Alpi	bus_stop	platform			unofficial
10591223737	5.3153853	-4.0777691	Carrefour Carrière	bus_stop	platform			unofficial
10591223738	5.3158433	-4.0776712	Diamant Noir	bus_stop	platform			unofficial
10591223739	5.3163908	-4.0775974	3ème Cocotier	bus_stop	platform			unofficial
10591223740	5.3169930	-4.0774673	Antenne	bus_stop	platform			unofficial
10591223741	5.3176634	-4.0773466	Carrefour 1er Cocotier	bus_stop	platform			unofficial
10591223742	5.3181094	-4.0773225	Mosquée Kaba	bus_stop	platform			unofficial
10591223743	5.3189173	-4.0786837	Carrefour 42 / Hôtel Paradis	bus_stop	platform			unofficial
10591223744	5.3213289	-4.0782841	Carrefour Kouté	bus_stop	platform			unofficial
10593702270	5.3414118	-4.0657246	Tantie Margot	bus_stop	platform			unofficial
10593702271	5.3465313	-4.0634367	Bel Air	bus_stop	platform			unofficial
10594422063	5.3238339	-4.0366521	Pharmacie Locodjro	bus_stop	platform			unofficial
10594422064	5.3244695	-4.0370585	Santé Locodjro	bus_stop	platform			unofficial
10594422065	5.3265480	-4.0369546	A l'Arrêt	bus_stop	platform			unofficial
10594422067	5.3344283	-4.0423599	Terrain en Haut	bus_stop	platform			unofficial
10594422068	5.3367463	-4.0425557	Sous le Pont	bus_stop	platform			unofficial
10594422069	5.3399557	-4.0446257	Dede	bus_stop	platform			unofficial
10594422070	5.3406854	-4.0458897	Commissariat du 28ᵉ Arrondissement	bus_stop	platform			unofficial
10594430758	5.3406707	-4.0457851	Commissariat du 28ᵉ Arrondissement	bus_stop	platform			unofficial
10594430759	5.3399697	-4.0442884	Dede	bus_stop	platform			unofficial
10594430760	5.3344356	-4.0422747	Terrain en Haut	bus_stop	platform			unofficial
10594430761	5.3265256	-4.0369106	A l'Arrêt	bus_stop	platform			unofficial
10594430762	5.3257181	-4.0370625	Marché	bus_stop	platform			unofficial
10594430763	5.3244789	-4.0369425	Santé Locodjro	bus_stop	platform			unofficial
10594430764	5.3238713	-4.0365757	Pharmacie Locodjro	bus_stop	platform			unofficial
10595017043	5.3371409	-4.1111002	Marché Bagnon	bus_stop	platform			unofficial
10595017044	5.3368698	-4.1106717	Espace Médical Eden	bus_stop	platform			unofficial
10595017045	5.3350165	-4.1084710	Immeuble Lièvre Rouge	bus_stop	platform			unofficial
10595017046	5.3327883	-4.1058919	Collège Atlantique-2	bus_stop	platform			unofficial
10595017047	5.3310913	-4.1068080	Saint Mathieu	bus_stop	platform			unofficial
10595017048	5.3269706	-4.0922141	Mairie de Yopougon - Annexe de Niangon	bus_stop	platform			unofficial
10595017049	5.3266848	-4.0916669	Carrefour Texaco - Saguidiba	bus_stop	platform			unofficial
10595017050	5.3262308	-4.0902105	Eglise Baptiste	bus_stop	platform			unofficial
10595017051	5.3262175	-4.0887447	Mosquée Aicha Niangon Sud de Yopougon	bus_stop	platform			unofficial
10595017052	5.3249983	-4.0876316	Église Saint-Pierre de Niangon	bus_stop	platform			unofficial
10595017053	5.3240843	-4.0848769	Marché Saint Pierre / Pont de Sideci	bus_stop	platform			unofficial
10595017054	5.3240529	-4.0831000	Carrefour Mandjo	bus_stop	platform			unofficial
10595017055	5.3253174	-4.0775786	Rond-point du Palais de justice	bus_stop	platform			unofficial
10595025279	5.3238633	-4.0830798	Carrefour Mandjo	bus_stop	platform			unofficial
10595025280	5.3242332	-4.0877362	Carrefour Saint Pierre	bus_stop	platform			unofficial
10595025281	5.3249997	-4.0877603	Église Saint-Pierre de Niangon	bus_stop	platform			unofficial
10595025282	5.3261280	-4.0887889	Mosquée Aicha Niangon Sud de Yopougon	bus_stop	platform			unofficial
10595025283	5.3261560	-4.0901005	Eglise Baptiste	bus_stop	platform			unofficial
10595025284	5.3268370	-4.0921108	Mairie de Yopougon - Annexe de Niangon	bus_stop	platform			unofficial
10595025285	5.3271428	-4.0927532	Bracodi	bus_stop	platform			unofficial
10595025287	5.3278332	-4.0981800	Carrefour Marché	bus_stop	platform			unofficial
10595025288	5.3284394	-4.1007704	Ancien terminus	bus_stop	platform			unofficial
10595025289	5.3339265	-4.1072358	Ecole primaire la prairie	bus_stop	platform			unofficial
10595025290	5.3349744	-4.1085126	Immeuble Lièvre Rouge	bus_stop	platform			unofficial
10595025291	5.3368311	-4.1107193	Espace Médical Eden	bus_stop	platform			unofficial
10595025292	5.3371176	-4.1111130	Marché Bagnon	bus_stop	platform			unofficial
10595917523	5.3559155	-4.0684779	Pharmacie Paloma	bus_stop	platform			unofficial
10595917524	5.3290537	-4.0758245	Cabine Bleue	bus_stop	platform			unofficial
10595928884	5.3437619	-4.0700376	2 poteaux	bus_stop	platform			unofficial
10595935676	5.3295250	-4.0754972	Carrefour Express	bus_stop	platform			unofficial
10595935677	5.3363925	-4.0733716	Après le pont	bus_stop	platform			unofficial
10596144281	5.3239568	-4.0848742	Marché Saint Pierre / Pont de Sideci	bus_stop	platform			unofficial
10596144282	5.3238953	-4.0875819	Carrefour Saint Pierre	bus_stop	platform			unofficial
10596144283	5.3239194	-4.0907456	CPPE Niangon	bus_stop	platform			unofficial
10596144284	5.3237885	-4.0925185	Carrefour Sodeci	bus_stop	platform			unofficial
10596144285	5.3219404	-4.0931408	Pharmacie Beyniouah	bus_stop	platform			unofficial
10596144286	5.3206879	-4.0939428	Carrefour Marché	bus_stop	platform			unofficial
10596144287	5.3185994	-4.0945852	Carrefour à droite	bus_stop	platform			unofficial
10596144288	5.3186342	-4.0963072	Super Sonia	bus_stop	platform			unofficial
10596144289	5.3191429	-4.0992576	Pharmacie des Espérances	bus_stop	platform			unofficial
10596144290	5.3194494	-4.1004693	CIE Lokoua	bus_stop	platform			unofficial
10596144291	5.3237892	-4.1066846	Carrefour Académie	bus_stop	platform			unofficial
10596176709	5.3234146	-4.1057110	Caistab	bus_stop	platform			unofficial
10596176710	5.3218443	-4.1033265	Carrefour Jatak	bus_stop	platform			unofficial
10596176711	5.3192190	-4.0992334	Pharmacie des Espérances	bus_stop	platform			unofficial
10596176712	5.3186943	-4.0962844	Super Sonia	bus_stop	platform			unofficial
10596176714	5.3207854	-4.0939763	Carrefour Marché	bus_stop	platform			unofficial
10596176715	5.3240903	-4.0924783	Carrefour Sodeci	bus_stop	platform			unofficial
10596176716	5.3240749	-4.0902125	Agefosyn	bus_stop	platform			unofficial
10596176717	5.3240916	-4.0873727	Petro Ivoire	bus_stop	platform			unofficial
10596176718	5.3240796	-4.0857285	Garage	bus_stop	platform			unofficial
10597450670	5.3861034	-4.0768008	Cimaf	bus_stop	platform		no	unofficial
10600864020	5.3155622	-4.0786301	Centre Commercial	bus_stop	platform			unofficial
10600864021	5.3114467	-4.0786555	Kiosque	bus_stop	platform			unofficial
10600864022	5.3110241	-4.0785456	Boutique	bus_stop	platform			unofficial
10600864023	5.3110080	-4.0773922	Mambo	bus_stop	platform			unofficial
10600864024	5.3098850	-4.0761336	Gare Marché / Oulaï	bus_stop	platform			unofficial
10600864025	5.3109426	-4.0774164	Mambo	bus_stop	platform			unofficial
10600864026	5.3116230	-4.0787622	Kiosque	bus_stop	platform			unofficial
10600864027	5.3136000	-4.0786918	Bananier	bus_stop	platform			unofficial
10600864028	5.3138824	-4.0786267	No Limit	bus_stop	platform			unofficial
10600864029	5.3138790	-4.0787467	No Limit	bus_stop	platform			unofficial
10600864030	5.3141194	-4.0786515	Carrefour Marché	bus_stop	platform			unofficial
10600864031	5.3144305	-4.0787682	Carrefour Marché	bus_stop	platform			unofficial
10600864032	5.3157752	-4.0786783	Centre Commercial	bus_stop	platform			unofficial
10602193443	5.3342533	-4.0623236	Nouveau bureau	bus_stop	platform			unofficial
10602193444	5.3467890	-4.0724100	King Cash	bus_stop	platform			unofficial
10602267091	5.3786356	-4.0958686	Conteneur	bus_stop	platform			unofficial
10602267092	5.3803701	-4.0979970	3 poulets	bus_stop	platform			unofficial
10602267093	5.3800870	-4.0975007	Carreaux Cassé	bus_stop	platform			unofficial
10602267094	5.3811285	-4.0997015	Au Terrain	bus_stop	platform			unofficial
10602267095	5.3809001	-4.1017983	Menuiserie	bus_stop	platform			unofficial
10602318168	5.3780203	-4.0849290	Bonnet Rouge	bus_stop	platform			unofficial
10602318169	5.3788788	-4.0866468	Bonnet Rouge	bus_stop	platform			unofficial
10602318170	5.3802536	-4.0907644	Cemoi	bus_stop	platform			unofficial
10602318171	5.3818614	-4.0917104	Boutique	bus_stop	platform			unofficial
10602318172	5.3821590	-4.0923200	Poubelle	bus_stop	platform			unofficial
10602318173	5.3829239	-4.0937884	Carrefour Kpakpato	bus_stop	platform			unofficial
10602318174	5.3826420	-4.0932121	2 Poteaux	bus_stop	platform			unofficial
10602318175	5.3822291	-4.0922592	Poubelle	bus_stop	platform			unofficial
10602318176	5.3794669	-4.0889970	Cemoi	bus_stop	platform			unofficial
10602318177	5.3789441	-4.0864037	Bonnet Rouge	bus_stop	platform			unofficial
10602318178	5.3764628	-4.0817056	Deuxième	bus_stop	platform		no	unofficial
10602318179	5.3749149	-4.0787938	Au Premier	bus_stop	platform		no	unofficial
10602635517	5.3554251	-4.0813457	Carrefour Lycée	bus_stop	platform			unofficial
10602635518	5.3552181	-4.0875002	Carrefour Port Boët II	bus_stop	platform			unofficial
10602635519	5.3547917	-4.0993418	Oasis	bus_stop	platform			unofficial
10602635520	5.3497579	-4.1045380	Sacko	bus_stop	platform			unofficial
10602635521	5.3467708	-4.1061541	Poubelle	bus_stop	platform			unofficial
10602635522	5.3425265	-4.1085566	Moayé	bus_stop	platform			unofficial
10602635523	5.3380992	-4.1116642	Lièvre Rouge	bus_stop	platform			unofficial
10602635524	5.3371886	-4.1178498	Corridor	bus_stop	platform			unofficial
10602635525	5.3372628	-4.1198072	Nouveau Quartier	bus_stop	platform			unofficial
10602635526	5.3392375	-4.1221491	Carrefour Nouvelle Morgue	bus_stop	platform			unofficial
10602635527	5.3370386	-4.1290034	Km 17	bus_stop	platform			unofficial
10602635528	5.3363901	-4.1323465	Garage	bus_stop	platform			unofficial
10602635529	5.3361797	-4.1347542	Agnankou	bus_stop	platform			unofficial
10602635530	5.3417038	-4.1494155	Brinbresso	bus_stop	platform			unofficial
10602635531	5.3425575	-4.1517920	Cité	bus_stop	platform			unofficial
10602635550	5.3416917	-4.1491245	Brinbresso	bus_stop	platform			unofficial
10602635551	5.3406983	-4.1464898	Domag	bus_stop	platform			unofficial
10602635552	5.3399584	-4.1445342	Diallo	bus_stop	platform			unofficial
10602635553	5.3384131	-4.1404029	Marché Bagnon	bus_stop	platform			unofficial
10602635554	5.3383855	-4.1407666	Marché Bagnon	bus_stop	platform			unofficial
10602635555	5.3377422	-4.1386066	A l'Eglise	bus_stop	platform			unofficial
10602635556	5.3369954	-4.1365955	Cité Ado	bus_stop	platform			unofficial
10602635557	5.3362659	-4.1347040	Agnankou	bus_stop	platform			unofficial
10602635558	5.3365099	-4.1322954	Garage	bus_stop	platform			unofficial
10602635559	5.3393677	-4.1221023	Carrefour Nouvelle Morgue	bus_stop	platform			unofficial
10602635560	5.3373335	-4.1198124	Nouveau Quartier	bus_stop	platform			unofficial
10602635561	5.3373007	-4.1178516	Corridor	bus_stop	platform			unofficial
10602635562	5.3381950	-4.1116547	Lièvre Rouge	bus_stop	platform			unofficial
10602635563	5.3530925	-4.1033843	Bonikro 1er	bus_stop	platform			unofficial
10602635564	5.3550444	-4.0954154	A l'antenne	bus_stop	platform			unofficial
10602785066	5.3455952	-4.0515894	Lycée Jeune Fille	bus_stop	platform			unofficial
10602785067	5.3469732	-4.0547718	Escaliers	bus_stop	platform			unofficial
10602785068	5.3457114	-4.0524946	Phalène	bus_stop	platform			unofficial
10602785069	5.3470306	-4.0503234	Katianah	bus_stop	platform			unofficial
10602785070	5.3442453	-4.0483654	Colonel	bus_stop	platform			unofficial
10602785071	5.3441798	-4.0484552	Colonel	bus_stop	platform			unofficial
10602785072	5.3466274	-4.0495455	Zoro Marc	bus_stop	platform			unofficial
10602785073	5.3457621	-4.0484807	Carrefour Anonymat	bus_stop	platform			unofficial
10602785074	5.3459531	-4.0485947	Carrefour Anonymat	bus_stop	platform			unofficial
10602785075	5.3465152	-4.0495683	Zoro Marc	bus_stop	platform			unofficial
10602785076	5.3469585	-4.0503515	Katianah	bus_stop	platform			unofficial
10602785077	5.3457875	-4.0507807	Lavage	bus_stop	platform			unofficial
10602785078	5.3458489	-4.0509054	Lavage	bus_stop	platform			unofficial
10602785079	5.3457421	-4.0517262	Lycée Jeune Fille	bus_stop	platform			unofficial
10602785080	5.3455632	-4.0524155	Phalène	bus_stop	platform			unofficial
10602785081	5.3458983	-4.0530458	Pharmacie Afia	bus_stop	platform			unofficial
10602785082	5.3459130	-4.0532369	Pharmacie Afia	bus_stop	platform			unofficial
10602785083	5.3464311	-4.0538572	Au Terrain	bus_stop	platform			unofficial
10602785084	5.3465767	-4.0542676	Au Terrain	bus_stop	platform			unofficial
10602785085	5.3473084	-4.0553150	3 Cocotiers	bus_stop	platform			unofficial
10602785086	5.3473338	-4.0555644	3 Cocotiers	bus_stop	platform			unofficial
10602785087	5.3470240	-4.0576565	Saint Louis	bus_stop	platform			unofficial
10602785088	5.3467569	-4.0578872	Saint Louis	bus_stop	platform			unofficial
10602792730	5.3559319	-4.0911208	Station Shell du CHU	bus_stop	platform			unofficial
10602792731	5.3575575	-4.0931644	Cité Mamie Adjoua	bus_stop	platform			unofficial
10602792732	5.3581032	-4.0939261	Portail	bus_stop	platform			unofficial
10602792733	5.3584712	-4.0953415	Pharmacie Mamy Adjoa	bus_stop	platform			unofficial
10602792734	5.3584703	-4.0994467	Gesco Rond-Point	bus_stop	platform			unofficial
10602792736	5.3581648	-4.0938896	Portail	bus_stop	platform			unofficial
10602792737	5.3552947	-4.0874933	Carrefour Port Boët II	bus_stop	platform			unofficial
10602792738	5.3554823	-4.0809937	Carrefour Lycée	bus_stop	platform			unofficial
10602794012	5.3660505	-4.0975774	Poubelle	bus_stop	platform			unofficial
10602794013	5.3664704	-4.0999027	3 Feux	bus_stop	platform			unofficial
10602794014	5.3671510	-4.1015899	Terminus Gendarmerie	bus_stop	platform			unofficial
10602794016	5.3673626	-4.1014346	Terminus Gendarmerie	bus_stop	platform			unofficial
10602794017	5.3663221	-4.0972560	Fourrière	bus_stop	platform			unofficial
10602794018	5.3662815	-4.0942267	2ème	bus_stop	platform			unofficial
10602794019	5.3558026	-4.0668164	Sable	bus_stop	platform			unofficial
10604433750	5.3474579	-4.0829719	Pharmacie Maison Blanche	bus_stop	platform			unofficial
10604433751	5.3469599	-4.0908971	Carrefour Maquis	bus_stop	platform			unofficial
10604433752	5.3469759	-4.0931810	Hôpital Port-Bouet 2	bus_stop	platform			unofficial
10604433753	5.3470280	-4.0945020	Au Marché	bus_stop	platform			unofficial
10604433754	5.3470226	-4.0929068	Hôpital Port-Bouet 2	bus_stop	platform			unofficial
10604433755	5.3470226	-4.0910219	Carrefour Maquis	bus_stop	platform			unofficial
10604433756	5.3470200	-4.0876423	Carrefour Koudous	bus_stop	platform			unofficial
10604433757	5.3477259	-4.0827132	Shell	bus_stop	platform			unofficial
10604433758	5.3478412	-4.0761222	Marché Gouro	bus_stop	platform			unofficial
10612175581	5.3469791	-4.0947009	Au Marché	bus_stop	platform			unofficial
10612175582	5.3496765	-4.0994525	SGBCI	bus_stop	platform		yes	unofficial
10612175583	5.3511512	-4.0953931	Hambol	bus_stop	platform			unofficial
10612175584	5.3499461	-4.0952318	Guichanrolin	bus_stop	platform			unofficial
10615098857	5.3256273	-4.0721351	Petit Paris	bus_stop	platform			unofficial
10615098858	5.3239861	-4.0654027	Carrefour Petit Toit Rouge	bus_stop	platform			unofficial
10615098859	5.3105193	-4.0441194	37 ème Arrondissement	bus_stop	platform			unofficial
10615098860	5.3238499	-4.0660545	Carrefour Petit Toit Rouge	bus_stop	platform			unofficial
10615098861	5.3254029	-4.0719634	Petit Paris	bus_stop	platform			unofficial
10615098862	5.3257087	-4.0731664	Carrefour Lycée	bus_stop	platform			unofficial
10649975463	5.3505451	-4.0634193	Garage	bus_stop	platform			unofficial
10649975464	5.3558006	-4.0661068	Pharmacie Sainte Rita	bus_stop	platform			unofficial
10741073224	5.3267489	-4.0628278	Collège Singa / Marché petit Toits Rouges	bus_stop	platform			unofficial
10741073225	5.3308643	-4.0639034	Carrefour CFOMIS	bus_stop	platform			unofficial
10741112442	5.3558767	-4.0687448	Auto Ecole	bus_stop	platform			unofficial
10741112443	5.3534225	-4.0687461	Police municipale de Wassakara	bus_stop	platform			unofficial
10741112444	5.3528818	-4.0682834	Hôpital de Wassakara	bus_stop	platform			unofficial
10741112445	5.3484587	-4.0678285	Carrefour Jean Baptiste de la Salle	bus_stop	platform			unofficial
10741112446	5.3459371	-4.0677778	Cité SIB	bus_stop	platform			unofficial
10741112447	5.3272083	-4.0603146	Pharmacie Chigata	bus_stop	platform			unofficial
10741112448	5.3233692	-4.0623356	Carrefour Camp militaire	bus_stop	platform			unofficial
10741112449	5.3209443	-4.0621412	Église catholique Sainte Marie Madeleine	bus_stop	platform			unofficial
10741354106	5.3362856	-4.1100092	Paris baguette	bus_stop	platform			unofficial
10741354107	5.3339682	-4.1071949	Ecole primaire la prairie	bus_stop	platform			unofficial
10741554214	5.3328206	-4.1059366	Collège Atlantique-2	bus_stop	platform			unofficial
10741554215	5.3356781	-4.1093662	Lièvre Rouge 2ème portail	bus_stop	platform			unofficial
10741554216	5.3362389	-4.1100454	Paris baguette	bus_stop	platform			unofficial
10833697589	5.3134150	-4.0888412	Carrefour Akwaba	bus_stop	platform			unofficial
10833697590	5.3055498	-4.0841085	Auto-école	bus_stop	platform			unofficial
10833697591	5.3058189	-4.0845229	Gabadrome	bus_stop	platform			unofficial
10833697592	5.3061053	-4.0849949	Monaco	bus_stop	platform			unofficial
10833697593	5.3110134	-4.0881465	Boulangerie	bus_stop	platform			unofficial
10833697594	5.3117699	-4.0883745	Carrefour Sicogi	bus_stop	platform			unofficial
10833697595	5.3128655	-4.0887232	Carrefour Calebasse	bus_stop	platform			unofficial
10833697596	5.3134304	-4.0889049	Carrefour Akwaba	bus_stop	platform			unofficial
10833741805	5.3261003	-4.1057733	Portail Caféier	bus_stop	platform			unofficial
10833741806	5.3266194	-4.1055393	Panneau	bus_stop	platform			unofficial
10833741807	5.3292112	-4.1044463	Brouette	bus_stop	platform			unofficial
10833741809	5.3324587	-4.0908408	Carrefour Boby	bus_stop	platform			unofficial
10833741810	5.3368188	-4.0838148	Pharmacie Tereza	bus_stop	platform			unofficial
10833741811	5.3395865	-4.0835526	Terminus 47	bus_stop	platform			unofficial
10833741812	5.3395838	-4.0817830	Église Evangelique	bus_stop	platform			unofficial
10833741813	5.3420594	-4.0793368	PMI	bus_stop	platform			unofficial
10833774189	5.3395237	-4.0736331	Feu du Score (Wokouboué)	bus_stop	platform			unofficial
10833774190	5.3395264	-4.0795326	Pont Vagabond	bus_stop	platform			unofficial
10833774191	5.3395311	-4.0817709	Église Evangelique	bus_stop	platform			unofficial
10833774192	5.3393975	-4.0837571	Carrefour Terminus 47	bus_stop	platform			unofficial
10833774193	5.3367063	-4.0837035	Pharmacie Tereza	bus_stop	platform			unofficial
10833774194	5.3354337	-4.0859525	Poubelle	bus_stop	platform			unofficial
10833774195	5.3354478	-4.0894394	Bon Prix	bus_stop	platform			unofficial
10833774196	5.3341078	-4.0907805	Carrefour Policiers	bus_stop	platform		yes	
10833774197	5.3308563	-4.0907389	Station Shell	bus_stop	platform			unofficial
10833774198	5.3290790	-4.0907805	Carrefour Menuiserie	bus_stop	platform			unofficial
10833774199	5.3297841	-4.1039756	Lubafrique	bus_stop	platform			unofficial
10833774200	5.3291044	-4.1044383	Brouette	bus_stop	platform			unofficial
10833774201	5.3281657	-4.1048124	Station First Petroleum	bus_stop	platform			unofficial
10833774202	5.3265540	-4.1054924	Panneau	bus_stop	platform			unofficial
10833774203	5.3254456	-4.1059598	Saint Chamel	bus_stop	platform			unofficial
10836653666	5.3564616	-4.0448865	SI béton	bus_stop	platform			unofficial
10836653667	5.3418258	-4.0458696	Garage	bus_stop	platform			unofficial
10836653668	5.3330342	-4.0534790	Pharmacie Yacine	bus_stop	platform			unofficial
10836688908	5.3266074	-4.0547182	CIE	bus_stop	platform			unofficial
10836688909	5.3312596	-4.0561156	FSUCOM toît rouge	bus_stop	platform			
10836688910	5.3579731	-4.0452755	Carrefour Policier	bus_stop	platform			unofficial
10836688911	5.3615489	-4.0421440	Au Banco	bus_stop	platform			unofficial
10836730163	5.3613940	-4.0421748	Au Banco	bus_stop	platform			unofficial
10836754149	5.3271749	-4.0604004	Pharmacie Chigata	bus_stop	platform			unofficial
10836754150	5.3409558	-4.0467373	Mossikro	bus_stop	platform			unofficial
10837332170	5.3358770	-4.1121161	Carrefour Mosquée	bus_stop	platform			unofficial
10837332171	5.3323045	-4.1104659	Carrefour Cité Verte	bus_stop	platform			unofficial
10837332172	5.3284822	-4.1103888	Boutique	bus_stop	platform			unofficial
10837332173	5.3277317	-4.1101232	Pharmacie de la Cité Verte	bus_stop	platform			unofficial
10837332174	5.3270721	-4.1098751	Mosquée Rahma	bus_stop	platform			unofficial
10837332175	5.3257615	-4.1096458	Boulangerie Carrefour	bus_stop	platform			unofficial
10837332176	5.3229152	-4.1108702	Fin Goudron	bus_stop	platform			unofficial
10837332177	5.3229927	-4.1109185	Fin Goudron	bus_stop	platform			unofficial
10837332178	5.3237992	-4.1094929	Carrefour Chambéry	bus_stop	platform			unofficial
10837332179	5.3246271	-4.1095915	Chambéry	bus_stop	platform			unofficial
10837332180	5.3258429	-4.1097122	Boulangerie Carrefour	bus_stop	platform			unofficial
10837332181	5.3272049	-4.1099730	Mosquée Rahma	bus_stop	platform			unofficial
10837332182	5.3277497	-4.1101889	Pharmacie de la Cité Verte	bus_stop	platform			unofficial
10837332183	5.3285262	-4.1104605	Boutique	bus_stop	platform			unofficial
10837332184	5.3311060	-4.1106704	Clinique médicale Saint Mathieu	bus_stop	platform			unofficial
10837332185	5.3316548	-4.1106141	Carrefour Sebaco	bus_stop	platform			unofficial
10837332186	5.3323372	-4.1105363	Carrefour Cité Verte	bus_stop	platform			unofficial
10837332187	5.3371339	-4.1111331	Marché Bagnon	bus_stop	platform			unofficial
10837447849	5.3356968	-4.1093105	Lièvre Rouge 2ème portail	bus_stop	platform			unofficial
10837447850	5.3260505	-4.1056922	Portail Caféier	bus_stop	platform			unofficial
10837447851	5.3207807	-4.1018727	Carrefour Délice	bus_stop	platform			unofficial
10837452825	5.3207633	-4.1019092	Carrefour Délice	bus_stop	platform			unofficial
10837452826	5.3232210	-4.1055299	Caistab	bus_stop	platform			unofficial
10839915214	5.3315129	-4.1119409	Terminus 44	bus_stop	platform			unofficial
10839915215	5.3273831	-4.0953442	Cité Sopim	bus_stop	platform			unofficial
10839915216	5.3255599	-4.0923919	Carrefour Bar Éclat	bus_stop	platform			unofficial
10839915217	5.3156460	-4.0915348	Allocodrome	bus_stop	platform			unofficial
10839915218	5.3185157	-4.0947007	Carrefour à droite	bus_stop	platform		yes	unofficial
10839915219	5.3314003	-4.1037245	Carrefour Lièvre Rouge	bus_stop	platform			unofficial
10846895574	5.3453495	-4.0372060	Gare Attecoube	bus_stop	platform			unofficial
10855620536	5.3413450	-4.0462089	Sibeco / Garage	bus_stop	platform			unofficial
10855620537	5.3511179	-4.0454820	Depôt	bus_stop	platform			unofficial
10855652619	5.3305185	-4.0567580	B.A.E	bus_stop	platform			unofficial
10855669258	5.3547882	-4.0533918	Carrefour Choco	bus_stop	platform			unofficial
10855691513	5.3569797	-4.0451226	SI béton	bus_stop	platform			unofficial
10855886533	5.3588276	-4.0453747	Carrefour Policier	bus_stop	platform			unofficial
10855886534	5.3602095	-4.0417205	Complexe sportif d'Attecoubé	bus_stop	platform			unofficial
10855886535	5.3574815	-4.0526123	Garage Massa	bus_stop	platform			unofficial
10855886536	5.3566138	-4.0656904	SANgel Yopougon	bus_stop	platform			unofficial
10855886537	5.3585486	-4.0953510	Pharmacie Mamy Adjoa	bus_stop	platform			unofficial
10855886549	5.3588523	-4.0456796	Carrefour Policier	bus_stop	platform			unofficial
10856127538	5.3424707	-4.0571429	Garage	bus_stop	platform			unofficial
10856127539	5.3297440	-4.0501785	Pharmacie Tizra	bus_stop	platform			unofficial
10856127540	5.3268451	-4.0499304	La Référence	bus_stop	platform			unofficial
10856127541	5.3260652	-4.0491781	Carrefour Sebgé	bus_stop	platform			unofficial
10856127542	5.3223223	-4.0550588	Yopougon Kowëit	bus_stop	platform			unofficial
10856127544	5.3232410	-4.0560921	Collège Saint Augustin	bus_stop	platform			unofficial
10856127545	5.3234120	-4.0563221	La Joie	bus_stop	platform			unofficial
10856127546	5.3234881	-4.0565595	Lavage	bus_stop	platform			unofficial
10856127547	5.3235281	-4.0588957	Pharmace Carrefour Gandhi	bus_stop	platform			unofficial
10856127548	5.3427551	-4.0595073	Au Tournant	bus_stop	platform			unofficial
10856127549	5.3420154	-4.0458903	Garage Lagunaire	bus_stop	platform			unofficial
10856127550	5.3518096	-4.0456027	2eme Terrain	bus_stop	platform			unofficial
10857026951	5.3659364	-4.0918989	A la sortie	bus_stop	platform			unofficial
10857026954	5.3495490	-4.0993890	SGBCI	bus_stop	platform		yes	
10857026955	5.3484060	-4.0993783	Libanais Ecole	bus_stop	platform		yes	
10857026956	5.3461828	-4.0997967	Petroci	bus_stop	platform		yes	
10857026958	5.3384368	-4.1003962	Eglise Saint Pierre-Marie	bus_stop	platform		yes	
10857026959	5.3363711	-4.1008937	Pharmacie Anador	bus_stop	platform		yes	
10857026960	5.3312262	-4.1036376	Carrefour Lièvre Rouge	bus_stop	platform		yes	
10857026962	5.3244328	-4.1063869	Carrefour Académie	bus_stop	platform		yes	
10857026964	5.3273338	-4.0936504	Boulangerie	bus_stop	platform		yes	
10857026965	5.3298735	-4.0908422	Boulangerie	bus_stop	platform		yes	
10857026966	5.3422677	-4.0892503	Eglise	bus_stop	platform		yes	
10857026967	5.3473391	-4.0874894	Mosquée Koudous	bus_stop	platform		yes	
10857026968	5.3584004	-4.0853772	Carrefour CHU	bus_stop	platform		yes	
10860881261	5.3439809	-4.1004901	Carrefour petit canari	bus_stop	platform		yes	
10860881262	5.3462295	-4.0998691	Petroci	bus_stop	platform		yes	
10860881263	5.3483058	-4.0994722	Libanais Ecole	bus_stop	platform		yes	
10860881265	5.3556858	-4.0994775	Oasis	bus_stop	platform			unofficial
10861149962	5.3540383	-4.1029250	Cité Nawa	bus_stop	platform			unofficial
10861149963	5.3509413	-4.1041046	Station Pétro Ivoire	bus_stop	platform			unofficial
10861149964	5.3483266	-4.1052484	Arouna Koné	bus_stop	platform			unofficial
10861149965	5.3447506	-4.1073251	Barrique	bus_stop	platform			unofficial
10861149966	5.3448153	-4.1073991	Barrique	bus_stop	platform			unofficial
10861149967	5.3488881	-4.1050499	Bonikro	bus_stop	platform			unofficial
10861149968	5.3508821	-4.1042078	Station Pétro Ivoire	bus_stop	platform			unofficial
10861156458	5.3657931	-4.0976121	Grand Carrefour	bus_stop	platform			unofficial
10861341108	5.3235775	-4.0590146	Pharmace Carrefour Gandhi	bus_stop	platform			unofficial
10862717380	5.3399459	-4.0732611	Score	bus_stop	platform			unofficial
10862788324	5.3298088	-4.0907478	Boulangerie	bus_stop	platform		yes	
10862788325	5.3243132	-4.0926041	Carrefour Sodeci	bus_stop	platform			unofficial
10862788326	5.3374814	-4.0793084	Pharmacie du Marché	bus_stop	platform			unofficial
10862788327	5.3423027	-4.0791784	PMI	bus_stop	platform			unofficial
10866049928	5.3377979	-4.1123334	Bagnon	bus_stop	platform			unofficial
10866049929	5.3468211	-4.1062272	Poubelle	bus_stop	platform			unofficial
10866078763	5.3636872	-4.0835019	Pont BAE	bus_stop	platform		no	unofficial
10868072350	5.3376864	-4.0892650	Cabine	bus_stop	platform			unofficial
10868072351	5.3502153	-4.0874820	Boulangerie	bus_stop	platform			unofficial
10868072352	5.3516707	-4.0874921	Ancienne Gare	bus_stop	platform			unofficial
10868072353	5.3532997	-4.0874974	Mosquée	bus_stop	platform			unofficial
10870880392	5.3234440	-4.0877724	Pharmacie les phalènes	bus_stop	platform			unofficial
10870880393	5.3220606	-4.0877844	Timotel	bus_stop	platform			unofficial
10871005531	5.3364165	-4.1009635	Pharmacie Anador	bus_stop	platform		yes	
10871005532	5.3384575	-4.1004787	Eglise Saint Pierre-Marie	bus_stop	platform		yes	
10872532549	5.3372925	-4.0792148	Pharmacie du Marché	bus_stop	platform			unofficial
10874106062	5.3713815	-4.0846342	Nestle	bus_stop	platform			unofficial
10874106063	5.3786784	-4.0941896	2eme Boutique	bus_stop	platform			unofficial
10874106064	5.3798947	-4.0936893	1ere Boutique	bus_stop	platform			unofficial
10874106065	5.3785208	-4.0941185	Boutique	bus_stop	platform			unofficial
10875026925	5.3577434	-4.0631416	Machine	bus_stop	platform			unofficial
11417460354	5.3018555	-4.0847160	Gare Lagunaire AZITO STL		platform			
